{"Algorithm Parameters": {"Threshold Value": 0.1, "Braching Factor": 17, "K": 19}, "Algorithm Performance": {"Silhouette Score": 0.2775014694560295}, "Clusters Content Analysis": {"Predictive Power": {"Global": {"Metrics": {"Class: Upgrade": {"Accuracy": 0.6428571428571429, "Precision": 0.76, "Recall": 0.9, "F1-Score": 0.8240963855421687}, "Class: Downgrade": {"Accuracy": 0.9090909090909091, "Precision": 0.76, "Recall": 0.6666666666666666, "F1-Score": 0.7102803738317756}}, "Confusion Matrix": {"predicted_down_AND_was_down": 10, "predicted_up_AND_was_up": 9, "predicted_no_change_AND_was_no_change": 1, "predicted_down_BUT_was_up": 1, "predicted_down_BUT_was_no_change": 786, "predicted_no_change_BUT_was_up": 0, "predicted_no_change_BUT_was_down": 0, "predicted_up_BUT_was_down": 5, "predicted_up_BUT_was_no_change": 629}}, "Restricted to jumps to or from below B-": {"Metrics": {"Class: Upgrade": "No element of this class", "Class: Downgrade": "No element of this class"}, "Confusion Matrix": {"predicted_down_AND_was_down": 0, "predicted_up_AND_was_up": 0, "predicted_no_change_AND_was_no_change": 1, "predicted_down_BUT_was_up": 0, "predicted_down_BUT_was_no_change": 797, "predicted_no_change_BUT_was_up": 0, "predicted_no_change_BUT_was_down": 0, "predicted_up_BUT_was_down": 0, "predicted_up_BUT_was_no_change": 643}}}, "Share of total companies in each clusters": [0.3275503122831367, 0.1325468424705066, 0.07217210270645386, 0.0659264399722415, 0.0006939625260235947, 0.020818875780707843, 0.009715475364330326, 0.0916030534351145, 0.0520471894517696, 0.041637751561415685, 0.01943095072866065, 0.03747397640527411, 0.08188757807078417, 0.0013879250520471894, 0.022900763358778626, 0.006245662734212352, 0.006245662734212352, 0.006245662734212352, 0.0034698126301179735, {"SUM": 0.9999999999999999}], "Clusters with significant ranges (count)": 16, "Significant Clusters (count)": 11, "Cluster Credit Ratings Shares": [{"1.0": 0.00423728813559322, "2.0": 0.00423728813559322, "3.0": 0.01059322033898305, "4.0": 0.00847457627118644, "5.0": 0.029661016949152543, "6.0": 0.04449152542372881, "7.0": 0.11228813559322035, "8.0": 0.12076271186440678, "9.0": 0.24364406779661016, "10.0": 0.04025423728813559, "11.0": 0.05508474576271186, "12.0": 0.07415254237288135, "13.0": 0.06991525423728813, "14.0": 0.06779661016949153, "15.0": 0.05296610169491525, "16.0": 0.03389830508474576, "17.0": 0.023305084745762712, "18.0": 0.00211864406779661, "20.0": 0.00211864406779661}, {"2.0": 0.005235602094240838, "3.0": 0.010471204188481676, "4.0": 0.010471204188481676, "5.0": 0.010471204188481676, "6.0": 0.05235602094240838, "7.0": 0.13612565445026178, "8.0": 0.13612565445026178, "9.0": 0.08900523560209424, "10.0": 0.08900523560209424, "11.0": 0.03664921465968586, "12.0": 0.08376963350785341, "13.0": 0.11518324607329843, "15.0": 0.09424083769633508, "17.0": 0.031413612565445025, "18.0": 0.005235602094240838, "20.0": 0.005235602094240838, "14.0": 0.06806282722513089, "16.0": 0.020942408376963352}, {"2.0": 0.009615384615384616, "3.0": 0.009615384615384616, "5.0": 0.019230769230769232, "7.0": 0.14423076923076922, "10.0": 0.14423076923076922, "11.0": 0.10576923076923077, "13.0": 0.07692307692307693, "14.0": 0.08653846153846154, "4.0": 0.009615384615384616, "6.0": 0.038461538461538464, "8.0": 0.057692307692307696, "9.0": 0.16346153846153846, "12.0": 0.057692307692307696, "15.0": 0.019230769230769232, "16.0": 0.019230769230769232, "17.0": 0.028846153846153848, "20.0": 0.009615384615384616}, {"4.0": 0.06315789473684211, "8.0": 0.16842105263157894, "9.0": 0.15789473684210525, "11.0": 0.10526315789473684, "14.0": 0.042105263157894736, "15.0": 0.021052631578947368, "3.0": 0.010526315789473684, "5.0": 0.031578947368421054, "6.0": 0.10526315789473684, "7.0": 0.10526315789473684, "10.0": 0.08421052631578947, "12.0": 0.05263157894736842, "13.0": 0.021052631578947368, "17.0": 0.031578947368421054}, {"5.0": 1.0}, {"5.0": 0.06666666666666667, "7.0": 0.1, "10.0": 0.13333333333333333, "14.0": 0.16666666666666666, "16.0": 0.03333333333333333, "6.0": 0.03333333333333333, "8.0": 0.03333333333333333, "9.0": 0.16666666666666666, "11.0": 0.1, "13.0": 0.1, "15.0": 0.03333333333333333, "17.0": 0.03333333333333333}, {"6.0": 0.2857142857142857, "5.0": 0.07142857142857142, "7.0": 0.2857142857142857, "8.0": 0.14285714285714285, "9.0": 0.07142857142857142, "12.0": 0.07142857142857142, "13.0": 0.07142857142857142}, {"6.0": 0.015151515151515152, "9.0": 0.19696969696969696, "11.0": 0.11363636363636363, "13.0": 0.07575757575757576, "14.0": 0.12121212121212122, "15.0": 0.030303030303030304, "17.0": 0.022727272727272728, "1.0": 0.007575757575757576, "5.0": 0.022727272727272728, "7.0": 0.015151515151515152, "8.0": 0.10606060606060606, "10.0": 0.09090909090909091, "12.0": 0.16666666666666666, "16.0": 0.015151515151515152}, {"7.0": 0.12, "9.0": 0.17333333333333334, "10.0": 0.16, "3.0": 0.013333333333333334, "5.0": 0.013333333333333334, "6.0": 0.08, "8.0": 0.05333333333333334, "11.0": 0.09333333333333334, "12.0": 0.10666666666666667, "13.0": 0.02666666666666667, "14.0": 0.02666666666666667, "15.0": 0.05333333333333334, "16.0": 0.05333333333333334, "17.0": 0.02666666666666667}, {"7.0": 0.08333333333333333, "9.0": 0.16666666666666666, "10.0": 0.1, "11.0": 0.1, "13.0": 0.13333333333333333, "15.0": 0.03333333333333333, "4.0": 0.016666666666666666, "5.0": 0.03333333333333333, "6.0": 0.03333333333333333, "8.0": 0.08333333333333333, "12.0": 0.08333333333333333, "14.0": 0.13333333333333333}, {"8.0": 0.17857142857142858, "9.0": 0.17857142857142858, "10.0": 0.14285714285714285, "14.0": 0.10714285714285714, "7.0": 0.07142857142857142, "12.0": 0.14285714285714285, "13.0": 0.07142857142857142, "15.0": 0.03571428571428571, "16.0": 0.07142857142857142}, {"8.0": 0.1111111111111111, "10.0": 0.24074074074074073, "5.0": 0.018518518518518517, "7.0": 0.07407407407407407, "9.0": 0.24074074074074073, "11.0": 0.05555555555555555, "12.0": 0.09259259259259259, "13.0": 0.05555555555555555, "14.0": 0.037037037037037035, "16.0": 0.037037037037037035, "17.0": 0.018518518518518517, "18.0": 0.018518518518518517}, {"8.0": 0.11864406779661017, "9.0": 0.13559322033898305, "14.0": 0.0423728813559322, "16.0": 0.00847457627118644, "2.0": 0.01694915254237288, "4.0": 0.00847457627118644, "5.0": 0.00847457627118644, "6.0": 0.00847457627118644, "7.0": 0.059322033898305086, "10.0": 0.3898305084745763, "11.0": 0.07627118644067797, "12.0": 0.06779661016949153, "13.0": 0.0423728813559322, "15.0": 0.01694915254237288}, {"1.0": 0.5, "3.0": 0.5}, {"2.0": 0.030303030303030304, "3.0": 0.030303030303030304, "4.0": 0.09090909090909091, "5.0": 0.09090909090909091, "6.0": 0.06060606060606061, "7.0": 0.030303030303030304, "8.0": 0.24242424242424243, "9.0": 0.09090909090909091, "10.0": 0.09090909090909091, "11.0": 0.030303030303030304, "12.0": 0.06060606060606061, "13.0": 0.030303030303030304, "14.0": 0.030303030303030304, "15.0": 0.030303030303030304, "17.0": 0.06060606060606061}, {"4.0": 0.1111111111111111, "7.0": 0.1111111111111111, "8.0": 0.3333333333333333, "9.0": 0.2222222222222222, "10.0": 0.1111111111111111, "11.0": 0.1111111111111111}, {"4.0": 0.1111111111111111, "6.0": 0.1111111111111111, "7.0": 0.2222222222222222, "8.0": 0.3333333333333333, "10.0": 0.1111111111111111, "11.0": 0.1111111111111111}, {"5.0": 0.2222222222222222, "6.0": 0.1111111111111111, "7.0": 0.2222222222222222, "9.0": 0.1111111111111111, "14.0": 0.1111111111111111, "15.0": 0.1111111111111111, "17.0": 0.1111111111111111}, {"6.0": 0.2, "8.0": 0.2, "9.0": 0.6}], "Share of total companies with given credit rating in each cluter": [{"1.0": 0.5, "2.0": 0.2857142857142857, "3.0": 0.4166666666666667, "4.0": 0.2, "5.0": 0.3684210526315789, "6.0": 0.3181818181818182, "7.0": 0.363013698630137, "8.0": 0.3333333333333333, "9.0": 0.4389312977099237, "10.0": 0.11801242236024845, "11.0": 0.26, "12.0": 0.29914529914529914, "13.0": 0.33, "14.0": 0.31683168316831684, "15.0": 0.3968253968253968, "16.0": 0.47058823529411764,