{"Algorithm Parameters": {"Threshold Value": 0.35, "Braching Factor": 67, "K": 15}, "Algorithm Performance": {"Calinski Harabasz Index": 116.42699039988055}, "Clusters Content Analysis": {"Predictive Power": {"Global": {"Metrics": {"Class: Upgrade": "No correct predictions for this class 1 false positives and 0 false negatives.", "Class: Downgrade": "No element of this class"}, "Confusion Matrix": {"predicted_down_AND_was_down": 0, "predicted_up_AND_was_up": 0, "predicted_no_change_AND_was_no_change": 2, "predicted_down_BUT_was_up": 0, "predicted_down_BUT_was_no_change": 94, "predicted_no_change_BUT_was_up": 0, "predicted_no_change_BUT_was_down": 0, "predicted_up_BUT_was_down": 1, "predicted_up_BUT_was_no_change": 32}}, "Restricted to jumps to or from below B-": {"Metrics": {"Class: Upgrade": "No element of this class", "Class: Downgrade": "No element of this class"}, "Confusion Matrix": {"predicted_down_AND_was_down": 0, "predicted_up_AND_was_up": 0, "predicted_no_change_AND_was_no_change": 2, "predicted_down_BUT_was_up": 0, "predicted_down_BUT_was_no_change": 94, "predicted_no_change_BUT_was_up": 0, "predicted_no_change_BUT_was_down": 0, "predicted_up_BUT_was_down": 0, "predicted_up_BUT_was_no_change": 33}}}, "Share of total companies in each clusters": [0.16279069767441862, 0.5891472868217055, 0.10852713178294573, 0.13953488372093023, {"SUM": 1.0}], "Clusters with significant ranges (count)": 4, "Significant Clusters (count)": 1, "Cluster Credit Ratings Shares": [{"BBB": 0.2857142857142857, "BBB-": 0.14285714285714285, "A": 0.047619047619047616, "A-": 0.14285714285714285, "BBB+": 0.19047619047619047, "BB+": 0.047619047619047616, "BB-": 0.09523809523809523, "CC": 0.047619047619047616}, {"BB": 0.02631578947368421, "B": 0.06578947368421052, "BBB": 0.8552631578947368, "BB+": 0.039473684210526314, "B+": 0.013157894736842105}, {"AA-": 0.21428571428571427, "A+": 0.14285714285714285, "BBB+": 0.07142857142857142, "BBB": 0.2857142857142857, "BBB-": 0.14285714285714285, "BB": 0.07142857142857142, "B+": 0.07142857142857142}, {"A": 0.05555555555555555, "A-": 0.05555555555555555, "BBB+": 0.05555555555555555, "BBB": 0.16666666666666666, "BBB-": 0.2222222222222222, "BB+": 0.05555555555555555, "BB": 0.16666666666666666, "BB-": 0.05555555555555555, "B": 0.05555555555555555, "CCC+": 0.05555555555555555, "CCC": 0.05555555555555555}], "Share of total companies with given credit rating in each cluter": [{"BBB": 0.07692307692307693, "BBB-": 0.3333333333333333, "A": 0.5, "A-": 0.75, "BBB+": 0.6666666666666666, "BB+": 0.2, "BB-": 0.6666666666666666, "CC": 1.0}, {"BB": 0.3333333333333333, "B": 0.8333333333333334, "BBB": 0.8333333333333334, "BB+": 0.6, "B+": 0.5}, {"AA-": 1.0, "A+": 1.0, "BBB+": 0.16666666666666666, "BBB": 0.05128205128205128, "BBB-": 0.2222222222222222, "BB": 0.16666666666666666, "B+": 0.5}, {"A": 0.5, "A-": 0.25, "BBB+": 0.16666666666666666, "BBB": 0.038461538461538464, "BBB-": 0.4444444444444444, "BB+": 0.2, "BB": 0.5, "BB-": 0.3333333333333333, "B": 0.16666666666666666, "CCC+": 1.0, "CCC": 1.0}], "Cluster ranges": [14.0, 6.0, 10.0, 12.0], "Cluster metrics of location and dispersion": [{"Mean": 9.523809523809524, "Median": 9.0, "1st Quartile": 8.0, "3rd Quartile": 10.0, "Standard Deviation": 2.921497457176756, "Is Signficant": false}, {"Mean": 9.618421052631579, "Median": 9.0, "1st Quartile": 9.0, "3rd Quartile": 9.0, "Standard Deviation": 1.646104694367872, "Is Signficant": false}, {"Mean": 8.0, "Median": 9.0, "1st Quartile": 5.0, "3rd Quartile": 9.75, "Standard Deviation": 3.0472470011002204, "Is Signficant": false}, {"Mean": 11.0, "Median": 10.0, "1st Quartile": 9.0, "3rd Quartile": 12.0, "Standard Deviation": 3.1091263510296048, "Is Signficant": true}], "Cluster entropies": [2.7247198033190516, 0.8555796736613509, 2.610577243331642, 3.197159723424149], "Maximum entropy": 3.197159723424149, "Weighted average entropy": 1.6770552519088406, "Incoherencies explanations": {"CLUSTER 0": {"RATING BBB-": [{"Leverage": {"Comparison": "Cluster elements in lower half", "Credit Rating Statistics": {"Mean": 0.1876001969487559, "Median": 0.19593016976252448, "1st Quartile": 0.1768056913995265, "3rd Quartile": 0.2059814183910709, "Standard Deviation": 0.023182338809203833}, "Cluster Statistics": {"Mean": 0.18421654576489144, "Median": 0.1863679305810255, "1st Quartile": 0.1744576613768678, "3rd Quartile": 0.1961268149690491, "Standard Deviation": 0.012557117710553576}}}, {"Financial Statement Lines": {"Comparison": "Cluster elements in upper half", "Credit Rating Statistics": {"Mean": 0.017415624251551003, "Median": 0.013263717513959297, "1st Quartile": 0.008253703664181645, "3rd Quartile": 0.027709664628701274, "Standard Deviation": 0.010767689806314885}, "Cluster Statistics": {"Mean": 0.015885964547714335, "Median": 0.01478896218774817, "1st Quartile": 0.011511855432134406, "3rd Quartile": 0.019163071303328102, "Standard Deviation": 0.00773935538881037}}}, {"Industry Risk": {"Comparison": "Cluster elements in highest 75%", "Credit Rating Statistics": {"Mean": 0.17777777777777776, "Median": 0.2, "1st Quartile": 0.2, "3rd Quartile": 0.2, "Standard Deviation": 0.10304020550550783}, "Cluster Statistics": {"Mean": 0.25, "Median": 0.25, "1st Quartile": 0.2, "3rd Quartile": 0.3, "Standard Deviation": 0.04999999999999999}}}, {"Country Risk": {"Comparison": "Cluster elements in upper half", "Credit Rating Statistics": {"Mean": 0.27530984230537725, "Median": 0.3003803012712097, "1st Quartile": 0.23414322482144087, "3rd Quartile": 0.3241759209581622, "Standard Deviation": 0.07160355918218768}, "Cluster Statistics": {"Mean": 0.3185244487878907, "Median": 0.3241759209581622, "1st Quartile": 0.3016677469239819, "3rd Quartile": 0.34103262282207103, "Standard Deviation": 0.055956465637451366}}}, {"Country Diversification": {"Comparison": "Cluster elements in lowest 25%", "Credit Rating Statistics": {"Mean": 0.3785463000611945, "Median": 0.4733763407825273, "1st Quartile": 0.2999034835768344, "3rd Quartile": 0.5281978426914243, "Standard Deviation": 0.18810444440175084}, "Cluster Statistics": {"Mean": 0.20106595708369712, "Median": 0.21688053890515413, "1st Quartile": 0.10039319567510543, "3rd Quartile": 0.31755330031374585, "Standard Deviation": 0.14441447880126718}}}]}, "CLUSTER 1": {"RATING BBB": [{"Leverage": {"Comparison": "Cluster elements in upper half", "Credit Rating Statistics": {"Mean": 0.20386406693527706, "Median": 0.19105444180167339, "1st Quartile": 0.19105444180167339, "3rd Quartile": 0.2303909836939539, "Standard Deviation": 0.02468785137270525}, "Cluster Statistics": {"Mean": 0.21007288582586398, "Median": 0.19105444180167339, "1st Quartile": 0.19105444180167339, "3rd Quartile": 0.2303909836939539, "Standard Deviation": 0.020196907823956525}}}, {"Financial Statement Lines": {"Comparison": "Cluster elements in upper half", "Credit Rating Statistics": {"Mean": 0.025115916679908156, "Median": 0.02035190004796314, "1st Quartile": 0.00677352973883116, "3rd Quartile": 0.035554783003301255, "Standard Deviation": 0.02310705205021242}, "Cluster Statistics": {"Mean": 0.02110204881491473, "Median": 0.017127165221220153, "1st Quartile": 0.00677352973883116, "3rd Quartile": 0.035554783003301255, "Standard Deviation": 0.014288142045048588}}}, {"Industry Risk": {"Comparison": "Cluster elements in lower half", "Credit Rating Statistics": {"Mean": 0.24358974358974367, "Median": 0.3, "1st Quartile": 0.1, "3rd Quartile": 0.4, "Standard Deviation": 0.1455227038324381}, "Cluster Statistics": {"Mean": 0.25076923076923086, "Median": 0.3, "1st Quartile": 0.1, "3rd Quartile": 0.4, "Standard Deviation": 0.14896884230043328}}}, {"Country Risk": {"Comparison": "Cluster elements in lowest 25%", "Credit Rating Statistics": {"Mean": 0.32080638819048685, "Median": 0.3241759209581622, "1st Quartile": 0.3241759209581622, "3rd Quartile": 0.3241759209581622, "Standard Deviation": 0.017316326242297817}, "Cluster Statistics": {"Mean": 0.3232367706862146, "Median": 0.3241759209581622,