{"Algorithm Parameters": {"Eps": 0.1, "MinPts": 18, "K": 1}, "Algorithm Performance": {"Silhouette Score": 0.261}, "Clusters Content Analysis": {"Predictive Power": {"Global": {"Metrics": {"Class: Upgrade": {"Accuracy": 0.6086956521739131, "Precision": 0.6842105263157895, "Recall": 0.8235294117647058, "F1-Score": 0.7474332648870635}, "Class: Downgrade": {"Accuracy": 0.8, "Precision": 0.6842105263157895, "Recall": 0.5714285714285714, "F1-Score": 0.622754491017964}}, "Confusion Matrix": {"predicted_down_AND_was_down": 12, "predicted_up_AND_was_up": 14, "predicted_no_change_AND_was_no_change": 0, "predicted_down_BUT_was_up": 3, "predicted_down_BUT_was_no_change": 600, "predicted_no_change_BUT_was_up": 0, "predicted_no_change_BUT_was_down": 0, "predicted_up_BUT_was_down": 9, "predicted_up_BUT_was_no_change": 460}}, "Restricted to jumps to or from below B-": {"Metrics": {"Class: Upgrade": "No element of this class", "Class: Downgrade": "No element of this class"}, "Confusion Matrix": {"predicted_down_AND_was_down": 0, "predicted_up_AND_was_up": 0, "predicted_no_change_AND_was_no_change": 0, "predicted_down_BUT_was_up": 0, "predicted_down_BUT_was_no_change": 615, "predicted_no_change_BUT_was_up": 0, "predicted_no_change_BUT_was_down": 0, "predicted_up_BUT_was_down": 0, "predicted_up_BUT_was_no_change": 483}}}, "Share of total companies in each clusters": [0.773224043715847, 0.226775956284153, {"SUM": 1.0}], "Clusters with significant ranges (count)": 2, "Significant Clusters (count)": 2, "Cluster Credit Ratings Shares": [{"AA-": 0.005889281507656066, "A+": 0.005889281507656066, "A": 0.03180212014134275, "A-": 0.10129564193168433, "BBB+": 0.10482921083627797, "BBB": 0.2061248527679623, "BBB-": 0.11778563015312132, "BB+": 0.071849234393404, "BB": 0.08833922261484099, "BB-": 0.071849234393404, "B+": 0.08244994110718493, "B": 0.050647820965842166, "B-": 0.028268551236749116, "CCC-": 0.007067137809187279, "CCC+": 0.02120141342756184, "CCC": 0.002355712603062426, "CC": 0.001177856301531213, "D": 0.001177856301531213}, {"A": 0.040160642570281124, "A-": 0.08032128514056225, "BBB+": 0.14056224899598393, "BBB": 0.17670682730923695, "BBB-": 0.14056224899598393, "BB+": 0.0963855421686747, "BB": 0.08433734939759036, "B+": 0.0321285140562249, "CCC+": 0.008032128514056224, "AAA": 0.008032128514056224, "AA+": 0.008032128514056224, "AA": 0.004016064257028112, "AA-": 0.028112449799196786, "A+": 0.028112449799196786, "BB-": 0.07630522088353414, "B": 0.008032128514056224, "B-": 0.01606425702811245, "CCC": 0.012048192771084338, "CC": 0.004016064257028112, "D": 0.008032128514056224}], "Share of total companies with given credit rating in each cluter": [{"AA-": 0.4166666666666667, "A+": 0.4166666666666667, "A": 0.7297297297297297, "A-": 0.8113207547169812, "BBB+": 0.717741935483871, "BBB": 0.7990867579908676, "BBB-": 0.7407407407407407, "BB+": 0.7176470588235294, "BB": 0.78125, "BB-": 0.7625, "B+": 0.8974358974358975, "B": 0.9555555555555556, "B-": 0.8571428571428571, "CCC-": 1.0, "CCC+": 0.9, "CCC": 0.4, "CC": 0.5, "D": 0.3333333333333333}, {"A": 0.2702702702702703, "A-": 0.18867924528301888, "BBB+": 0.28225806451612906, "BBB": 0.2009132420091324, "BBB-": 0.25925925925925924, "BB+": 0.2823529411764706, "BB": 0.21875, "B+": 0.10256410256410256, "CCC+": 0.1, "AAA": 1.0, "AA+": 1.0, "AA": 1.0, "AA-": 0.5833333333333334, "A+": 0.5833333333333334, "BB-": 0.2375, "B": 0.044444444444444446, "B-": 0.14285714285714285, "CCC": 0.6, "CC": 0.5, "D": 0.6666666666666666}], "Cluster ranges": [18.0, 21.0], "Cluster metrics of location and dispersion": [{"Mean": 10.56183745583039, "Median": 10.0, "1st Quartile": 9.0, "3rd Quartile": 13.0, "Standard Deviation": 2.9688217976824527, "Is Signficant": true}, {"Mean": 9.714859437751004, "Median": 9.0, "1st Quartile": 8.0, "3rd Quartile": 11.0, "Standard Deviation": 3.1993693028572907, "Is Signficant": true}], "Cluster entropies": [3.4815101087219382, 3.5906489589159953], "Maximum entropy": 3.5906489589159953, "Weighted average entropy": 3.5062601758424483, "Incoherencies explanations": {"CLUSTER 0": {}, "CLUSTER 1": {"RATING BBB": [{"Leverage": {"Comparison": "Cluster elements in upper half", "Credit Rating Statistics": {"Mean": 0.1334278749863088, "Median": 0.12837684120668252, "1st Quartile": 0.12726724230284114, "3rd Quartile": 0.1302754385536863, "Standard Deviation": 0.02133630786988075}, "Cluster Statistics": {"Mean": 0.1301875901074022, "Median": 0.12837684120668252, "1st Quartile": 0.1274097636553685, "3rd Quartile": 0.1302754385536863, "Standard Deviation": 0.011637419682201383}}}, {"Financial Statement Lines": {"Comparison": "Cluster elements in upper half", "Credit Rating Statistics": {"Mean": 0.08102461306621749, "Median": 0.0746736150324174, "1st Quartile": 0.07008748198088896, "3rd Quartile": 0.07669326745430169, "Standard Deviation": 0.03249163492988828}, "Cluster Statistics": {"Mean": 0.07529959746391228, "Median": 0.07238939270587898, "1st Quartile": 0.06956854670152944, "3rd Quartile": 0.07611642896936355, "Standard Deviation": 0.010435683286650474}}}, {"Industry Risk": {"Comparison": "Cluster elements in upper half", "Credit Rating Statistics": {"Mean": 0.09941884599418846, "Median": 0.09090909090909091, "1st Quartile": 0.045454545454545456, "3rd Quartile": 0.13636363636363635, "Standard Deviation": 0.0706669157575899}, "Cluster Statistics": {"Mean": 0.09454545454545456, "Median": 0.09090909090909091, "1st Quartile": 0.045454545454545456, "3rd Quartile": 0.13636363636363635, "Standard Deviation": 0.0686245366949735}}}, {"Country Risk": {"Comparison": "Cluster elements in lowest 25%", "Credit Rating Statistics": {"Mean": 0.24740521089364684, "Median": 0.25817297632308783, "1st Quartile": 0.2503200304640496, "3rd Quartile": 0.25817297632308783, "Standard Deviation": 0.035762423068972}, "Cluster Statistics": {"Mean": 0.2479087203936179, "Median": 0.25817297632308783, "1st Quartile": 0.25450622240867693, "3rd Quartile": 0.25817297632308783, "Standard Deviation": 0.026941551210133644}}}, {"Country Diversification": {"Comparison": "Cluster elements in upper half", "Credit Rating Statistics": {"Mean": 0.1814595618933089, "Median": 0.046528290716937426, "1st Quartile": 0.0, "3rd Quartile": 0.3551424289295478, "Standard Deviation": 0.21731640984854017}, "Cluster Statistics": {"Mean": 0.12562151926409632, "Median": 0.0, "1st Quartile": 0.0, "3rd Quartile": 0.26391357898400547, "Standard Deviation": 0.17233877750313464}}}]}}}}