{"Algorithm Parameters": {"Eps": 1.1, "MinPts": 1, "K": 60}, "Algorithm Performance": {"Calinski Harabasz Index": 68.252}, "Clusters Content Analysis": {"Predictive Power": {"Global": {"Metrics": {"Class: Upgrade": "No element of this class", "Class: Downgrade": "No element of this class"}, "Confusion Matrix": {"predicted_down_AND_was_down": 0, "predicted_up_AND_was_up": 0, "predicted_no_change_AND_was_no_change": 59, "predicted_down_BUT_was_up": 0, "predicted_down_BUT_was_no_change": 2, "predicted_no_change_BUT_was_up": 0, "predicted_no_change_BUT_was_down": 0, "predicted_up_BUT_was_down": 0, "predicted_up_BUT_was_no_change": 1}}, "Restricted to jumps to or from below B-": {"Metrics": {"Class: Upgrade": "No element of this class", "Class: Downgrade": "No element of this class"}, "Confusion Matrix": {"predicted_down_AND_was_down": 0, "predicted_up_AND_was_up": 0, "predicted_no_change_AND_was_no_change": 59, "predicted_down_BUT_was_up": 0, "predicted_down_BUT_was_no_change": 2, "predicted_no_change_BUT_was_up": 0, "predicted_no_change_BUT_was_down": 0, "predicted_up_BUT_was_down": 0, "predicted_up_BUT_was_no_change": 1}}}, "Share of total companies in each clusters": [0.016129032258064516, 0.016129032258064516, 0.016129032258064516, 0.016129032258064516, 0.016129032258064516, 0.016129032258064516, 0.04838709677419355, 0.016129032258064516, 0.016129032258064516, 0.016129032258064516, 0.016129032258064516, 0.016129032258064516, 0.016129032258064516, 0.016129032258064516, 0.016129032258064516, 0.016129032258064516, 0.016129032258064516, 0.016129032258064516, 0.016129032258064516, 0.016129032258064516, 0.016129032258064516, 0.016129032258064516, 0.016129032258064516, 0.016129032258064516, 0.016129032258064516, 0.016129032258064516, 0.016129032258064516, 0.016129032258064516, 0.016129032258064516, 0.016129032258064516, 0.016129032258064516, 0.016129032258064516, 0.016129032258064516, 0.016129032258064516, 0.016129032258064516, 0.016129032258064516, 0.016129032258064516, 0.016129032258064516, 0.016129032258064516, 0.016129032258064516, 0.016129032258064516, 0.016129032258064516, 0.016129032258064516, 0.016129032258064516, 0.016129032258064516, 0.016129032258064516, 0.016129032258064516, 0.016129032258064516, 0.016129032258064516, 0.016129032258064516, 0.016129032258064516, 0.016129032258064516, 0.016129032258064516, 0.016129032258064516, 0.016129032258064516, 0.016129032258064516, 0.016129032258064516, 0.016129032258064516, 0.016129032258064516, 0.016129032258064516, {"SUM": 0.9999999999999992}], "Clusters with significant ranges (count)": 0, "Significant Clusters (count)": 0, "Cluster Credit Ratings Shares": [{"AA": 1.0}, {"AA-": 1.0}, {"A+": 1.0}, {"A+": 1.0}, {"A": 1.0}, {"A": 1.0}, {"A-": 0.6666666666666666, "BBB+": 0.3333333333333333}, {"A-": 1.0}, {"A-": 1.0}, {"A-": 1.0}, {"A-": 1.0}, {"A-": 1.0}, {"A-": 1.0}, {"A-": 1.0}, {"BBB+": 1.0}, {"BBB+": 1.0}, {"BBB+": 1.0}, {"BBB+": 1.0}, {"BBB+": 1.0}, {"BBB+": 1.0}, {"BBB+": 1.0}, {"BBB+": 1.0}, {"BBB+": 1.0}, {"BBB+": 1.0}, {"BBB+": 1.0}, {"BBB+": 1.0}, {"BBB+": 1.0}, {"BBB+": 1.0}, {"BBB+": 1.0}, {"BBB+": 1.0}, {"BBB+": 1.0}, {"BBB+": 1.0}, {"BBB": 1.0}, {"BBB": 1.0}, {"BBB": 1.0}, {"BBB": 1.0}, {"BBB": 1.0}, {"BBB": 1.0}, {"BBB": 1.0}, {"BBB": 1.0}, {"BBB": 1.0}, {"BBB": 1.0}, {"BBB": 1.0}, {"BBB": 1.0}, {"BBB": 1.0}, {"BBB": 1.0}, {"BBB": 1.0}, {"BBB": 1.0}, {"BBB-": 1.0}, {"BBB-": 1.0}, {"BBB-": 1.0}, {"BBB-": 1.0}, {"BBB-": 1.0}, {"BB+": 1.0}, {"BB": 1.0}, {"BB": 1.0}, {"BB": 1.0}, {"BB": 1.0}, {"BB-": 1.0}, {"B+": 1.0}], "Share of total companies with given credit rating in each cluter": [{"AA": 1.0}, {"AA-": 1.0}, {"A+": 0.5}, {"A+": 0.5}, {"A": 0.5}, {"A": 0.5}, {"A-": 0.2222222222222222, "BBB+": 0.05263157894736842}, {"A-": 0.1111111111111111}, {"A-": 0.1111111111111111}, {"A-": 0.1111111111111111}, {"A-": 0.1111111111111111}, {"A-": 0.1111111111111111}, {"A-": 0.1111111111111111}, {"A-": 0.1111111111111111}, {"BBB+": 0.05263157894736842}, {"BBB+": 0.05263157894736842}, {"BBB+": 0.05263157894736842}, {"BBB+": 0.05263157894736842}, {"BBB+": 0.05263157894736842}, {"BBB+": 0.05263157894736842}, {"BBB+": 0.05263157894736842}, {"BBB+": 0.05263157894736842}, {"BBB+": 0.05263157894736842}, {"BBB+": 0.05263157894736842}, {"BBB+": 0.05263157894736842}, {"BBB+": 0.05263157894736842}, {"BBB+": 0.05263157894736842}, {"BBB+": 0.05263157894736842}, {"BBB+": 0.05263157894736842}, {"BBB+": 0.05263157894736842}, {"BBB+": 0.05263157894736842}, {"BBB+": 0.05263157894736842}, {"BBB": 0.0625}, {"BBB": 0.0625}, {"BBB": 0.0625}, {"BBB": 0.0625}, {"BBB": 0.0625}, {"BBB": 0.0625}, {"BBB": 0.0625}, {"BBB": 0.0625}, {"BBB": 0.0625}, {"BBB": 0.0625}, {"BBB": 0.0625}, {"BBB": 0.0625}, {"BBB": 0.0625}, {"BBB": 0.0625}, {"BBB": 0.0625}, {"BBB": 0.0625}, {"BBB-": 0.2}, {"BBB-": 0.2}, {"BBB-": 0.2}, {"BBB-": 0.2}, {"BBB-": 0.2}, {"BB+": 1.0}, {"BB": 0.25}, {"BB": 0.25}, {"BB": 0.25}, {"BB": 0.25}, {"BB-": 1.0}, {"B+": 1.0}], "Cluster ranges": [0.0, 0.0, 0.0, 0.0, 0.0, 0.0, 1.0, 0.0, 0.0, 0.0, 0.0, 0.0, 0.0, 0.0, 0.0, 0.0, 0.0, 0.0, 0.0, 0.0, 0.0, 0.0, 0.0, 0.0, 0.0, 0.0, 0.0, 0.0, 0.0, 0.0, 0.0, 0.0, 0.0, 0.0, 0.0, 0.0, 0.0, 0.0, 0.0, 0.0, 0.0, 0.0, 0.0, 0.0, 0.0, 0.0, 0.0, 0.0, 0.0, 0.0, 0.0, 0.0, 0.0, 0.0, 0.0, 0.0, 0.0, 0.0, 0.0, 0.0], "Cluster metrics of location and dispersion": [{"Mean": 3.0, "Median": 3.0, "1st Quartile": 3.0, "3rd Quartile": 3.0, "Standard Deviation": 0.0, "Is Signficant": false}, {"Mean": 4.0, "Median": 4.0, "1st Quartile": 4.0, "3rd Quartile": 4.0, "Standard Deviation": 0.0, "Is Signficant": false}, {"Mean": 5.0, "Median": 5.0, "1st Quartile": 5.0, "3rd Quartile": 5.0, "Standard Deviation": 0.0, "Is Signficant": false}, {"Mean": 5.0, "Median": 5.0, "1st Quartile": 5.0, "3rd Quartile": 5.0, "Standard Deviation": 0.0, "Is Signficant": false}, {"Mean": 6.0, "Median": 6.0, "1st Quartile": 6.0, "3rd Quartile": 6.0, "Standard Deviation": 0.0, "Is Signficant": false}, {"Mean": 6.0, "Median": 6.0, "1st Quartile": 6.0, "3rd Quartile": 6.0, "Standard Deviation": 0.0, "Is Signficant": false}, {"Mean": 7.333333333333333, "Median": 7.0, "1st Quartile": 7.0, "3rd Quartile": 7.5, "Standard Deviation": 0.4714045207910317, "Is Signficant": false}, {"Mean": 7.0, "Median": 7.0, "1st Quartile": 7.0, "3rd Quartile": 7.0, "Standard Deviation": 0.0, "Is Signficant": false}, {"Mean": 7.0, "Median": 7.0, "1st Quartile": 7.0, "3rd Quartile": 7.0, "Standard Deviation": 0.0, "Is Signficant": false}, {"Mean": 7.0, "Median": 7.0, "1st Quartile": 7.0, "3rd Quartile": 7.0, "Standard Deviation": 0.0, "Is Signficant": false}, {"Mean": 7.0, "Median": 7.0, "1st Quartile": 7.0, "3rd Quartile": 7.0, "Standard Deviation": 0.0, "Is Signficant": false}, {"Mean": 7.0, "Median": 7.0, "1st Quartile": 7.0, "3rd Quartile": 7.0, "Standard Deviation": 0.0, "Is Signficant": false}, {"Mean": 7.0, "Median": 7.0, "1st Quartile": 7.0, "3rd Quartile": 7.0, "Standard Deviation": 0.0, "Is Signficant": false}, {"Mean": 7.0, "Median": 7.0, "1st Quartile": 7.0, "3rd Quartile": 7.0, "Standard Deviation": 0.0, "Is Signficant": false}, {"Mean": 8.0, "Median": 8.0, "1st Quartile": 8.0, "3rd Quartile": 8.0, "Standard Deviation": 0.0, "Is Signficant": false}, {"Mean": 8.0, "Median": 8.0, "1st Quartile": 8.0, "3rd Quartile": 8.0, "Standard Deviation": 0.0, "Is Signficant": false}, {"Mean": 8.0, "Median": 8.0, "1st Quartile": 8.0, "3rd Quartile": 8.0, "Standard Deviation": 0.0, "Is Signficant": false}, {"Mean": 8.0, "Median": 8.0, "1st Quartile": 8.0, "3rd Quartile": 8.0, "Standard Deviation": 0.0, "Is Signficant": false}, {"Mean": 8.0, "Median": 8.0, "1st Quartile": 8.0, "3rd Quartile": 8.0, "Standard Deviation": 0.0, "Is Signficant": false}, {"Mean": 8.0, "Median": 8.0, "1st Quartile": 8.0, "3rd Quartile": 8.0, "Standard Deviation": 0.0, "Is Signficant": false}, {"Mean": 8.0, "Median": 8.0, "1st Quartile": 8.0, "3rd Quartile": 8.0, "Standard Deviation": 0.0, "Is Signficant": false}, {"Mean": 8.0, "Median": 8.0, "1st Quartile": 8.0, "3rd Quartile": 8.0,