{"Algorithm Parameters": {"Threshold Value": 0.8499999999999999, "Braching Factor": 12, "K": 2}, "Algorithm Performance": {"Calinski Harabasz Index": 55.05162873548185}, "Clusters Content Analysis": {"Predictive Power": {"Global": {"Metrics": {"Class: Upgrade": {"Accuracy": 0.7, "Precision": 0.7692307692307693, "Recall": 1.0, "F1-Score": 0.8695652173913044}, "Class: Downgrade": {"Accuracy": 1.0, "Precision": 0.7692307692307693, "Recall": 0.5, "F1-Score": 0.6060606060606061}}, "Confusion Matrix": {"predicted_down_AND_was_down": 3, "predicted_up_AND_was_up": 7, "predicted_no_change_AND_was_no_change": 0, "predicted_down_BUT_was_up": 0, "predicted_down_BUT_was_no_change": 313, "predicted_no_change_BUT_was_up": 0, "predicted_no_change_BUT_was_down": 0, "predicted_up_BUT_was_down": 3, "predicted_up_BUT_was_no_change": 270}}, "Restricted to jumps to or from below B-": {"Metrics": {"Class: Upgrade": "No element of this class", "Class: Downgrade": "No element of this class"}, "Confusion Matrix": {"predicted_down_AND_was_down": 0, "predicted_up_AND_was_up": 0, "predicted_no_change_AND_was_no_change": 0, "predicted_down_BUT_was_up": 0, "predicted_down_BUT_was_no_change": 316, "predicted_no_change_BUT_was_up": 0, "predicted_no_change_BUT_was_down": 0, "predicted_up_BUT_was_down": 0, "predicted_up_BUT_was_no_change": 280}}}, "Share of total companies in each clusters": [0.40268456375838924, 0.5973154362416108, {"SUM": 1.0}], "Clusters with significant ranges (count)": 2, "Significant Clusters (count)": 2, "Cluster Credit Ratings Shares": [{"AAA": 0.004166666666666667, "AA+": 0.008333333333333333, "AA": 0.0125, "AA-": 0.025, "A+": 0.025, "A": 0.06666666666666667, "A-": 0.1, "BBB+": 0.15, "BBB": 0.18333333333333332, "BBB-": 0.13333333333333333, "BB+": 0.075, "BB": 0.07916666666666666, "BB-": 0.05416666666666667, "B+": 0.06666666666666667, "B": 0.008333333333333333, "B-": 0.008333333333333333}, {"AAA": 0.0028089887640449437, "AA": 0.0056179775280898875, "AA-": 0.011235955056179775, "A+": 0.016853932584269662, "A": 0.03651685393258427, "A-": 0.09550561797752809, "BBB+": 0.14606741573033707, "BBB": 0.1853932584269663, "BBB-": 0.09269662921348315, "BB+": 0.09831460674157304, "BB": 0.11235955056179775, "BB-": 0.09550561797752809, "B+": 0.06179775280898876, "B": 0.02247191011235955, "B-": 0.011235955056179775, "CCC": 0.0056179775280898875}], "Share of total companies with given credit rating in each cluter": [{"AAA": 0.5, "AA+": 1.0, "AA": 0.6, "AA-": 0.6, "A+": 0.5, "A": 0.5517241379310345, "A-": 0.41379310344827586, "BBB+": 0.4090909090909091, "BBB": 0.4, "BBB-": 0.49230769230769234, "BB+": 0.33962264150943394, "BB": 0.3220338983050847, "BB-": 0.2765957446808511, "B+": 0.42105263157894735, "B": 0.2, "B-": 0.3333333333333333}, {"AAA": 0.5, "AA": 0.4, "AA-": 0.4, "A+": 0.5, "A": 0.4482758620689655, "A-": 0.5862068965517241, "BBB+": 0.5909090909090909, "BBB": 0.6, "BBB-": 0.5076923076923077, "BB+": 0.660377358490566, "BB": 0.6779661016949152, "BB-": 0.723404255319149, "B+": 0.5789473684210527, "B": 0.8, "B-": 0.6666666666666666, "CCC": 1.0}], "Cluster ranges": [15.0, 17.0], "Cluster metrics of location and dispersion": [{"Mean": 9.2375, "Median": 9.0, "1st Quartile": 8.0, "3rd Quartile": 11.0, "Standard Deviation": 2.7624434383349823, "Is Signficant": true}, {"Mean": 9.955056179775282, "Median": 9.5, "1st Quartile": 8.0, "3rd Quartile": 12.0, "Standard Deviation": 2.6948144642709324, "Is Signficant": true}], "Cluster entropies": [3.448470520953046, 3.4030076649450587], "Maximum entropy": 3.448470520953046, "Weighted average entropy": 3.4213148552838453, "Incoherencies explanations": {"CLUSTER 0": {}, "CLUSTER 1": {}}}}