{"Algorithm Parameters": {"Eps": 21.6, "MinPts": 30, "K": 1}, "Algorithm Performance": {"Silhouette Score": 0.782}, "Clusters Content Analysis": {"Predictive Power": {"Global": {"Metrics": {"Class: Upgrade": {"Accuracy": 0.7, "Precision": 0.7692307692307693, "Recall": 1.0, "F1-Score": 0.8695652173913044}, "Class: Downgrade": {"Accuracy": 1.0, "Precision": 0.7692307692307693, "Recall": 0.5, "F1-Score": 0.6060606060606061}}, "Confusion Matrix": {"predicted_down_AND_was_down": 3, "predicted_up_AND_was_up": 7, "predicted_no_change_AND_was_no_change": 1, "predicted_down_BUT_was_up": 0, "predicted_down_BUT_was_no_change": 312, "predicted_no_change_BUT_was_up": 0, "predicted_no_change_BUT_was_down": 0, "predicted_up_BUT_was_down": 3, "predicted_up_BUT_was_no_change": 270}}, "Restricted to jumps to or from below B-": {"Metrics": {"Class: Upgrade": "No element of this class", "Class: Downgrade": "No element of this class"}, "Confusion Matrix": {"predicted_down_AND_was_down": 0, "predicted_up_AND_was_up": 0, "predicted_no_change_AND_was_no_change": 1, "predicted_down_BUT_was_up": 0, "predicted_down_BUT_was_no_change": 315, "predicted_no_change_BUT_was_up": 0, "predicted_no_change_BUT_was_down": 0, "predicted_up_BUT_was_down": 0, "predicted_up_BUT_was_no_change": 280}}}, "Share of total companies in each clusters": [0.9983221476510067, 0.0016778523489932886, {"SUM": 1.0}], "Clusters with significant ranges (count)": 1, "Significant Clusters (count)": 1, "Cluster Credit Ratings Shares": [{"AAA": 0.0033613445378151263, "AA+": 0.0033613445378151263, "AA": 0.008403361344537815, "AA-": 0.01680672268907563, "A+": 0.018487394957983194, "A": 0.04873949579831933, "A-": 0.09747899159663866, "BBB+": 0.14789915966386555, "BBB": 0.18487394957983194, "BBB-": 0.1092436974789916, "BB+": 0.08907563025210084, "BB": 0.09915966386554621, "BB-": 0.07899159663865546, "B+": 0.06386554621848739, "B": 0.01680672268907563, "B-": 0.010084033613445379, "CCC": 0.0033613445378151263}, {"A+": 1.0}], "Share of total companies with given credit rating in each cluter": [{"AAA": 1.0, "AA+": 1.0, "AA": 1.0, "AA-": 1.0, "A+": 0.9166666666666666, "A": 1.0, "A-": 1.0, "BBB+": 1.0, "BBB": 1.0, "BBB-": 1.0, "BB+": 1.0, "BB": 1.0, "BB-": 1.0, "B+": 1.0, "B": 1.0, "B-": 1.0, "CCC": 1.0}, {"A+": 0.08333333333333333}], "Cluster ranges": [17.0, 0.0], "Cluster metrics of location and dispersion": [{"Mean": 9.673949579831932, "Median": 9.0, "1st Quartile": 8.0, "3rd Quartile": 12.0, "Standard Deviation": 2.7405287530323967, "Is Signficant": true}, {"Mean": 5.0, "Median": 5.0, "1st Quartile": 5.0, "3rd Quartile": 5.0, "Standard Deviation": 0.0, "Is Signficant": false}], "Cluster entropies": [3.4432464026051086, 0], "Maximum entropy": 3.4432464026051086, "Weighted average entropy": 3.437469143540335, "Incoherencies explanations": {"CLUSTER 0": {}}}}