{"Algorithm Parameters": {"Eps": 32.6, "MinPts": 1, "K": 53}, "Algorithm Performance": {"Calinski Harabasz Index": 3096488.945}, "Clusters Content Analysis": {"Predictive Power": {"Global": {"Metrics": {"Class: Upgrade": "No element of this class", "Class: Downgrade": "No element of this class"}, "Confusion Matrix": {"predicted_down_AND_was_down": 0, "predicted_up_AND_was_up": 0, "predicted_no_change_AND_was_no_change": 52, "predicted_down_BUT_was_up": 0, "predicted_down_BUT_was_no_change": 1, "predicted_no_change_BUT_was_up": 0, "predicted_no_change_BUT_was_down": 0, "predicted_up_BUT_was_down": 0, "predicted_up_BUT_was_no_change": 1}}, "Restricted to jumps to or from below B-": {"Metrics": {"Class: Upgrade": "No element of this class", "Class: Downgrade": "No element of this class"}, "Confusion Matrix": {"predicted_down_AND_was_down": 0, "predicted_up_AND_was_up": 0, "predicted_no_change_AND_was_no_change": 52, "predicted_down_BUT_was_up": 0, "predicted_down_BUT_was_no_change": 1, "predicted_no_change_BUT_was_up": 0, "predicted_no_change_BUT_was_down": 0, "predicted_up_BUT_was_down": 0, "predicted_up_BUT_was_no_change": 1}}}, "Share of total companies in each clusters": [0.018518518518518517, 0.018518518518518517, 0.018518518518518517, 0.018518518518518517, 0.018518518518518517, 0.018518518518518517, 0.018518518518518517, 0.018518518518518517, 0.018518518518518517, 0.018518518518518517, 0.018518518518518517, 0.037037037037037035, 0.018518518518518517, 0.018518518518518517, 0.018518518518518517, 0.018518518518518517, 0.018518518518518517, 0.018518518518518517, 0.018518518518518517, 0.018518518518518517, 0.018518518518518517, 0.018518518518518517, 0.018518518518518517, 0.018518518518518517, 0.018518518518518517, 0.018518518518518517, 0.018518518518518517, 0.018518518518518517, 0.018518518518518517, 0.018518518518518517, 0.018518518518518517, 0.018518518518518517, 0.018518518518518517, 0.018518518518518517, 0.018518518518518517, 0.018518518518518517, 0.018518518518518517, 0.018518518518518517, 0.018518518518518517, 0.018518518518518517, 0.018518518518518517, 0.018518518518518517, 0.018518518518518517, 0.018518518518518517, 0.018518518518518517, 0.018518518518518517, 0.018518518518518517, 0.018518518518518517, 0.018518518518518517, 0.018518518518518517, 0.018518518518518517, 0.018518518518518517, 0.018518518518518517, {"SUM": 0.9999999999999989}], "Clusters with significant ranges (count)": 0, "Significant Clusters (count)": 0, "Cluster Credit Ratings Shares": [{"AA-": 1.0}, {"AA-": 1.0}, {"AA-": 1.0}, {"A+": 1.0}, {"A+": 1.0}, {"A": 1.0}, {"A": 1.0}, {"A": 1.0}, {"A": 1.0}, {"A-": 1.0}, {"A-": 1.0}, {"A-": 0.5, "BBB+": 0.5}, {"A-": 1.0}, {"A-": 1.0}, {"A-": 1.0}, {"BBB+": 1.0}, {"BBB+": 1.0}, {"BBB+": 1.0}, {"BBB+": 1.0}, {"BBB+": 1.0}, {"BBB+": 1.0}, {"BBB+": 1.0}, {"BBB": 1.0}, {"BBB": 1.0}, {"BBB": 1.0}, {"BBB": 1.0}, {"BBB": 1.0}, {"BBB": 1.0}, {"BBB": 1.0}, {"BBB": 1.0}, {"BBB": 1.0}, {"BBB": 1.0}, {"BBB": 1.0}, {"BBB": 1.0}, {"BBB": 1.0}, {"BBB": 1.0}, {"BBB": 1.0}, {"BBB-": 1.0}, {"BBB-": 1.0}, {"BBB-": 1.0}, {"BBB-": 1.0}, {"BBB-": 1.0}, {"BBB-": 1.0}, {"BB+": 1.0}, {"BB+": 1.0}, {"BB+": 1.0}, {"BB": 1.0}, {"BB": 1.0}, {"BB": 1.0}, {"BB-": 1.0}, {"B+": 1.0}, {"B": 1.0}, {"B": 1.0}], "Share of total companies with given credit rating in each cluter": [{"AA-": 0.3333333333333333}, {"AA-": 0.3333333333333333}, {"AA-": 0.3333333333333333}, {"A+": 0.5}, {"A+": 0.5}, {"A": 0.25}, {"A": 0.25}, {"A": 0.25}, {"A": 0.25}, {"A-": 0.16666666666666666}, {"A-": 0.16666666666666666}, {"A-": 0.16666666666666666, "BBB+": 0.125}, {"A-": 0.16666666666666666}, {"A-": 0.16666666666666666}, {"A-": 0.16666666666666666}, {"BBB+": 0.125}, {"BBB+": 0.125}, {"BBB+": 0.125}, {"BBB+": 0.125}, {"BBB+": 0.125}, {"BBB+": 0.125}, {"BBB+": 0.125}, {"BBB": 0.06666666666666667}, {"BBB": 0.06666666666666667}, {"BBB": 0.06666666666666667}, {"BBB": 0.06666666666666667}, {"BBB": 0.06666666666666667}, {"BBB": 0.06666666666666667}, {"BBB": 0.06666666666666667}, {"BBB": 0.06666666666666667}, {"BBB": 0.06666666666666667}, {"BBB": 0.06666666666666667}, {"BBB": 0.06666666666666667}, {"BBB": 0.06666666666666667}, {"BBB": 0.06666666666666667}, {"BBB": 0.06666666666666667}, {"BBB": 0.06666666666666667}, {"BBB-": 0.16666666666666666}, {"BBB-": 0.16666666666666666}, {"BBB-": 0.16666666666666666}, {"BBB-": 0.16666666666666666}, {"BBB-": 0.16666666666666666}, {"BBB-": 0.16666666666666666}, {"BB+": 0.3333333333333333}, {"BB+": 0.3333333333333333}, {"BB+": 0.3333333333333333}, {"BB": 0.3333333333333333}, {"BB": 0.3333333333333333}, {"BB": 0.3333333333333333}, {"BB-": 1.0}, {"B+": 1.0}, {"B": 0.5}, {"B": 0.5}], "Cluster ranges": [0.0, 0.0, 0.0, 0.0, 0.0, 0.0, 0.0, 0.0, 0.0, 0.0, 0.0, 1.0, 0.0, 0.0, 0.0, 0.0, 0.0, 0.0, 0.0, 0.0, 0.0, 0.0, 0.0, 0.0, 0.0, 0.0, 0.0, 0.0, 0.0, 0.0, 0.0, 0.0, 0.0, 0.0, 0.0, 0.0, 0.0, 0.0, 0.0, 0.0, 0.0, 0.0, 0.0, 0.0, 0.0, 0.0, 0.0, 0.0, 0.0, 0.0, 0.0, 0.0, 0.0], "Cluster metrics of location and dispersion": [{"Mean": 4.0, "Median": 4.0, "1st Quartile": 4.0, "3rd Quartile": 4.0, "Standard Deviation": 0.0, "Is Signficant": false}, {"Mean": 4.0, "Median": 4.0, "1st Quartile": 4.0, "3rd Quartile": 4.0, "Standard Deviation": 0.0, "Is Signficant": false}, {"Mean": 4.0, "Median": 4.0, "1st Quartile": 4.0, "3rd Quartile": 4.0, "Standard Deviation": 0.0, "Is Signficant": false}, {"Mean": 5.0, "Median": 5.0, "1st Quartile": 5.0, "3rd Quartile": 5.0, "Standard Deviation": 0.0, "Is Signficant": false}, {"Mean": 5.0, "Median": 5.0, "1st Quartile": 5.0, "3rd Quartile": 5.0, "Standard Deviation": 0.0, "Is Signficant": false}, {"Mean": 6.0, "Median": 6.0, "1st Quartile": 6.0, "3rd Quartile": 6.0, "Standard Deviation": 0.0, "Is Signficant": false}, {"Mean": 6.0, "Median": 6.0, "1st Quartile": 6.0, "3rd Quartile": 6.0, "Standard Deviation": 0.0, "Is Signficant": false}, {"Mean": 6.0, "Median": 6.0, "1st Quartile": 6.0, "3rd Quartile": 6.0, "Standard Deviation": 0.0, "Is Signficant": false}, {"Mean": 6.0, "Median": 6.0, "1st Quartile": 6.0, "3rd Quartile": 6.0, "Standard Deviation": 0.0, "Is Signficant": false}, {"Mean": 7.0, "Median": 7.0, "1st Quartile": 7.0, "3rd Quartile": 7.0, "Standard Deviation": 0.0, "Is Signficant": false}, {"Mean": 7.0, "Median": 7.0, "1st Quartile": 7.0, "3rd Quartile": 7.0, "Standard Deviation": 0.0, "Is Signficant": false}, {"Mean": 7.5, "Median": 7.5, "1st Quartile": 7.25, "3rd Quartile": 7.75, "Standard Deviation": 0.5, "Is Signficant": false}, {"Mean": 7.0, "Median": 7.0, "1st Quartile": 7.0, "3rd Quartile": 7.0, "Standard Deviation": 0.0, "Is Signficant": false}, {"Mean": 7.0, "Median": 7.0, "1st Quartile": 7.0, "3rd Quartile": 7.0, "Standard Deviation": 0.0, "Is Signficant": false}, {"Mean": 7.0, "Median": 7.0, "1st Quartile": 7.0, "3rd Quartile": 7.0, "Standard Deviation": 0.0, "Is Signficant": false}, {"Mean": 8.0, "Median": 8.0, "1st Quartile": 8.0, "3rd Quartile": 8.0, "Standard Deviation": 0.0, "Is Signficant": false}, {"Mean": 8.0, "Median": 8.0, "1st Quartile": 8.0, "3rd Quartile": 8.0, "Standard Deviation": 0.0, "Is Signficant": false}, {"Mean": 8.0, "Median": 8.0, "1st Quartile": 8.0, "3rd Quartile": 8.0, "Standard Deviation": 0.0, "Is Signficant": false}, {"Mean": 8.0, "Median": 8.0, "1st Quartile": 8.0, "3rd Quartile": 8.0, "Standard Deviation": 0.0, "Is Signficant": false}, {"Mean": 8.0, "Median": 8.0, "1st Quartile": 8.0, "3rd Quartile": 8.0, "Standard Deviation": 0.0, "Is Signficant": false}, {"Mean": 8.0, "Median": 8.0, "1st Quartile": 8.0, "3rd Quartile": 8.0, "Standard Deviation": 0.0, "Is Signficant": false}, {"Mean": 8.0, "Median": 8.0, "1st Quartile": 8.0, "3rd Quartile": 8.0, "Standard Deviation": 0.0, "Is Signficant": false}, {"Mean": 9.0, "Median": 9.0, "1st Quartile": 9.0, "3rd Quartile": 9.0, "Standard Deviation": 0.0, "Is Signficant": false}, {"Mean": 9.0, "Median": 9.0, "1st Quartile": 9.0, "3rd Quartile": 9.0, "Standard Deviation": 0.0, "Is Signficant": false}, {"Mean": 9.0, "Median": 9.0, "1st Quartile": 9.0,