{"Algorithm Parameters": {"Threshold Value": 0.8499999999999999, "Braching Factor": 2, "K": 2}, "Algorithm Performance": {"Silhouette Score": 0.4268322148259293}, "Clusters Content Analysis": {"Predictive Power": {"Global": {"Metrics": {"Class: Upgrade": "No element of this class", "Class: Downgrade": "No element of this class"}, "Confusion Matrix": {"predicted_down_AND_was_down": 0, "predicted_up_AND_was_up": 0, "predicted_no_change_AND_was_no_change": 0, "predicted_down_BUT_was_up": 0, "predicted_down_BUT_was_no_change": 27, "predicted_no_change_BUT_was_up": 0, "predicted_no_change_BUT_was_down": 0, "predicted_up_BUT_was_down": 0, "predicted_up_BUT_was_no_change": 21}}, "Restricted to jumps to or from below B-": {"Metrics": {"Class: Upgrade": "No element of this class", "Class: Downgrade": "No element of this class"}, "Confusion Matrix": {"predicted_down_AND_was_down": 0, "predicted_up_AND_was_up": 0, "predicted_no_change_AND_was_no_change": 0, "predicted_down_BUT_was_up": 0, "predicted_down_BUT_was_no_change": 27, "predicted_no_change_BUT_was_up": 0, "predicted_no_change_BUT_was_down": 0, "predicted_up_BUT_was_down": 0, "predicted_up_BUT_was_no_change": 21}}}, "Share of total companies in each clusters": [0.5625, 0.4375, {"SUM": 1.0}], "Clusters with significant ranges (count)": 2, "Significant Clusters (count)": 2, "Cluster Credit Ratings Shares": [{"AA": 0.037037037037037035, "AA-": 0.14814814814814814, "A+": 0.037037037037037035, "A": 0.037037037037037035, "A-": 0.1111111111111111, "BBB+": 0.14814814814814814, "BBB": 0.07407407407407407, "BBB-": 0.07407407407407407, "BB": 0.037037037037037035, "BB-": 0.07407407407407407, "B+": 0.18518518518518517, "B": 0.037037037037037035}, {"A-": 0.047619047619047616, "BBB": 0.14285714285714285, "BBB-": 0.23809523809523808, "BB+": 0.09523809523809523, "BB": 0.09523809523809523, "BB-": 0.19047619047619047, "B+": 0.09523809523809523, "B": 0.09523809523809523}], "Share of total companies with given credit rating in each cluter": [{"AA": 1.0, "AA-": 1.0, "A+": 1.0, "A": 1.0, "A-": 0.75, "BBB+": 1.0, "BBB": 0.4, "BBB-": 0.2857142857142857, "BB": 0.3333333333333333, "BB-": 0.3333333333333333, "B+": 0.7142857142857143, "B": 0.3333333333333333}, {"A-": 0.25, "BBB": 0.6, "BBB-": 0.7142857142857143, "BB+": 1.0, "BB": 0.6666666666666666, "BB-": 0.6666666666666666, "B+": 0.2857142857142857, "B": 0.6666666666666666}], "Cluster ranges": [12.0, 8.0], "Cluster metrics of location and dispersion": [{"Mean": 9.037037037037036, "Median": 8.0, "1st Quartile": 6.5, "3rd Quartile": 13.0, "Standard Deviation": 3.756293301780177, "Is Signficant": true}, {"Mean": 11.428571428571429, "Median": 11.0, "1st Quartile": 10.0, "3rd Quartile": 13.0, "Standard Deviation": 2.1507790077402316, "Is Signficant": true}], "Cluster entropies": [3.3339790585856806, 2.8511494238930326], "Maximum entropy": 3.3339790585856806, "Weighted average entropy": 3.122741093407647, "Incoherencies explanations": {"CLUSTER 0": {}, "CLUSTER 1": {"RATING BBB-": [{"0": {"Comparison": "Cluster elements in lower half", "Credit Rating Statistics": {"Mean": -1.4204593265994347, "Median": -1.4081144746898047, "1st Quartile": -2.6029579389148125, "3rd Quartile": -0.6612520594102711, "Standard Deviation": 1.3372982596865264}, "Cluster Statistics": {"Mean": -2.1750246155992494, "Median": -2.509173263569096, "1st Quartile": -2.696742614260529, "3rd Quartile": -1.4081144746898047, "Standard Deviation": 0.6601304763162321}}}, {"1": {"Comparison": "Cluster elements in lower half", "Credit Rating Statistics": {"Mean": -0.00532724816114692, "Median": -0.17199007463595933, "1st Quartile": -0.4354131965364312, "3rd Quartile": 0.7024841110897838, "Standard Deviation": 1.1461881334006636}, "Cluster Statistics": {"Mean": -0.30927038873998186, "Median": -0.24685886662216178, "1st Quartile": -0.6239675264507006, "3rd Quartile": 0.1661920471091675, "Standard Deviation": 1.0828365023834}}}, {"2": {"Comparison": "Cluster elements in upper half", "Credit Rating Statistics": {"Mean": -0.3384527333072271, "Median": -0.6699470341697393, "1st Quartile": -0.7900441639725053, "3rd Quartile": 0.3403379486160202, "Standard Deviation": 0.8133036033331695}, "Cluster Statistics": {"Mean": -0.3138718929765419, "Median": -0.6699470341697393, "1st Quartile": -0.7007536169678732, "3rd Quartile": 0.23064530202321384, "Standard Deviation": 0.5433711733578868}}}, {"3": {"Comparison": "Cluster elements in upper half", "Credit Rating Statistics": {"Mean": -0.49996252398238966, "Median": -0.6009685174315997, "1st Quartile": -0.7066182926359421, "3rd Quartile": -0.11842768153224542, "Standard Deviation": 0.4517923221073435}, "Cluster Statistics": {"Mean": -0.4151727224220868, "Median": -0.6009685174315997, "1st Quartile": -0.6420736684982414, "3rd Quartile": -0.144916839849715, "Standard Deviation": 0.32686538261885906}}}, {"4": {"Comparison": "Cluster elements in upper half", "Credit Rating Statistics": {"Mean": -0.2738214554933514, "Median": -0.1329060878813084, "1st Quartile": -0.3254465452688259, "3rd Quartile": 0.03646700016412463, "Standard Deviation": 0.5844445545066381}, "Cluster Statistics": {"Mean": -0.09897702989871239, "Median": -0.1329060878813084, "1st Quartile": -0.14187340301647372, "3rd Quartile": -0.07378618258037435, "Standard Deviation": 0.27745511885413465}}}]}}}}