{"Algorithm Parameters": {"Threshold Value": 4.35, "Braching Factor": 67, "K": 2}, "Algorithm Performance": {"Silhouette Score": 0.9272871946859027}, "Clusters Content Analysis": {"Predictive Power": {"Global": {"Metrics": {"Class: Upgrade": {"Accuracy": 0.6363636363636364, "Precision": 0.75, "Recall": 1.0, "F1-Score": 0.8571428571428571}, "Class: Downgrade": {"Accuracy": 1.0, "Precision": 0.75, "Recall": 0.5555555555555556, "F1-Score": 0.6382978723404256}}, "Confusion Matrix": {"predicted_down_AND_was_down": 5, "predicted_up_AND_was_up": 7, "predicted_no_change_AND_was_no_change": 0, "predicted_down_BUT_was_up": 0, "predicted_down_BUT_was_no_change": 440, "predicted_no_change_BUT_was_up": 0, "predicted_no_change_BUT_was_down": 0, "predicted_up_BUT_was_down": 4, "predicted_up_BUT_was_no_change": 400}}, "Restricted to jumps to or from below B-": {"Metrics": {"Class: Upgrade": "No element of this class", "Class: Downgrade": "No element of this class"}, "Confusion Matrix": {"predicted_down_AND_was_down": 0, "predicted_up_AND_was_up": 0, "predicted_no_change_AND_was_no_change": 0, "predicted_down_BUT_was_up": 0, "predicted_down_BUT_was_no_change": 445, "predicted_no_change_BUT_was_up": 0, "predicted_no_change_BUT_was_down": 0, "predicted_up_BUT_was_down": 0, "predicted_up_BUT_was_no_change": 411}}}, "Share of total companies in each clusters": [0.005841121495327103, 0.9941588785046729, {"SUM": 1.0}], "Clusters with significant ranges (count)": 2, "Significant Clusters (count)": 1, "Cluster Credit Ratings Shares": [{"AAA": 0.2, "AA+": 0.2, "AA": 0.2, "AA-": 0.2, "BBB": 0.2}, {"AAA": 0.0011750881316098707, "AA+": 0.0023501762632197414, "AA": 0.004700352526439483, "AA-": 0.012925969447708578, "A+": 0.023501762632197415, "A": 0.04465334900117509, "A-": 0.08695652173913043, "BBB+": 0.12220916568742655, "BBB": 0.2209165687426557, "BBB-": 0.13866039952996476, "BB+": 0.07403055229142186, "BB": 0.08578143360752057, "BB-": 0.06345475910693302, "B+": 0.06580493537015276, "B": 0.025851938895417155, "B-": 0.01762632197414806, "CCC+": 0.007050528789659225, "CCC": 0.0023501762632197414}], "Share of total companies with given credit rating in each cluter": [{"AAA": 0.5, "AA+": 0.3333333333333333, "AA": 0.2, "AA-": 0.08333333333333333, "BBB": 0.005291005291005291}, {"AAA": 0.5, "AA+": 0.6666666666666666, "AA": 0.8, "AA-": 0.9166666666666666, "A+": 1.0, "A": 1.0, "A-": 1.0, "BBB+": 1.0, "BBB": 0.9947089947089947, "BBB-": 1.0, "BB+": 1.0, "BB": 1.0, "BB-": 1.0, "B+": 1.0, "B": 1.0, "B-": 1.0, "CCC+": 1.0, "CCC": 1.0}], "Cluster ranges": [8.0, 17.0], "Cluster metrics of location and dispersion": [{"Mean": 3.8, "Median": 3.0, "1st Quartile": 2.0, "3rd Quartile": 4.0, "Standard Deviation": 2.785677655436824, "Is Signficant": false}, {"Mean": 9.840188014101058, "Median": 9.0, "1st Quartile": 8.0, "3rd Quartile": 12.0, "Standard Deviation": 2.7437067334449736, "Is Signficant": true}], "Cluster entropies": [2.321928094887362, 3.4330204013849204], "Maximum entropy": 3.4330204013849204, "Weighted average entropy": 3.426530376230145, "Incoherencies explanations": {"CLUSTER 0": {}, "CLUSTER 1": {"RATING BBB": [{"Leverage": {"Comparison": "Cluster elements in highest 75%", "Credit Rating Statistics": {"Mean": 27.055911111111115, "Median": 22.766399999999997, "1st Quartile": 19.158099999999997, "3rd Quartile": 25.1228, "Standard Deviation": 42.742902699666544}, "Cluster Statistics": {"Mean": 27.1003670212766, "Median": 22.766399999999997, "1st Quartile": 19.228275, "3rd Quartile": 25.1228, "Standard Deviation": 42.85207176840899}}}, {"Profitability": {"Comparison": "Cluster elements in lower half", "Credit Rating Statistics": {"Mean": 15.428957936507937, "Median": 15.6804, "1st Quartile": 10.322, "3rd Quartile": 17.031, "Standard Deviation": 6.65181785794537}, "Cluster Statistics": {"Mean": 15.47406728723404, "Median": 15.758400000000002, "1st Quartile": 10.322, "3rd Quartile": 17.0377, "Standard Deviation": 6.640590951461673}}}, {"Financial Statement Lines": {"Comparison": "Cluster elements in upper half", "Credit Rating Statistics": {"Mean": 17361.452645502646, "Median": 7605.325000000001, "1st Quartile": 2561.225, "3rd Quartile": 24881.0, "Standard Deviation": 25118.18906926344}, "Cluster Statistics": {"Mean": 16299.982978723403, "Median": 7536.5125, "1st Quartile": 2556.55625, "3rd Quartile": 23868.875, "Standard Deviation": 20526.31782514258}}}, {"Liquidity": {"Comparison": "Cluster elements in upper half", "Credit Rating Statistics": {"Mean": 17.745480423280423, "Median": 12.3178, "1st Quartile": 6.311999999999999, "3rd Quartile": 24.9024, "Standard Deviation": 16.96280123914747}, "Cluster Statistics": {"Mean": 17.786335106382978, "Median": 12.4245, "1st Quartile": 6.311999999999999, "3rd Quartile": 25.03505, "Standard Deviation": 16.99857873401265}}}, {"Efficiency": {"Comparison": "Cluster elements in upper half", "Credit Rating Statistics": {"Mean": 1.1492566137566138, "Median": 0.8913333333333333, "1st Quartile": 0.6859999999999999, "3rd Quartile": 1.3036666666666665, "Standard Deviation": 0.8010771353993011}, "Cluster Statistics": {"Mean": 1.151392730496454, "Median": 0.8913333333333333, "1st Quartile": 0.6839999999999999, "3rd Quartile": 1.3074166666666667, "Standard Deviation": 0.8026678014325792}}}]}}}}