{"Algorithm Parameters": {"Threshold Value": 0.35, "Braching Factor": 67, "K": 2}, "Algorithm Performance": {"Silhouette Score": 0.42079389048820337}, "Clusters Content Analysis": {"Predictive Power": {"Global": {"Metrics": {"Class: Upgrade": "No element of this class", "Class: Downgrade": "No element of this class"}, "Confusion Matrix": {"predicted_down_AND_was_down": 0, "predicted_up_AND_was_up": 0, "predicted_no_change_AND_was_no_change": 0, "predicted_down_BUT_was_up": 0, "predicted_down_BUT_was_no_change": 110, "predicted_no_change_BUT_was_up": 0, "predicted_no_change_BUT_was_down": 0, "predicted_up_BUT_was_down": 0, "predicted_up_BUT_was_no_change": 88}}, "Restricted to jumps to or from below B-": {"Metrics": {"Class: Upgrade": "No element of this class", "Class: Downgrade": "No element of this class"}, "Confusion Matrix": {"predicted_down_AND_was_down": 0, "predicted_up_AND_was_up": 0, "predicted_no_change_AND_was_no_change": 0, "predicted_down_BUT_was_up": 0, "predicted_down_BUT_was_no_change": 110, "predicted_no_change_BUT_was_up": 0, "predicted_no_change_BUT_was_down": 0, "predicted_up_BUT_was_down": 0, "predicted_up_BUT_was_no_change": 88}}}, "Share of total companies in each clusters": [0.9292929292929293, 0.0707070707070707, {"SUM": 1.0}], "Clusters with significant ranges (count)": 2, "Significant Clusters (count)": 0, "Cluster Credit Ratings Shares": [{"AA": 0.021739130434782608, "AA-": 0.016304347826086956, "A": 0.05434782608695652, "A-": 0.19021739130434784, "BBB+": 0.25, "BBB": 0.16304347826086957, "BBB-": 0.07065217391304347, "BB+": 0.03804347826086957, "BB": 0.08695652173913043, "BB-": 0.02717391304347826, "CCC+": 0.005434782608695652, "CCC": 0.016304347826086956, "A+": 0.010869565217391304, "B+": 0.021739130434782608, "B": 0.021739130434782608, "B-": 0.005434782608695652}, {"BBB-": 0.14285714285714285, "A+": 0.07142857142857142, "A-": 0.07142857142857142, "BBB+": 0.2857142857142857, "BBB": 0.2857142857142857, "BB-": 0.07142857142857142, "CC": 0.07142857142857142}], "Share of total companies with given credit rating in each cluter": [{"AA": 1.0, "AA-": 1.0, "A": 1.0, "A-": 0.9722222222222222, "BBB+": 0.92, "BBB": 0.8823529411764706, "BBB-": 0.8666666666666667, "BB+": 1.0, "BB": 1.0, "BB-": 0.8333333333333334, "CCC+": 1.0, "CCC": 1.0, "A+": 0.6666666666666666, "B+": 1.0, "B": 1.0, "B-": 1.0}, {"BBB-": 0.13333333333333333, "A+": 0.3333333333333333, "A-": 0.027777777777777776, "BBB+": 0.08, "BBB": 0.11764705882352941, "BB-": 0.16666666666666666, "CC": 1.0}], "Cluster ranges": [15.0, 15.0], "Cluster metrics of location and dispersion": [{"Mean": 8.934782608695652, "Median": 8.0, "1st Quartile": 7.0, "3rd Quartile": 10.0, "Standard Deviation": 2.7497207282151046, "Is Signficant": false}, {"Mean": 9.5, "Median": 9.0, "1st Quartile": 8.0, "3rd Quartile": 9.75, "Standard Deviation": 3.375330671631617, "Is Signficant": false}], "Cluster entropies": [3.214261028568823, 2.521640636343318], "Maximum entropy": 3.214261028568823, "Weighted average entropy": 3.165287869522575, "Incoherencies explanations": {"CLUSTER 0": {"RATING BBB+": [{"Leverage": {"Comparison": "Cluster elements in upper half", "Credit Rating Statistics": {"Mean": 0.21431359865694521, "Median": 0.212747597399362, "1st Quartile": 0.2013925644620718, "3rd Quartile": 0.23370929511778513, "Standard Deviation": 0.03044402529242873}, "Cluster Statistics": {"Mean": 0.21701143107204307, "Median": 0.21486391537276828, "1st Quartile": 0.20326139571950533, "3rd Quartile": 0.23533439946922763, "Standard Deviation": 0.02957760567137481}}}, {"Profitability": {"Comparison": "Cluster elements in lower half", "Credit Rating Statistics": {"Mean": 0.3648017991575226, "Median": 0.3697201475368319, "1st Quartile": 0.34738254266606644, "3rd Quartile": 0.38298167957399715, "Standard Deviation": 0.035050613385868845}, "Cluster Statistics": {"Mean": 0.36678094686763035, "Median": 0.3729320795392649, "1st Quartile": 0.3542772088425872, "3rd Quartile": 0.38471626318093277, "Standard Deviation": 0.03541337358753854}}}, {"Financial Statement Lines": {"Comparison": "Cluster elements in upper half", "Credit Rating Statistics": {"Mean": 0.02431895658622301, "Median": 0.016737601520136963, "1st Quartile": 0.006933685346915611, "3rd Quartile": 0.03024865160767516, "Standard Deviation": 0.02297215273480213}, "Cluster Statistics": {"Mean": 0.022137838869335465, "Median": 0.014667874586952288, "1st Quartile": 0.006933685346915611, "3rd Quartile": 0.02904546284626504, "Standard Deviation": 0.019830598418323152}}}, {"Liquidity": {"Comparison": "Cluster elements in upper half", "Credit Rating Statistics": {"Mean": 0.2903239319726566, "Median": 0.28883848223846553, "1st Quartile": 0.28509090815081606, "3rd Quartile": 0.29333245957593307, "Standard Deviation": 0.0102094586653565}, "Cluster Statistics": {"Mean": 0.289891105494662, "Median": 0.2881350163513607, "1st Quartile": 0.28509090815081606, "3rd Quartile": 0.2927473845838241, "Standard Deviation": 0.009872667292463617}}}, {"Efficiency": {"Comparison": "Cluster elements in upper half", "Credit Rating Statistics": {"Mean": 0.06605171178072694, "Median": 0.06049316615148294, "1st Quartile": 0.041705823203617765, "3rd Quartile": 0.07425097254436533, "Standard Deviation": 0.03233800473375753}, "Cluster Statistics": {"Mean": 0.06585339900281853, "Median": 0.05955799463792978, "1st Quartile": 0.040889669664339344, "3rd Quartile": 0.07425097254436533, "Standard Deviation": 0.03350505032897635}}}]}, "CLUSTER 1": {"RATING BBB+": [{"Leverage": {"Comparison": "Cluster elements in lowest 25%", "Credit Rating Statistics": {"Mean": 0.21431359865694521, "Median": 0.212747597399362, "1st Quartile": 0.2013925644620718, "3rd Quartile": 0.23370929511778513, "Standard Deviation": 0.03044402529242873}, "Cluster Statistics": {"Mean": 0.18328852588332062, "Median": 0.1897981907565271, "1st Quartile": 0.1712439598860287, "3rd Quartile": 0.20184275675381902, "Standard Deviation": 0.02187757194176038}}}, {"Profitability": {"Comparison": "Cluster elements in lowest 25%", "Credit Rating Statistics": {"Mean": 0.3648017991575226, "Median": 0.3697201475368319, "1st Quartile": 0.34738254266606644, "3rd Quartile": 0.38298167957399715, "Standard Deviation": 0.035050613385868845}, "Cluster Statistics": {"Mean": 0.3420416004912841, "Median": 0.3465688709268814, "1st Quartile": 0.3303770681398204, "3rd Quartile": 0.3582334032783452, "Standard Deviation": 0.01927473641559088}}}, {"Financial Statement Lines": {"Comparison": "Cluster elements in highest 75%", "Credit Rating Statistics": {"Mean": 0.02431895658622301, "Median": 0.016737601520136963, "1st Quartile": 0.006933685346915611, "3rd Quartile": 0.03024865160767516, "Standard Deviation": 0.02297215273480213}, "Cluster Statistics": {"Mean": 0.04940181033042976, "Median": 0.05123295961498181, "1st Quartile": 0.015149966267377078, "3rd Quartile": 0.08548480367803449, "Standard Deviation": 0.03728584209203812}}}, {"Liquidity": {"Comparison": "Cluster elements in highest 75%", "Credit Rating Statistics": {"Mean": 0.2903239319726566, "Median": 0.28883848223846553, "1st Quartile": 0.28509090815081606, "3rd Quartile": 0.29333245957593307, "Standard Deviation": 0.0102094586653565}, "Cluster Statistics": {"Mean": 0.29530143646959417, "Median": 0.29809212946158414, "1st Quartile": 0.29054288628219804, "3rd Quartile": 0.30285067964898027, "Standard Deviation": 0.012453240436099779}}}, {"Efficiency": {"Comparison": "Cluster elements in upper half", "Credit Rating Statistics": {"Mean": 0.06605171178072694, "Median": 0.06049316615148294, "1st Quartile": 0.041705823203617765, "3rd Quartile": 0.07425097254436533, "Standard Deviation": 0.03233800473375753}, "Cluster Statistics": {"Mean": 0.06833230872667383, "Median": 0.06929080420796102, "1st Quartile": 0.06243713541792303, "3rd Quartile": 0.07518597751671183, "Standard Deviation": 0.012506474773804661}}}], "RATING BBB": [{"Leverage": {"Comparison": "Cluster elements in lowest 25%",