{"Algorithm Parameters": {"Threshold Value": 0.8499999999999999, "Braching Factor": 12, "K": 2}, "Algorithm Performance": {"Calinski Harabasz Index": 55.05162873548185}, "Clusters Content Analysis": {"Predictive Power": {"Metrics": {"Class: Upgrade": {"Accuracy": 0.7142857142857143, "Precision": 0.8, "Recall": 1.0, "F1-Score": 0.888888888888889}, "Class: Downgrade": {"Accuracy": 1.0, "Precision": 0.8, "Recall": 0.6, "F1-Score": 0.6857142857142857}}, "Confusion Matrix": {"predicted_down_AND_was_down": 3, "predicted_up_AND_was_up": 5, "predicted_no_change_AND_was_no_change": 0, "predicted_down_BUT_was_up": 0, "predicted_down_BUT_was_no_change": 313, "predicted_no_change_BUT_was_up": 0, "predicted_no_change_BUT_was_down": 0, "predicted_up_BUT_was_down": 2, "predicted_up_BUT_was_no_change": 273}}, "Share of total companies in each clusters": [0.40268456375838924, 0.5973154362416108, {"SUM": 1.0}], "Clusters with significant ranges (count)": 2, "Significant Clusters (count)": 2, "Cluster Credit Ratings Shares": [{"1.0": 0.004166666666666667, "2.0": 0.008333333333333333, "3.0": 0.0125, "4.0": 0.025, "5.0": 0.025, "6.0": 0.06666666666666667, "7.0": 0.1, "8.0": 0.15, "9.0": 0.18333333333333332, "10.0": 0.13333333333333333, "11.0": 0.075, "12.0": 0.07916666666666666, "13.0": 0.05416666666666667, "14.0": 0.06666666666666667, "15.0": 0.008333333333333333, "16.0": 0.008333333333333333}, {"1.0": 0.0028089887640449437, "3.0": 0.0056179775280898875, "4.0": 0.011235955056179775, "5.0": 0.016853932584269662, "6.0": 0.03651685393258427, "7.0": 0.09550561797752809, "8.0": 0.14606741573033707, "9.0": 0.1853932584269663, "10.0": 0.09269662921348315, "11.0": 0.09831460674157304, "12.0": 0.11235955056179775, "13.0": 0.09550561797752809, "14.0": 0.06179775280898876, "15.0": 0.02247191011235955, "16.0": 0.011235955056179775, "17.0": 0.0056179775280898875}], "Share of total companies with given credit rating in each cluter": [{"1.0": 0.5, "2.0": 1.0, "3.0": 0.6, "4.0": 0.6, "5.0": 0.5, "6.0": 0.5517241379310345, "7.0": 0.41379310344827586, "8.0": 0.4090909090909091, "9.0": 0.4, "10.0": 0.49230769230769234, "11.0": 0.33962264150943394, "12.0": 0.3220338983050847, "13.0": 0.2765957446808511, "14.0": 0.42105263157894735, "15.0": 0.2, "16.0": 0.3333333333333333}, {"1.0": 0.5, "3.0": 0.4, "4.0": 0.4, "5.0": 0.5, "6.0": 0.4482758620689655, "7.0": 0.5862068965517241, "8.0": 0.5909090909090909, "9.0": 0.6, "10.0": 0.5076923076923077, "11.0": 0.660377358490566, "12.0": 0.6779661016949152, "13.0": 0.723404255319149, "14.0": 0.5789473684210527, "15.0": 0.8, "16.0": 0.6666666666666666, "17.0": 1.0}], "Cluster ranges": [15.0, 16.0], "Cluster metrics of location and dispersion": [{"Mean": 9.2375, "Median": 9.0, "1st Quartile": 8.0, "3rd Quartile": 11.0, "Standard Deviation": 2.7624434383349823, "Is Signficant": true}, {"Mean": 9.94943820224719, "Median": 9.5, "1st Quartile": 8.0, "3rd Quartile": 12.0, "Standard Deviation": 2.6790331811134553, "Is Signficant": true}], "Cluster entropies": [3.448470520953046, 3.4030076649450587], "Maximum entropy": 3.448470520953046, "Weighted average entropy": 3.4213148552838453, "Incoherencies explanations": {"CLUSTER 0": {"RATING 9.0": [{"0": {"Comparison": "Cluster elements in highest 75%", "Credit Rating Statistics": {"Mean": 0.028057010697576233, "Median": -0.2144192455946033, "1st Quartile": -1.4944161285985393, "3rd Quartile": 1.0168894865091263, "Standard Deviation": 2.0532898935791066}, "Cluster Statistics": {"Mean": 1.8621945884345097, "Median": 1.48426860407549, "1st Quartile": 0.6645804798417279, "3rd Quartile": 3.232210380486165, "Standard Deviation": 1.6487592134398024}}}, {"4": {"Comparison": "Cluster elements in upper half", "Credit Rating Statistics": {"Mean": 0.011734004588268444, "Median": -0.2230992613184433, "1st Quartile": -0.8084738790531711, "3rd Quartile": 0.6077534758017155, "Standard Deviation": 1.6796865284245839}, "Cluster Statistics": {"Mean": -0.18807793985134544, "Median": -0.6654022935953441, "1st Quartile": -1.2426127674981096, "3rd Quartile": -0.06682529663178252, "Standard Deviation": 2.4464257231534305}}}, {"5": {"Comparison": "Cluster elements in upper half", "Credit Rating Statistics": {"Mean": -0.0442119860560973, "Median": -0.3128926082972428, "1st Quartile": -0.862166885843349, "3rd Quartile": 0.6358409855999907, "Standard Deviation": 1.4523169822229833}, "Cluster Statistics": {"Mean": -0.09155007650332193, "Median": -0.24793186781775578, "1st Quartile": -0.6898554983456062, "3rd Quartile": 0.39500978142654875, "Standard Deviation": 1.4824071526757683}}}, {"6": {"Comparison": "Cluster elements in upper half", "Credit Rating Statistics": {"Mean": -0.04351482517908162, "Median": -0.15642549958715388, "1st Quartile": -0.5074150929902046, "3rd Quartile": 0.562120184826278, "Standard Deviation": 1.1733960649989144}, "Cluster Statistics": {"Mean": 0.09323308886567552, "Median": 0.15573361247463194, "1st Quartile": -0.6299898908337573, "3rd Quartile": 1.1582177253839452, "Standard Deviation": 1.6540888700009488}}}, {"19": {"Comparison": "Cluster elements in lower half", "Credit Rating Statistics": {"Mean": -0.02553356850288309, "Median": -0.048398117797670205, "1st Quartile": -0.43554325468905264, "3rd Quartile": 0.36428045122946817, "Standard Deviation": 0.8091104808755291}, "Cluster Statistics": {"Mean": -0.1419005327911381, "Median": -0.2215835401376848, "1st Quartile": -0.52358978803749, "3rd Quartile": 0.2325945498871424, "Standard Deviation": 0.6479032056968963}}}]}, "CLUSTER 1": {"RATING 9.0": [{"0": {"Comparison": "Cluster elements in lower half", "Credit Rating Statistics": {"Mean": 0.028057010697576233, "Median": -0.2144192455946033, "1st Quartile": -1.4944161285985393, "3rd Quartile": 1.0168894865091263, "Standard Deviation": 2.0532898935791066}, "Cluster Statistics": {"Mean": -1.1947013744603794, "Median": -1.0901319292347513, "1st Quartile": -1.9541663752350837, "3rd Quartile": -0.31505611309083814, "Standard Deviation": 1.2151333992624749}}}, {"4": {"Comparison": "Cluster elements in upper half", "Credit Rating Statistics": {"Mean": 0.011734004588268444, "Median": -0.2230992613184433, "1st Quartile": -0.8084738790531711, "3rd Quartile": 0.6077534758017155, "Standard Deviation": 1.6796865284245839}, "Cluster Statistics": {"Mean": 0.14494196754801106, "Median": 0.20984391713910505, "1st Quartile": -0.5000359689873379, "3rd Quartile": 0.717656126065387, "Standard Deviation": 0.8172420735972189}}}, {"5": {"Comparison": "Cluster elements in upper half", "Credit Rating Statistics": {"Mean": -0.0442119860560973, "Median": -0.3128926082972428, "1st Quartile": -0.862166885843349, "3rd Quartile": 0.6358409855999907, "Standard Deviation": 1.4523169822229833}, "Cluster Statistics": {"Mean": -0.012653259091280842, "Median": -0.3938559013676854, "1st Quartile": -0.9788096353292974, "3rd Quartile": 0.8910386656153957, "Standard Deviation": 1.4310359304015294}}}, {"6": {"Comparison": "Cluster elements in upper half", "Credit Rating Statistics": {"Mean": -0.04351482517908162, "Median": -0.15642549958715388, "1st Quartile": -0.5074150929902046, "3rd Quartile": 0.562120184826278, "Standard Deviation": 1.1733960649989144}, "Cluster Statistics": {"Mean": -0.13468010120891974, "Median": -0.2380255005135018, "1st Quartile": -0.4643417388963925, "3rd Quartile": 0.25020458694242337, "Standard Deviation": 0.6708050736243912}}}, {"19": {"Comparison": "Cluster elements in upper half", "Credit Rating Statistics": {"Mean": -0.02553356850288309, "Median": -0.048398117797670205, "1st Quartile": -0.43554325468905264, "3rd Quartile": 0.36428045122946817, "Standard Deviation": 0.8091104808755291}, "Cluster Statistics": {"Mean": 0.05204440768928694, "Median": -0.011397233848705092, "1st Quartile": -0.42052614143381956, "3rd Quartile": 0.5981319287546707, "Standard Deviation": 0.8923011740219728}}}]}}}}