{"Algorithm Parameters": {"Threshold Value": 0.8499999999999999, "Braching Factor": 12, "K": 2}, "Algorithm Performance": {"Calinski Harabasz Index": 55.05162873548185}, "Clusters Content Analysis": {"Predictive Power": {"Global": {"Metrics": {"Class: Upgrade": {"Accuracy": 0.7142857142857143, "Precision": 0.8, "Recall": 1.0, "F1-Score": 0.888888888888889}, "Class: Downgrade": {"Accuracy": 1.0, "Precision": 0.8, "Recall": 0.6, "F1-Score": 0.6857142857142857}}, "Confusion Matrix": {"predicted_down_AND_was_down": 3, "predicted_up_AND_was_up": 5, "predicted_no_change_AND_was_no_change": 0, "predicted_down_BUT_was_up": 0, "predicted_down_BUT_was_no_change": 313, "predicted_no_change_BUT_was_up": 0, "predicted_no_change_BUT_was_down": 0, "predicted_up_BUT_was_down": 2, "predicted_up_BUT_was_no_change": 273}}, "Restricted to jumps to or from below B-": {"Metrics": {"Class: Upgrade": "No element of this class", "Class: Downgrade": "No element of this class"}, "Confusion Matrix": {"predicted_down_AND_was_down": 0, "predicted_up_AND_was_up": 0, "predicted_no_change_AND_was_no_change": 0, "predicted_down_BUT_was_up": 0, "predicted_down_BUT_was_no_change": 316, "predicted_no_change_BUT_was_up": 0, "predicted_no_change_BUT_was_down": 0, "predicted_up_BUT_was_down": 0, "predicted_up_BUT_was_no_change": 280}}}, "Share of total companies in each clusters": [0.40268456375838924, 0.5973154362416108, {"SUM": 1.0}], "Clusters with significant ranges (count)": 2, "Significant Clusters (count)": 2, "Cluster Credit Ratings Shares": [{"1.0": 0.004166666666666667, "2.0": 0.008333333333333333, "3.0": 0.0125, "4.0": 0.025, "5.0": 0.025, "6.0": 0.06666666666666667, "7.0": 0.1, "8.0": 0.15, "9.0": 0.18333333333333332, "10.0": 0.13333333333333333, "11.0": 0.075, "12.0": 0.07916666666666666, "13.0": 0.05416666666666667, "14.0": 0.06666666666666667, "15.0": 0.008333333333333333, "16.0": 0.008333333333333333}, {"1.0": 0.0028089887640449437, "3.0": 0.0056179775280898875, "4.0": 0.011235955056179775, "5.0": 0.016853932584269662, "6.0": 0.03651685393258427, "7.0": 0.09550561797752809, "8.0": 0.14606741573033707, "9.0": 0.1853932584269663, "10.0": 0.09269662921348315, "11.0": 0.09831460674157304, "12.0": 0.11235955056179775, "13.0": 0.09550561797752809, "14.0": 0.06179775280898876, "15.0": 0.02247191011235955, "16.0": 0.011235955056179775, "17.0": 0.0056179775280898875}], "Share of total companies with given credit rating in each cluter": [{"1.0": 0.5, "2.0": 1.0, "3.0": 0.6, "4.0": 0.6, "5.0": 0.5, "6.0": 0.5517241379310345, "7.0": 0.41379310344827586, "8.0": 0.4090909090909091, "9.0": 0.4, "10.0": 0.49230769230769234, "11.0": 0.33962264150943394, "12.0": 0.3220338983050847, "13.0": 0.2765957446808511, "14.0": 0.42105263157894735, "15.0": 0.2, "16.0": 0.3333333333333333}, {"1.0": 0.5, "3.0": 0.4, "4.0": 0.4, "5.0": 0.5, "6.0": 0.4482758620689655, "7.0": 0.5862068965517241, "8.0": 0.5909090909090909, "9.0": 0.6, "10.0": 0.5076923076923077, "11.0": 0.660377358490566, "12.0": 0.6779661016949152, "13.0": 0.723404255319149, "14.0": 0.5789473684210527, "15.0": 0.8, "16.0": 0.6666666666666666, "17.0": 1.0}], "Cluster ranges": [15.0, 16.0], "Cluster metrics of location and dispersion": [{"Mean": 9.2375, "Median": 9.0, "1st Quartile": 8.0, "3rd Quartile": 11.0, "Standard Deviation": 2.7624434383349823, "Is Signficant": true}, {"Mean": 9.94943820224719, "Median": 9.5, "1st Quartile": 8.0, "3rd Quartile": 12.0, "Standard Deviation": 2.6790331811134553, "Is Signficant": true}], "Cluster entropies": [3.448470520953046, 3.4030076649450587], "Maximum entropy": 3.448470520953046, "Weighted average entropy": 3.4213148552838453, "Incoherencies explanations": {"CLUSTER 0": {}, "CLUSTER 1": {}}}}