{"Algorithm Parameters": {"Threshold Value": 0.8499999999999999, "Braching Factor": 67, "K": 27}, "Algorithm Performance": {"Silhouette Score": 0.7823171731835235}, "Clusters Content Analysis": {"Predictive Power": {"Global": {"Metrics": {"Class: Upgrade": {"Accuracy": 0.6666666666666666, "Precision": 0.7, "Recall": 0.8, "F1-Score": 0.7466666666666666}, "Class: Downgrade": {"Accuracy": 0.75, "Precision": 0.7, "Recall": 0.6, "F1-Score": 0.6461538461538462}}, "Confusion Matrix": {"predicted_down_AND_was_down": 3, "predicted_up_AND_was_up": 4, "predicted_no_change_AND_was_no_change": 12, "predicted_down_BUT_was_up": 1, "predicted_down_BUT_was_no_change": 321, "predicted_no_change_BUT_was_up": 0, "predicted_no_change_BUT_was_down": 0, "predicted_up_BUT_was_down": 2, "predicted_up_BUT_was_no_change": 253}}, "Restricted to jumps to or from below B-": {"Metrics": {"Class: Upgrade": "No element of this class", "Class: Downgrade": "No element of this class"}, "Confusion Matrix": {"predicted_down_AND_was_down": 0, "predicted_up_AND_was_up": 0, "predicted_no_change_AND_was_no_change": 12, "predicted_down_BUT_was_up": 0, "predicted_down_BUT_was_no_change": 325, "predicted_no_change_BUT_was_up": 0, "predicted_no_change_BUT_was_down": 0, "predicted_up_BUT_was_down": 0, "predicted_up_BUT_was_no_change": 259}}}, "Share of total companies in each clusters": [0.0050335570469798654, 0.04530201342281879, 0.17785234899328858, 0.11073825503355705, 0.06879194630872483, 0.010067114093959731, 0.026845637583892617, 0.03523489932885906, 0.031879194630872486, 0.015100671140939598, 0.0050335570469798654, 0.006711409395973154, 0.0016778523489932886, 0.07885906040268456, 0.08389261744966443, 0.07885906040268456, 0.11912751677852348, 0.006711409395973154, 0.03355704697986577, 0.016778523489932886, 0.0016778523489932886, 0.015100671140939598, 0.018456375838926176, 0.0016778523489932886, 0.0016778523489932886, 0.0016778523489932886, 0.0016778523489932886, {"SUM": 1.0}], "Clusters with significant ranges (count)": 18, "Significant Clusters (count)": 10, "Cluster Credit Ratings Shares": [{"1.0": 0.3333333333333333, "3.0": 0.3333333333333333, "4.0": 0.3333333333333333}, {"1.0": 0.037037037037037035, "3.0": 0.07407407407407407, "4.0": 0.1111111111111111, "5.0": 0.1111111111111111, "6.0": 0.1111111111111111, "7.0": 0.1111111111111111, "8.0": 0.14814814814814814, "9.0": 0.18518518518518517, "10.0": 0.037037037037037035, "11.0": 0.037037037037037035, "12.0": 0.037037037037037035}, {"2.0": 0.009433962264150943, "6.0": 0.009433962264150943, "7.0": 0.09433962264150944, "8.0": 0.14150943396226415, "9.0": 0.19811320754716982, "10.0": 0.14150943396226415, "11.0": 0.11320754716981132, "12.0": 0.1320754716981132, "13.0": 0.09433962264150944, "14.0": 0.03773584905660377, "15.0": 0.018867924528301886, "16.0": 0.009433962264150943}, {"2.0": 0.015151515151515152, "5.0": 0.015151515151515152, "6.0": 0.015151515151515152, "7.0": 0.09090909090909091, "8.0": 0.07575757575757576, "9.0": 0.22727272727272727, "10.0": 0.18181818181818182, "11.0": 0.045454545454545456, "12.0": 0.12121212121212122, "13.0": 0.07575757575757576, "14.0": 0.12121212121212122, "15.0": 0.015151515151515152}, {"3.0": 0.024390243902439025, "5.0": 0.024390243902439025, "6.0": 0.0975609756097561, "7.0": 0.07317073170731707, "8.0": 0.17073170731707318, "9.0": 0.17073170731707318, "10.0": 0.14634146341463414, "11.0": 0.12195121951219512, "12.0": 0.024390243902439025, "13.0": 0.04878048780487805, "14.0": 0.07317073170731707, "15.0": 0.024390243902439025}, {"3.0": 0.16666666666666666, "8.0": 0.5, "9.0": 0.16666666666666666, "10.0": 0.16666666666666666}, {"4.0": 0.125, "7.0": 0.3125, "8.0": 0.3125, "9.0": 0.25}, {"4.0": 0.047619047619047616, "5.0": 0.09523809523809523, "6.0": 0.047619047619047616, "7.0": 0.047619047619047616, "8.0": 0.047619047619047616, "9.0": 0.2857142857142857, "10.0": 0.09523809523809523, "11.0": 0.047619047619047616, "12.0": 0.047619047619047616, "13.0": 0.047619047619047616, "14.0": 0.19047619047619047}, {"4.0": 0.05263157894736842, "5.0": 0.10526315789473684, "6.0": 0.21052631578947367, "7.0": 0.15789473684210525, "8.0": 0.15789473684210525, "9.0": 0.10526315789473684, "11.0": 0.10526315789473684, "12.0": 0.10526315789473684}, {"4.0": 0.1111111111111111, "6.0": 0.2222222222222222, "7.0": 0.2222222222222222, "8.0": 0.1111111111111111, "9.0": 0.1111111111111111, "12.0": 0.1111111111111111, "14.0": 0.1111111111111111}, {"4.0": 0.3333333333333333, "5.0": 0.3333333333333333, "6.0": 0.3333333333333333}, {"5.0": 0.25, "6.0": 0.25, "9.0": 0.25, "11.0": 0.25}, {"5.0": 1.0}, {"6.0": 0.06382978723404255, "7.0": 0.1702127659574468, "8.0": 0.19148936170212766, "9.0": 0.23404255319148937, "10.0": 0.0851063829787234, "11.0": 0.10638297872340426, "12.0": 0.06382978723404255, "13.0": 0.0425531914893617, "14.0": 0.0425531914893617}, {"6.0": 0.04, "7.0": 0.02, "8.0": 0.14, "9.0": 0.14, "10.0": 0.08, "11.0": 0.14, "12.0": 0.22, "13.0": 0.12, "14.0": 0.04, "15.0": 0.06}, {"6.0": 0.02127659574468085, "7.0": 0.19148936170212766, "8.0": 0.2127659574468085, "9.0": 0.14893617021276595, "10.0": 0.0425531914893617, "11.0": 0.1276595744680851, "12.0": 0.0851063829787234, "13.0": 0.1276595744680851, "14.0": 0.02127659574468085, "16.0": 0.02127659574468085}, {"6.0": 0.014084507042253521, "7.0": 0.04225352112676056, "8.0": 0.07042253521126761, "9.0": 0.18309859154929578, "10.0": 0.15492957746478872, "11.0": 0.08450704225352113, "12.0": 0.09859154929577464, "13.0": 0.15492957746478872, "14.0": 0.1267605633802817, "15.0": 0.04225352112676056, "16.0": 0.014084507042253521, "17.0": 0.014084507042253521}, {"6.0": 0.5, "7.0": 0.25, "16.0": 0.25}, {"6.0": 0.05, "7.0": 0.05, "8.0": 0.25, "9.0": 0.15, "10.0": 0.05, "11.0": 0.1, "12.0": 0.1, "13.0": 0.05, "14.0": 0.1, "16.0": 0.05, "17.0": 0.05}, {"6.0": 0.1, "7.0": 0.1, "8.0": 0.2, "9.0": 0.2, "10.0": 0.3, "13.0": 0.1}, {"7.0": 1.0}, {"8.0": 0.4444444444444444, "9.0": 0.3333333333333333, "10.0": 0.1111111111111111, "12.0": 0.1111111111111111}, {"8.0": 0.09090909090909091, "9.0": 0.09090909090909091, "10.0": 0.18181818181818182, "11.0": 0.18181818181818182, "12.0": 0.2727272727272727, "13.0": 0.09090909090909091, "14.0": 0.09090909090909091}, {"8.0": 1.0}, {"13.0": 1.0}, {"14.0": 1.0}, {"16.0": 1.0}], "Share of total companies with given credit rating in each cluter": [{"1.0": 0.5, "3.0": 0.2, "4.0": 0.1}, {"1.0": 0.5, "3.0": 0.4, "4.0": 0.3, "5.0": 0.25, "6.0": 0.10344827586206896, "7.0": 0.05172413793103448, "8.0": 0.045454545454545456, "9.0": 0.045454545454545456, "10.0": 0.015384615384615385, "11.0": 0.018867924528301886, "12.0": 0.01694915254237288}, {"2.0": 0.5, "6.0": 0.034482758620689655, "7.0": 0.1724137931034483, "8.0": 0.17045454545454544, "9.0": 0.19090909090909092, "10.0": 0.23076923076923078, "11.0": 0.22641509433962265, "12.0": 0.23728813559322035, "13.0": 0.2127659574468085, "14.0": 0.10526315789473684, "15.0": 0.2, "16.0": 0.16666666666666666}, {"2.0": 0.5, "5.0": 0.08333333333333333, "6.0": 0.034482758620689655, "7.0": 0.10344827586206896, "8.0": 0.056818181818181816, "9.0": 0.13636363636363635, "10.0": 0.18461538461538463, "11.0": 0.05660377358490566, "12.0": 0.13559322033898305, "13.0": 0.10638297872340426, "14.0": 0.21052631578947367, "15.0": 0.1}, {"3.0": 0.2, "5.0": 0.08333333333333333, "6.0": 0.13793103448275862, "7.0": 0.05172413793103448, "8.0": 0.07954545454545454, "9.0": 0.06363636363636363, "10.0": 0.09230769230769231, "11.0": 0.09433962264150944, "12.0": 0.01694915254237288, "13.0": 0.0425531914893617, "14.0": 0.07894736842105263, "15.0": 0.1}, {"3.0": 0.2, "8.0": 0.03409090909090909, "9.0": 0.00909090909090909, "10.0": 0.015384615384615385}, {"4.0": 0.2, "7.0": 0.08620689655172414, "8.0": 0.056818181818181816, "9.0": 0.03636363636363636}, {"4.0": 0.1, "5.0": 0.16666666666666666, "6.0": 0.034482758620689655, "7.0": 0.017241379310344827, "8.0": 0.011363636363636364, "9.0": 0.05454545454545454, "10.0": 0.03076923076923077, "11.0": 0.018867924528301886, "12.0": 0.01694915254237288,