{"Algorithm Parameters": {"Eps": 21.6, "MinPts": 30, "K": 1.0}, "Algorithm Performance": {"Silhouette Score": 0.782}, "Clusters Content Analysis": {"Predictive Power": {"Metrics": {"Class: Upgrade": {"Accuracy": 0.7142857142857143, "Precision": 0.8, "Recall": 1.0, "F1-Score": 0.888888888888889}, "Class: Downgrade": {"Accuracy": 1.0, "Precision": 0.8, "Recall": 0.6, "F1-Score": 0.6857142857142857}}, "Confusion Matrix": {"predicted_down_AND_was_down": 3, "predicted_up_AND_was_up": 5, "predicted_no_change_AND_was_no_change": 1, "predicted_down_BUT_was_up": 0, "predicted_down_BUT_was_no_change": 312, "predicted_no_change_BUT_was_up": 0, "predicted_no_change_BUT_was_down": 0, "predicted_up_BUT_was_down": 2, "predicted_up_BUT_was_no_change": 273}}, "Share of total companies in each clusters": [0.9983221476510067, 0.0016778523489932886, {"SUM": 1.0}], "Clusters with significant ranges (count)": 1, "Significant Clusters (count)": 1, "Cluster Credit Ratings Shares": [{"1.0": 0.0033613445378151263, "2.0": 0.0033613445378151263, "3.0": 0.008403361344537815, "4.0": 0.01680672268907563, "5.0": 0.018487394957983194, "6.0": 0.04873949579831933, "7.0": 0.09747899159663866, "8.0": 0.14789915966386555, "9.0": 0.18487394957983194, "10.0": 0.1092436974789916, "11.0": 0.08907563025210084, "12.0": 0.09915966386554621, "13.0": 0.07899159663865546, "14.0": 0.06386554621848739, "15.0": 0.01680672268907563, "16.0": 0.010084033613445379, "17.0": 0.0033613445378151263}, {"5.0": 1.0}], "Share of total companies with given credit rating in each cluter": [{"1.0": 1.0, "2.0": 1.0, "3.0": 1.0, "4.0": 1.0, "5.0": 0.9166666666666666, "6.0": 1.0, "7.0": 1.0, "8.0": 1.0, "9.0": 1.0, "10.0": 1.0, "11.0": 1.0, "12.0": 1.0, "13.0": 1.0, "14.0": 1.0, "15.0": 1.0, "16.0": 1.0, "17.0": 1.0}, {"5.0": 0.08333333333333333}], "Cluster ranges": [16.0, 0.0], "Cluster metrics of location and dispersion": [{"Mean": 9.670588235294117, "Median": 9.0, "1st Quartile": 8.0, "3rd Quartile": 12.0, "Standard Deviation": 2.730910918337543, "Is Signficant": true}, {"Mean": 5.0, "Median": 5.0, "1st Quartile": 5.0, "3rd Quartile": 5.0, "Standard Deviation": 0.0, "Is Signficant": false}], "Cluster entropies": [3.4432464026051086, 0], "Maximum entropy": 3.4432464026051086, "Weighted average entropy": 3.437469143540335, "Incoherencies explanations": {"CLUSTER 0": {"RATING 9.0": [{"0": {"Comparison": "Cluster elements in upper half", "Credit Rating Statistics": {"Mean": 0.028057010697576233, "Median": -0.2144192455946033, "1st Quartile": -1.4944161285985393, "3rd Quartile": 1.0168894865091263, "Standard Deviation": 2.0532898935791066}, "Cluster Statistics": {"Mean": 0.028057010697576233, "Median": -0.2144192455946033, "1st Quartile": -1.4944161285985393, "3rd Quartile": 1.0168894865091263, "Standard Deviation": 2.0532898935791066}}}, {"4": {"Comparison": "Cluster elements in upper half", "Credit Rating Statistics": {"Mean": 0.011734004588268444, "Median": -0.2230992613184433, "1st Quartile": -0.8084738790531711, "3rd Quartile": 0.6077534758017155, "Standard Deviation": 1.6796865284245839}, "Cluster Statistics": {"Mean": 0.011734004588268444, "Median": -0.2230992613184433, "1st Quartile": -0.8084738790531711, "3rd Quartile": 0.6077534758017155, "Standard Deviation": 1.6796865284245839}}}, {"5": {"Comparison": "Cluster elements in upper half", "Credit Rating Statistics": {"Mean": -0.0442119860560973, "Median": -0.3128926082972428, "1st Quartile": -0.862166885843349, "3rd Quartile": 0.6358409855999907, "Standard Deviation": 1.4523169822229833}, "Cluster Statistics": {"Mean": -0.0442119860560973, "Median": -0.3128926082972428, "1st Quartile": -0.862166885843349, "3rd Quartile": 0.6358409855999907, "Standard Deviation": 1.4523169822229833}}}, {"6": {"Comparison": "Cluster elements in upper half", "Credit Rating Statistics": {"Mean": -0.04351482517908162, "Median": -0.15642549958715388, "1st Quartile": -0.5074150929902046, "3rd Quartile": 0.562120184826278, "Standard Deviation": 1.1733960649989144}, "Cluster Statistics": {"Mean": -0.04351482517908162, "Median": -0.15642549958715388, "1st Quartile": -0.5074150929902046, "3rd Quartile": 0.562120184826278, "Standard Deviation": 1.1733960649989144}}}, {"19": {"Comparison": "Cluster elements in upper half", "Credit Rating Statistics": {"Mean": -0.02553356850288309, "Median": -0.048398117797670205, "1st Quartile": -0.43554325468905264, "3rd Quartile": 0.36428045122946817, "Standard Deviation": 0.8091104808755291}, "Cluster Statistics": {"Mean": -0.02553356850288309, "Median": -0.048398117797670205, "1st Quartile": -0.43554325468905264, "3rd Quartile": 0.36428045122946817, "Standard Deviation": 0.8091104808755291}}}]}}}}