{"Algorithm Parameters": {"K": 10}, "Algorithm Performance": {"WCSS": 12750.132519080658, "Silhouette Score": 0.11987384734827769, "Calinski Harabasz Index": 48.15442101451997}, "Clusters Content Analysis": {"Predictive Power": {"Global": {"Metrics": {"Class: Upgrade": {"Accuracy": 0.7142857142857143, "Precision": 0.7777777777777778, "Recall": 1.0, "F1-Score": 0.8750000000000001}, "Class: Downgrade": {"Accuracy": 1.0, "Precision": 0.7777777777777778, "Recall": 0.5, "F1-Score": 0.6086956521739131}}, "Confusion Matrix": {"predicted_down_AND_was_down": 2, "predicted_up_AND_was_up": 5, "predicted_no_change_AND_was_no_change": 4, "predicted_down_BUT_was_up": 0, "predicted_down_BUT_was_no_change": 308, "predicted_no_change_BUT_was_up": 0, "predicted_no_change_BUT_was_down": 1, "predicted_up_BUT_was_down": 2, "predicted_up_BUT_was_no_change": 274}}, "Restricted to jumps to or from below B-": {"Metrics": {"Class: Upgrade": "No element of this class", "Class: Downgrade": "No element of this class"}, "Confusion Matrix": {"predicted_down_AND_was_down": 0, "predicted_up_AND_was_up": 0, "predicted_no_change_AND_was_no_change": 5, "predicted_down_BUT_was_up": 0, "predicted_down_BUT_was_no_change": 310, "predicted_no_change_BUT_was_up": 0, "predicted_no_change_BUT_was_down": 0, "predicted_up_BUT_was_down": 0, "predicted_up_BUT_was_no_change": 281}}}, "Share of total companies in each clusters": [0.016778523489932886, 0.15436241610738255, 0.3187919463087248, 0.1761744966442953, 0.053691275167785234, 0.010067114093959731, 0.05536912751677853, 0.15604026845637584, 0.040268456375838924, 0.018456375838926176, {"SUM": 1.0000000000000002}], "Clusters with significant ranges (count)": 10, "Significant Clusters (count)": 5, "Cluster Credit Ratings Shares": [{"1.0": 0.1, "3.0": 0.1, "4.0": 0.2, "5.0": 0.1, "6.0": 0.1, "8.0": 0.1, "9.0": 0.1, "12.0": 0.1, "14.0": 0.1}, {"1.0": 0.010869565217391304, "3.0": 0.021739130434782608, "4.0": 0.043478260869565216, "5.0": 0.05434782608695652, "6.0": 0.07608695652173914, "7.0": 0.16304347826086957, "8.0": 0.15217391304347827, "9.0": 0.1956521739130435, "10.0": 0.09782608695652174, "11.0": 0.07608695652173914, "12.0": 0.03260869565217391, "13.0": 0.010869565217391304, "14.0": 0.06521739130434782}, {"2.0": 0.005263157894736842, "5.0": 0.005263157894736842, "6.0": 0.021052631578947368, "7.0": 0.05789473684210526, "8.0": 0.11052631578947368, "9.0": 0.1736842105263158, "10.0": 0.12105263157894737, "11.0": 0.11578947368421053, "12.0": 0.14736842105263157, "13.0": 0.1368421052631579, "14.0": 0.05789473684210526, "15.0": 0.031578947368421054, "16.0": 0.010526315789473684, "17.0": 0.005263157894736842}, {"2.0": 0.009523809523809525, "4.0": 0.01904761904761905, "5.0": 0.009523809523809525, "6.0": 0.02857142857142857, "7.0": 0.08571428571428572, "8.0": 0.13333333333333333, "9.0": 0.21904761904761905, "10.0": 0.18095238095238095, "11.0": 0.0761904761904762, "12.0": 0.0761904761904762, "13.0": 0.0761904761904762, "14.0": 0.06666666666666667, "15.0": 0.009523809523809525, "16.0": 0.009523809523809525}, {"3.0": 0.03125, "4.0": 0.03125, "5.0": 0.03125, "6.0": 0.125, "7.0": 0.125, "8.0": 0.21875, "9.0": 0.15625, "10.0": 0.125, "11.0": 0.0625, "13.0": 0.03125, "14.0": 0.0625}, {"3.0": 0.16666666666666666, "8.0": 0.5, "9.0": 0.16666666666666666, "10.0": 0.16666666666666666}, {"4.0": 0.030303030303030304, "5.0": 0.09090909090909091, "6.0": 0.18181818181818182, "7.0": 0.21212121212121213, "8.0": 0.15151515151515152, "9.0": 0.12121212121212122, "10.0": 0.06060606060606061, "11.0": 0.06060606060606061, "12.0": 0.030303030303030304, "14.0": 0.030303030303030304, "16.0": 0.030303030303030304}, {"6.0": 0.021505376344086023, "7.0": 0.11827956989247312, "8.0": 0.21505376344086022, "9.0": 0.21505376344086022, "10.0": 0.010752688172043012, "11.0": 0.07526881720430108, "12.0": 0.13978494623655913, "13.0": 0.08602150537634409, "14.0": 0.07526881720430108, "15.0": 0.021505376344086023, "16.0": 0.010752688172043012, "17.0": 0.010752688172043012}, {"6.0": 0.08333333333333333, "7.0": 0.041666666666666664, "8.0": 0.08333333333333333, "9.0": 0.20833333333333334, "10.0": 0.16666666666666666, "11.0": 0.125, "12.0": 0.08333333333333333, "13.0": 0.08333333333333333, "14.0": 0.08333333333333333, "15.0": 0.041666666666666664}, {"8.0": 0.09090909090909091, "10.0": 0.18181818181818182, "11.0": 0.18181818181818182, "12.0": 0.2727272727272727, "13.0": 0.09090909090909091, "14.0": 0.09090909090909091, "16.0": 0.09090909090909091}], "Share of total companies with given credit rating in each cluter": [{"1.0": 0.5, "3.0": 0.2, "4.0": 0.2, "5.0": 0.08333333333333333, "6.0": 0.034482758620689655, "8.0": 0.011363636363636364, "9.0": 0.00909090909090909, "12.0": 0.01694915254237288, "14.0": 0.02631578947368421}, {"1.0": 0.5, "3.0": 0.4, "4.0": 0.4, "5.0": 0.4166666666666667, "6.0": 0.2413793103448276, "7.0": 0.25862068965517243, "8.0": 0.1590909090909091, "9.0": 0.16363636363636364, "10.0": 0.13846153846153847, "11.0": 0.1320754716981132, "12.0": 0.05084745762711865, "13.0": 0.02127659574468085, "14.0": 0.15789473684210525}, {"2.0": 0.5, "5.0": 0.08333333333333333, "6.0": 0.13793103448275862, "7.0": 0.1896551724137931, "8.0": 0.23863636363636365, "9.0": 0.3, "10.0": 0.35384615384615387, "11.0": 0.41509433962264153, "12.0": 0.4745762711864407, "13.0": 0.5531914893617021, "14.0": 0.2894736842105263, "15.0": 0.6, "16.0": 0.3333333333333333, "17.0": 0.5}, {"2.0": 0.5, "4.0": 0.2, "5.0": 0.08333333333333333, "6.0": 0.10344827586206896, "7.0": 0.15517241379310345, "8.0": 0.1590909090909091, "9.0": 0.20909090909090908, "10.0": 0.2923076923076923, "11.0": 0.1509433962264151, "12.0": 0.13559322033898305, "13.0": 0.1702127659574468, "14.0": 0.18421052631578946, "15.0": 0.1, "16.0": 0.16666666666666666}, {"3.0": 0.2, "4.0": 0.1, "5.0": 0.08333333333333333, "6.0": 0.13793103448275862, "7.0": 0.06896551724137931, "8.0": 0.07954545454545454, "9.0": 0.045454545454545456, "10.0": 0.06153846153846154, "11.0": 0.03773584905660377, "13.0": 0.02127659574468085, "14.0": 0.05263157894736842}, {"3.0": 0.2, "8.0": 0.03409090909090909, "9.0": 0.00909090909090909, "10.0": 0.015384615384615385}, {"4.0": 0.1, "5.0": 0.25, "6.0": 0.20689655172413793, "7.0": 0.1206896551724138, "8.0": 0.056818181818181816, "9.0": 0.03636363636363636, "10.0": 0.03076923076923077, "11.0": 0.03773584905660377, "12.0": 0.01694915254237288, "14.0": 0.02631578947368421, "16.0": 0.16666666666666666}, {"6.0": 0.06896551724137931, "7.0": 0.1896551724137931, "8.0": 0.22727272727272727, "9.0": 0.18181818181818182, "10.0": 0.015384615384615385, "11.0": 0.1320754716981132, "12.0": 0.22033898305084745, "13.0": 0.1702127659574468, "14.0": 0.18421052631578946, "15.0": 0.2, "16.0": 0.16666666666666666, "17.0": 0.5}, {"6.0": 0.06896551724137931, "7.0": 0.017241379310344827, "8.0": 0.022727272727272728, "9.0": 0.045454545454545456, "10.0": 0.06153846153846154, "11.0": 0.05660377358490566, "12.0": 0.03389830508474576, "13.0": 0.0425531914893617, "14.0": 0.05263157894736842, "15.0": 0.1}, {"8.0": 0.011363636363636364, "10.0": 0.03076923076923077, "11.0": 0.03773584905660377, "12.0": 0.05084745762711865, "13.0": 0.02127659574468085, "14.0": 0.02631578947368421, "16.0": 0.16666666666666666}], "Cluster ranges": [13.0, 13.0, 15.0, 14.0, 11.0, 7.0, 12.0, 11.0, 9.0, 8.0], "Cluster metrics of location and dispersion": [{"Mean": 6.6, "Median": 5.5, "1st Quartile": 4.0, "3rd Quartile": 8.75, "Standard Deviation": 3.903844259188627, "Is Signficant": false}, {"Mean": 8.358695652173912, "Median": 8.0, "1st Quartile": 7.0, "3rd Quartile": 10.0, "Standard Deviation": 2.648139304669907, "Is Signficant": false}, {"Mean": 10.589473684210526, "Median": 11.0, "1st Quartile": 9.0, "3rd Quartile": 12.0, "Standard Deviation": 2.4257163319299497, "Is Signficant": true}, {"Mean": 9.733333333333333, "Median": 9.0, "1st Quartile": 8.0, "3rd Quartile": 11.0, "Standard Deviation": 2.481423042824483, "Is Signficant": true}, {"Mean": 8.375, "Median": 8.0, "1st Quartile": 7.0,