{"Algorithm Parameters": {"K": 10}, "Algorithm Performance": {"WCSS": 12750.132519080658, "Silhouette Score": 0.11987384734827769, "Calinski Harabasz Index": 48.15442101451997}, "Clusters Content Analysis": {"Predictive Power": {"Global": {"Metrics": {"Class: Upgrade": {"Accuracy": 0.7142857142857143, "Precision": 0.8, "Recall": 1.0, "F1-Score": 0.888888888888889}, "Class: Downgrade": {"Accuracy": 1.0, "Precision": 0.8, "Recall": 0.6, "F1-Score": 0.6857142857142857}}, "Confusion Matrix": {"predicted_down_AND_was_down": 3, "predicted_up_AND_was_up": 5, "predicted_no_change_AND_was_no_change": 4, "predicted_down_BUT_was_up": 0, "predicted_down_BUT_was_no_change": 314, "predicted_no_change_BUT_was_up": 0, "predicted_no_change_BUT_was_down": 0, "predicted_up_BUT_was_down": 2, "predicted_up_BUT_was_no_change": 268}}, "Restricted to jumps to or from below B-": {"Metrics": {"Class: Upgrade": "No element of this class", "Class: Downgrade": "No element of this class"}, "Confusion Matrix": {"predicted_down_AND_was_down": 0, "predicted_up_AND_was_up": 0, "predicted_no_change_AND_was_no_change": 4, "predicted_down_BUT_was_up": 0, "predicted_down_BUT_was_no_change": 317, "predicted_no_change_BUT_was_up": 0, "predicted_no_change_BUT_was_down": 0, "predicted_up_BUT_was_down": 0, "predicted_up_BUT_was_no_change": 275}}}, "Share of total companies in each clusters": [0.09731543624161074, 0.3422818791946309, 0.23825503355704697, 0.08389261744966443, 0.01174496644295302, 0.016778523489932886, 0.0016778523489932886, 0.18791946308724833, 0.018456375838926176, 0.0016778523489932886, {"SUM": 1.0000000000000002}], "Clusters with significant ranges (count)": 8, "Significant Clusters (count)": 4, "Cluster Credit Ratings Shares": [{"1.0": 0.034482758620689655, "3.0": 0.05172413793103448, "4.0": 0.06896551724137931, "5.0": 0.1206896551724138, "6.0": 0.10344827586206896, "7.0": 0.13793103448275862, "8.0": 0.10344827586206896, "9.0": 0.20689655172413793, "10.0": 0.05172413793103448, "11.0": 0.05172413793103448, "12.0": 0.034482758620689655, "14.0": 0.034482758620689655}, {"2.0": 0.004901960784313725, "6.0": 0.0196078431372549, "7.0": 0.06862745098039216, "8.0": 0.12254901960784313, "9.0": 0.16666666666666666, "10.0": 0.12254901960784313, "11.0": 0.11274509803921569, "12.0": 0.1323529411764706, "13.0": 0.11764705882352941, "14.0": 0.0784313725490196, "15.0": 0.03431372549019608, "16.0": 0.014705882352941176, "17.0": 0.004901960784313725}, {"2.0": 0.007042253521126761, "4.0": 0.02112676056338028, "5.0": 0.014084507042253521, "6.0": 0.056338028169014086, "7.0": 0.11971830985915492, "8.0": 0.11971830985915492, "9.0": 0.22535211267605634, "10.0": 0.1619718309859155, "11.0": 0.07042253521126761, "12.0": 0.07746478873239436, "13.0": 0.07042253521126761, "14.0": 0.04225352112676056, "15.0": 0.007042253521126761, "16.0": 0.007042253521126761}, {"3.0": 0.02, "4.0": 0.02, "5.0": 0.02, "6.0": 0.1, "7.0": 0.08, "8.0": 0.18, "9.0": 0.16, "10.0": 0.14, "11.0": 0.1, "12.0": 0.02, "13.0": 0.06, "14.0": 0.08, "15.0": 0.02}, {"3.0": 0.14285714285714285, "4.0": 0.14285714285714285, "8.0": 0.42857142857142855, "9.0": 0.14285714285714285, "10.0": 0.14285714285714285}, {"4.0": 0.1, "5.0": 0.1, "6.0": 0.1, "8.0": 0.2, "9.0": 0.3, "10.0": 0.1, "12.0": 0.1}, {"5.0": 1.0}, {"6.0": 0.044642857142857144, "7.0": 0.13392857142857142, "8.0": 0.22321428571428573, "9.0": 0.17857142857142858, "10.0": 0.026785714285714284, "11.0": 0.08928571428571429, "12.0": 0.125, "13.0": 0.08035714285714286, "14.0": 0.07142857142857142, "15.0": 0.008928571428571428, "16.0": 0.008928571428571428, "17.0": 0.008928571428571428}, {"8.0": 0.09090909090909091, "10.0": 0.18181818181818182, "11.0": 0.18181818181818182, "12.0": 0.2727272727272727, "13.0": 0.09090909090909091, "14.0": 0.09090909090909091, "16.0": 0.09090909090909091}, {"14.0": 1.0}], "Share of total companies with given credit rating in each cluter": [{"1.0": 1.0, "3.0": 0.6, "4.0": 0.4, "5.0": 0.5833333333333334, "6.0": 0.20689655172413793, "7.0": 0.13793103448275862, "8.0": 0.06818181818181818, "9.0": 0.10909090909090909, "10.0": 0.046153846153846156, "11.0": 0.05660377358490566, "12.0": 0.03389830508474576, "14.0": 0.05263157894736842}, {"2.0": 0.5, "6.0": 0.13793103448275862, "7.0": 0.2413793103448276, "8.0": 0.2840909090909091, "9.0": 0.3090909090909091, "10.0": 0.38461538461538464, "11.0": 0.4339622641509434, "12.0": 0.4576271186440678, "13.0": 0.5106382978723404, "14.0": 0.42105263157894735, "15.0": 0.7, "16.0": 0.5, "17.0": 0.5}, {"2.0": 0.5, "4.0": 0.3, "5.0": 0.16666666666666666, "6.0": 0.27586206896551724, "7.0": 0.29310344827586204, "8.0": 0.19318181818181818, "9.0": 0.2909090909090909, "10.0": 0.35384615384615387, "11.0": 0.18867924528301888, "12.0": 0.1864406779661017, "13.0": 0.2127659574468085, "14.0": 0.15789473684210525, "15.0": 0.1, "16.0": 0.16666666666666666}, {"3.0": 0.2, "4.0": 0.1, "5.0": 0.08333333333333333, "6.0": 0.1724137931034483, "7.0": 0.06896551724137931, "8.0": 0.10227272727272728, "9.0": 0.07272727272727272, "10.0": 0.1076923076923077, "11.0": 0.09433962264150944, "12.0": 0.01694915254237288, "13.0": 0.06382978723404255, "14.0": 0.10526315789473684, "15.0": 0.1}, {"3.0": 0.2, "4.0": 0.1, "8.0": 0.03409090909090909, "9.0": 0.00909090909090909, "10.0": 0.015384615384615385}, {"4.0": 0.1, "5.0": 0.08333333333333333, "6.0": 0.034482758620689655, "8.0": 0.022727272727272728, "9.0": 0.02727272727272727, "10.0": 0.015384615384615385, "12.0": 0.01694915254237288}, {"5.0": 0.08333333333333333}, {"6.0": 0.1724137931034483, "7.0": 0.25862068965517243, "8.0": 0.2840909090909091, "9.0": 0.18181818181818182, "10.0": 0.046153846153846156, "11.0": 0.18867924528301888, "12.0": 0.23728813559322035, "13.0": 0.19148936170212766, "14.0": 0.21052631578947367, "15.0": 0.1, "16.0": 0.16666666666666666, "17.0": 0.5}, {"8.0": 0.011363636363636364, "10.0": 0.03076923076923077, "11.0": 0.03773584905660377, "12.0": 0.05084745762711865, "13.0": 0.02127659574468085, "14.0": 0.02631578947368421, "16.0": 0.16666666666666666}, {"14.0": 0.02631578947368421}], "Cluster ranges": [13.0, 15.0, 14.0, 12.0, 7.0, 8.0, 0.0, 11.0, 8.0, 0.0], "Cluster metrics of location and dispersion": [{"Mean": 7.327586206896552, "Median": 7.0, "1st Quartile": 5.0, "3rd Quartile": 9.0, "Standard Deviation": 2.8185832283227263, "Is Signficant": false}, {"Mean": 10.602941176470589, "Median": 10.0, "1st Quartile": 9.0, "3rd Quartile": 12.25, "Standard Deviation": 2.474218271568481, "Is Signficant": true}, {"Mean": 9.380281690140846, "Median": 9.0, "1st Quartile": 8.0, "3rd Quartile": 11.0, "Standard Deviation": 2.445842676772957, "Is Signficant": true}, {"Mean": 9.22, "Median": 9.0, "1st Quartile": 8.0, "3rd Quartile": 11.0, "Standard Deviation": 2.700296280040396, "Is Signficant": false}, {"Mean": 7.142857142857143, "Median": 8.0, "1st Quartile": 6.0, "3rd Quartile": 8.5, "Standard Deviation": 2.415933503612538, "Is Signficant": false}, {"Mean": 8.0, "Median": 8.5, "1st Quartile": 6.5, "3rd Quartile": 9.0, "Standard Deviation": 2.280350850198276, "Is Signficant": false}, {"Mean": 5.0, "Median": 5.0, "1st Quartile": 5.0, "3rd Quartile": 5.0, "Standard Deviation": 0.0, "Is Signficant": false}, {"Mean": 9.821428571428571, "Median": 9.0, "1st Quartile": 8.0, "3rd Quartile": 12.0, "Standard Deviation": 2.5291665966221735, "Is Signficant": true}, {"Mean": 11.727272727272727, "Median": 12.0, "1st Quartile": 10.5, "3rd Quartile": 12.5, "Standard Deviation": 2.0489868490153897, "Is Signficant": true}, {"Mean": 14.0, "Median": 14.0, "1st Quartile": 14.0, "3rd Quartile": 14.0, "Standard Deviation": 0.0, "Is Signficant": false}], "Cluster entropies": [3.3415112196413412, 3.273705368826134, 3.2499398392154517, 3.3207566314063017, 2.1280852788913944, 2.6464393446710153, 0, 3.088118953990601, 2.663532754804255, 0], "Maximum entropy": 3.3415112196413412, "Weighted average entropy": 3.197486591052655, "Incoherencies explanations": {"CLUSTER 0": {}, "CLUSTER 1": {}, "CLUSTER 2": {}, "CLUSTER 3": {},