{"Algorithm Parameters": {"K": 10}, "Algorithm Performance": {"WCSS": 12750.132519080658, "Silhouette Score": 0.11987384734827769, "Calinski Harabasz Index": 48.15442101451997}, "Clusters Content Analysis": {"Predictive Power": {"Global": {"Metrics": {"Class: Upgrade": {"Accuracy": 0.6666666666666666, "Precision": 0.6923076923076923, "Recall": 0.8571428571428571, "F1-Score": 0.7659574468085107}, "Class: Downgrade": {"Accuracy": 0.75, "Precision": 0.6923076923076923, "Recall": 0.5, "F1-Score": 0.5806451612903226}}, "Confusion Matrix": {"predicted_down_AND_was_down": 3, "predicted_up_AND_was_up": 6, "predicted_no_change_AND_was_no_change": 1, "predicted_down_BUT_was_up": 1, "predicted_down_BUT_was_no_change": 318, "predicted_no_change_BUT_was_up": 0, "predicted_no_change_BUT_was_down": 0, "predicted_up_BUT_was_down": 3, "predicted_up_BUT_was_no_change": 264}}, "Restricted to jumps to or from below B-": {"Metrics": {"Class: Upgrade": "No element of this class", "Class: Downgrade": "No element of this class"}, "Confusion Matrix": {"predicted_down_AND_was_down": 0, "predicted_up_AND_was_up": 0, "predicted_no_change_AND_was_no_change": 1, "predicted_down_BUT_was_up": 0, "predicted_down_BUT_was_no_change": 322, "predicted_no_change_BUT_was_up": 0, "predicted_no_change_BUT_was_down": 0, "predicted_up_BUT_was_down": 0, "predicted_up_BUT_was_no_change": 273}}}, "Share of total companies in each clusters": [0.020134228187919462, 0.22483221476510068, 0.1610738255033557, 0.08557046979865772, 0.010067114093959731, 0.20973154362416108, 0.06040268456375839, 0.2080536912751678, 0.018456375838926176, 0.0016778523489932886, {"SUM": 1.0000000000000002}], "Clusters with significant ranges (count)": 9, "Significant Clusters (count)": 5, "Cluster Credit Ratings Shares": [{"AAA": 0.16666666666666666, "AA": 0.08333333333333333, "AA-": 0.16666666666666666, "A+": 0.08333333333333333, "A-": 0.16666666666666666, "BBB+": 0.08333333333333333, "BBB": 0.25}, {"AA+": 0.007462686567164179, "AA": 0.014925373134328358, "AA-": 0.029850746268656716, "A+": 0.03731343283582089, "A": 0.04477611940298507, "A-": 0.14925373134328357, "BBB+": 0.14925373134328357, "BBB": 0.1865671641791045, "BBB-": 0.11940298507462686, "BB+": 0.05223880597014925, "BB": 0.09701492537313433, "BB-": 0.06716417910447761, "B+": 0.022388059701492536, "B": 0.007462686567164179, "B-": 0.014925373134328358}, {"AA+": 0.010416666666666666, "AA-": 0.010416666666666666, "A+": 0.010416666666666666, "A": 0.020833333333333332, "A-": 0.09375, "BBB+": 0.10416666666666667, "BBB": 0.21875, "BBB-": 0.1875, "BB+": 0.07291666666666667, "BB": 0.08333333333333333, "BB-": 0.10416666666666667, "B+": 0.07291666666666667, "B": 0.010416666666666666}, {"AA": 0.0196078431372549, "AA-": 0.0196078431372549, "A+": 0.0196078431372549, "A": 0.11764705882352941, "A-": 0.0784313725490196, "BBB+": 0.17647058823529413, "BBB": 0.1568627450980392, "BBB-": 0.13725490196078433, "BB+": 0.09803921568627451, "BB": 0.0196078431372549, "BB-": 0.058823529411764705, "B+": 0.0784313725490196, "B": 0.0196078431372549}, {"AA": 0.16666666666666666, "BBB+": 0.5, "BBB": 0.16666666666666666, "BBB-": 0.16666666666666666}, {"AA-": 0.008, "A+": 0.016, "A": 0.032, "A-": 0.016, "BBB+": 0.12, "BBB": 0.176, "BBB-": 0.096, "BB+": 0.152, "BB": 0.144, "BB-": 0.112, "B+": 0.08, "B": 0.032, "B-": 0.016}, {"AA-": 0.027777777777777776, "A+": 0.05555555555555555, "A": 0.16666666666666666, "A-": 0.16666666666666666, "BBB+": 0.19444444444444445, "BBB": 0.16666666666666666, "BBB-": 0.05555555555555555, "BB+": 0.05555555555555555, "BB": 0.05555555555555555, "B+": 0.05555555555555555}, {"A": 0.04032258064516129, "A-": 0.12096774193548387, "BBB+": 0.1693548387096774, "BBB": 0.1935483870967742, "BBB-": 0.056451612903225805, "BB+": 0.08870967741935484, "BB": 0.11290322580645161, "BB-": 0.08064516129032258, "B+": 0.08870967741935484, "B": 0.024193548387096774, "B-": 0.008064516129032258, "CCC": 0.016129032258064516}, {"BBB+": 0.09090909090909091, "BBB-": 0.18181818181818182, "BB+": 0.18181818181818182, "BB": 0.2727272727272727, "BB-": 0.09090909090909091, "B+": 0.09090909090909091, "B-": 0.09090909090909091}, {"BBB+": 1.0}], "Share of total companies with given credit rating in each cluter": [{"AAA": 1.0, "AA": 0.2, "AA-": 0.2, "A+": 0.08333333333333333, "A-": 0.034482758620689655, "BBB+": 0.011363636363636364, "BBB": 0.02727272727272727}, {"AA+": 0.5, "AA": 0.4, "AA-": 0.4, "A+": 0.4166666666666667, "A": 0.20689655172413793, "A-": 0.3448275862068966, "BBB+": 0.22727272727272727, "BBB": 0.22727272727272727, "BBB-": 0.24615384615384617, "BB+": 0.1320754716981132, "BB": 0.22033898305084745, "BB-": 0.19148936170212766, "B+": 0.07894736842105263, "B": 0.1, "B-": 0.3333333333333333}, {"AA+": 0.5, "AA-": 0.1, "A+": 0.08333333333333333, "A": 0.06896551724137931, "A-": 0.15517241379310345, "BBB+": 0.11363636363636363, "BBB": 0.19090909090909092, "BBB-": 0.27692307692307694, "BB+": 0.1320754716981132, "BB": 0.13559322033898305, "BB-": 0.2127659574468085, "B+": 0.18421052631578946, "B": 0.1}, {"AA": 0.2, "AA-": 0.1, "A+": 0.08333333333333333, "A": 0.20689655172413793, "A-": 0.06896551724137931, "BBB+": 0.10227272727272728, "BBB": 0.07272727272727272, "BBB-": 0.1076923076923077, "BB+": 0.09433962264150944, "BB": 0.01694915254237288, "BB-": 0.06382978723404255, "B+": 0.10526315789473684, "B": 0.1}, {"AA": 0.2, "BBB+": 0.03409090909090909, "BBB": 0.00909090909090909, "BBB-": 0.015384615384615385}, {"AA-": 0.1, "A+": 0.16666666666666666, "A": 0.13793103448275862, "A-": 0.034482758620689655, "BBB+": 0.17045454545454544, "BBB": 0.2, "BBB-": 0.18461538461538463, "BB+": 0.3584905660377358, "BB": 0.3050847457627119, "BB-": 0.2978723404255319, "B+": 0.2631578947368421, "B": 0.4, "B-": 0.3333333333333333}, {"AA-": 0.1, "A+": 0.16666666666666666, "A": 0.20689655172413793, "A-": 0.10344827586206896, "BBB+": 0.07954545454545454, "BBB": 0.05454545454545454, "BBB-": 0.03076923076923077, "BB+": 0.03773584905660377, "BB": 0.03389830508474576, "B+": 0.05263157894736842}, {"A": 0.1724137931034483, "A-": 0.25862068965517243, "BBB+": 0.23863636363636365, "BBB": 0.21818181818181817, "BBB-": 0.1076923076923077, "BB+": 0.20754716981132076, "BB": 0.23728813559322035, "BB-": 0.2127659574468085, "B+": 0.2894736842105263, "B": 0.3, "B-": 0.16666666666666666, "CCC": 1.0}, {"BBB+": 0.011363636363636364, "BBB-": 0.03076923076923077, "BB+": 0.03773584905660377, "BB": 0.05084745762711865, "BB-": 0.02127659574468085, "B+": 0.02631578947368421, "B-": 0.16666666666666666}, {"BBB+": 0.011363636363636364}], "Cluster ranges": [8.0, 14.0, 13.0, 12.0, 7.0, 12.0, 10.0, 12.0, 8.0, 0.0], "Cluster metrics of location and dispersion": [{"Mean": 5.583333333333333, "Median": 6.0, "1st Quartile": 3.75, "3rd Quartile": 8.25, "Standard Deviation": 2.8710721961587025, "Is Signficant": false}, {"Mean": 9.022388059701493, "Median": 9.0, "1st Quartile": 7.0, "3rd Quartile": 11.0, "Standard Deviation": 2.689022509828598, "Is Signficant": true}, {"Mean": 9.90625, "Median": 10.0, "1st Quartile": 8.75, "3rd Quartile": 12.0, "Standard Deviation": 2.4241756545610853, "Is Signficant": true}, {"Mean": 9.156862745098039, "Median": 9.0, "1st Quartile": 7.5, "3rd Quartile": 11.0, "Standard Deviation": 2.710708966083993, "Is Signficant": false}, {"Mean": 7.666666666666667, "Median": 8.0, "1st Quartile": 8.0, "3rd Quartile": 8.75, "Standard Deviation": 2.211083193570267, "Is Signficant": false}, {"Mean": 10.632, "Median": 11.0, "1st Quartile": 9.0, "3rd Quartile": 12.0, "Standard Deviation": 2.4479738560695457, "Is Signficant": true}, {"Mean": 8.222222222222221, "Median": 8.0, "1st Quartile": 6.75, "3rd Quartile": 9.0, "Standard Deviation": 2.3465235646603197, "Is Signficant": false}, {"Mean": 10.153225806451612, "Median": 9.0, "1st Quartile": 8.0, "3rd Quartile": 12.0, "Standard Deviation": 2.6822124799726668, "Is Signficant": true}, {"Mean": 11.727272727272727, "Median": 12.0, "1st Quartile": 10.5, "3rd Quartile": 12.5, "Standard Deviation": 2.0489868490153897,