{"Algorithm Parameters": {"C": 13}, "Algorithm Performance": {"WCSS": 22170.764108698204, "Silhouette Score": -0.11610071939364164, "Calinski Harabasz Index": 19.53984086972577}, "Clusters Content Analysis": {"Predictive Power": {"Global": {"Metrics": {"Class: Upgrade": {"Accuracy": 0.6666666666666666, "Precision": 0.7, "Recall": 0.8, "F1-Score": 0.7466666666666666}, "Class: Downgrade": {"Accuracy": 0.75, "Precision": 0.7, "Recall": 0.6, "F1-Score": 0.6461538461538462}}, "Confusion Matrix": {"predicted_down_AND_was_down": 3, "predicted_up_AND_was_up": 4, "predicted_no_change_AND_was_no_change": 0, "predicted_down_BUT_was_up": 1, "predicted_down_BUT_was_no_change": 340, "predicted_no_change_BUT_was_up": 0, "predicted_no_change_BUT_was_down": 0, "predicted_up_BUT_was_down": 2, "predicted_up_BUT_was_no_change": 246}}, "Restricted to jumps to or from below B-": {"Metrics": {"Class: Upgrade": "No element of this class", "Class: Downgrade": "No element of this class"}, "Confusion Matrix": {"predicted_down_AND_was_down": 0, "predicted_up_AND_was_up": 0, "predicted_no_change_AND_was_no_change": 0, "predicted_down_BUT_was_up": 0, "predicted_down_BUT_was_no_change": 344, "predicted_no_change_BUT_was_up": 0, "predicted_no_change_BUT_was_down": 0, "predicted_up_BUT_was_down": 0, "predicted_up_BUT_was_no_change": 252}}}, "Share of total companies in each clusters": [0.4546979865771812, 0.5184563758389261, 0.008389261744966443, 0.003355704697986577, 0.003355704697986577, 0.003355704697986577, 0.008389261744966443, {"SUM": 1.0}], "Clusters with significant ranges (count)": 3, "Significant Clusters (count)": 4, "Cluster Credit Ratings Shares": [{"1.0": 0.007380073800738007, "2.0": 0.0036900369003690036, "3.0": 0.014760147601476014, "4.0": 0.02952029520295203, "5.0": 0.033210332103321034, "6.0": 0.06642066420664207, "7.0": 0.11070110701107011, "8.0": 0.14022140221402213, "9.0": 0.19557195571955718, "10.0": 0.12546125461254612, "11.0": 0.07011070110701106, "12.0": 0.07749077490774908, "13.0": 0.05166051660516605, "14.0": 0.055350553505535055, "15.0": 0.01107011070110701, "16.0": 0.007380073800738007}, {"2.0": 0.003236245954692557, "3.0": 0.003236245954692557, "4.0": 0.006472491909385114, "5.0": 0.006472491909385114, "6.0": 0.032362459546925564, "7.0": 0.09061488673139159, "8.0": 0.1553398058252427, "9.0": 0.1715210355987055, "10.0": 0.09385113268608414, "11.0": 0.10032362459546926, "12.0": 0.11974110032362459, "13.0": 0.10679611650485436, "14.0": 0.07119741100323625, "15.0": 0.022653721682847898, "16.0": 0.009708737864077669, "17.0": 0.006472491909385114}, {"5.0": 0.2, "9.0": 0.8}, {"6.0": 0.5, "16.0": 0.5}, {"8.0": 0.5, "11.0": 0.5}, {"8.0": 0.5, "11.0": 0.5}, {"10.0": 0.4, "11.0": 0.2, "12.0": 0.2, "14.0": 0.2}], "Share of total companies with given credit rating in each cluter": [{"1.0": 1.0, "2.0": 0.5, "3.0": 0.8, "4.0": 0.8, "5.0": 0.75, "6.0": 0.6206896551724138, "7.0": 0.5172413793103449, "8.0": 0.4318181818181818, "9.0": 0.4818181818181818, "10.0": 0.5230769230769231, "11.0": 0.3584905660377358, "12.0": 0.3559322033898305, "13.0": 0.2978723404255319, "14.0": 0.39473684210526316, "15.0": 0.3, "16.0": 0.3333333333333333}, {"2.0": 0.5, "3.0": 0.2, "4.0": 0.2, "5.0": 0.16666666666666666, "6.0": 0.3448275862068966, "7.0": 0.4827586206896552, "8.0": 0.5454545454545454, "9.0": 0.4818181818181818, "10.0": 0.4461538461538462, "11.0": 0.5849056603773585, "12.0": 0.6271186440677966, "13.0": 0.7021276595744681, "14.0": 0.5789473684210527, "15.0": 0.7, "16.0": 0.5, "17.0": 1.0}, {"5.0": 0.08333333333333333, "9.0": 0.03636363636363636}, {"6.0": 0.034482758620689655, "16.0": 0.16666666666666666}, {"8.0": 0.011363636363636364, "11.0": 0.018867924528301886}, {"8.0": 0.011363636363636364, "11.0": 0.018867924528301886}, {"10.0": 0.03076923076923077, "11.0": 0.018867924528301886, "12.0": 0.01694915254237288, "14.0": 0.02631578947368421}], "Cluster ranges": [15.0, 15.0, 4.0, 10.0, 3.0, 3.0, 4.0], "Cluster metrics of location and dispersion": [{"Mean": 9.084870848708487, "Median": 9.0, "1st Quartile": 7.0, "3rd Quartile": 11.0, "Standard Deviation": 2.775118740506494, "Is Signficant": true}, {"Mean": 10.158576051779935, "Median": 10.0, "1st Quartile": 8.0, "3rd Quartile": 12.0, "Standard Deviation": 2.6027305635833584, "Is Signficant": true}, {"Mean": 8.2, "Median": 9.0, "1st Quartile": 9.0, "3rd Quartile": 9.0, "Standard Deviation": 1.5999999999999999, "Is Signficant": false}, {"Mean": 11.0, "Median": 11.0, "1st Quartile": 8.5, "3rd Quartile": 13.5, "Standard Deviation": 5.0, "Is Signficant": true}, {"Mean": 9.5, "Median": 9.5, "1st Quartile": 8.75, "3rd Quartile": 10.25, "Standard Deviation": 1.5, "Is Signficant": false}, {"Mean": 9.5, "Median": 9.5, "1st Quartile": 8.75, "3rd Quartile": 10.25, "Standard Deviation": 1.5, "Is Signficant": false}, {"Mean": 11.4, "Median": 11.0, "1st Quartile": 10.0, "3rd Quartile": 12.0, "Standard Deviation": 1.4966629547095764, "Is Signficant": true}], "Cluster entropies": [3.460820764264221, 3.3469536900165697, 0.7219280948873623, 1.0, 1.0, 1.0, 1.9219280948873623], "Maximum entropy": 3.460820764264221, "Weighted average entropy": 3.3411248293281837, "Incoherencies explanations": {"CLUSTER 0": {}, "CLUSTER 1": {}, "CLUSTER 2": {}, "CLUSTER 3": {}}}}