{"Algorithm Parameters": {"C": 13}, "Algorithm Performance": {"WCSS": 22170.764108698204, "Silhouette Score": -0.11610071939364164, "Calinski Harabasz Index": 19.53984086972577}, "Clusters Content Analysis": {"Predictive Power": {"Global": {"Metrics": {"Class: Upgrade": {"Accuracy": 0.6666666666666666, "Precision": 0.6923076923076923, "Recall": 0.8571428571428571, "F1-Score": 0.7659574468085107}, "Class: Downgrade": {"Accuracy": 0.75, "Precision": 0.6923076923076923, "Recall": 0.5, "F1-Score": 0.5806451612903226}}, "Confusion Matrix": {"predicted_down_AND_was_down": 3, "predicted_up_AND_was_up": 6, "predicted_no_change_AND_was_no_change": 0, "predicted_down_BUT_was_up": 1, "predicted_down_BUT_was_no_change": 339, "predicted_no_change_BUT_was_up": 0, "predicted_no_change_BUT_was_down": 0, "predicted_up_BUT_was_down": 3, "predicted_up_BUT_was_no_change": 244}}, "Restricted to jumps to or from below B-": {"Metrics": {"Class: Upgrade": "No element of this class", "Class: Downgrade": "No element of this class"}, "Confusion Matrix": {"predicted_down_AND_was_down": 0, "predicted_up_AND_was_up": 0, "predicted_no_change_AND_was_no_change": 0, "predicted_down_BUT_was_up": 0, "predicted_down_BUT_was_no_change": 343, "predicted_no_change_BUT_was_up": 0, "predicted_no_change_BUT_was_down": 0, "predicted_up_BUT_was_down": 0, "predicted_up_BUT_was_no_change": 253}}}, "Share of total companies in each clusters": [0.44798657718120805, 0.4110738255033557, 0.11409395973154363, 0.010067114093959731, 0.016778523489932886, {"SUM": 1.0}], "Clusters with significant ranges (count)": 4, "Significant Clusters (count)": 3, "Cluster Credit Ratings Shares": [{"AAA": 0.00749063670411985, "AA+": 0.003745318352059925, "AA": 0.0149812734082397, "AA-": 0.0299625468164794, "A+": 0.033707865168539325, "A": 0.06741573033707865, "A-": 0.10861423220973783, "BBB+": 0.13857677902621723, "BBB": 0.19101123595505617, "BBB-": 0.12734082397003746, "BB+": 0.07116104868913857, "BB": 0.07865168539325842, "BB-": 0.052434456928838954, "B+": 0.056179775280898875, "B": 0.011235955056179775, "B-": 0.00749063670411985}, {"AA+": 0.004081632653061225, "AA": 0.004081632653061225, "AA-": 0.004081632653061225, "A+": 0.004081632653061225, "A": 0.02857142857142857, "A-": 0.10612244897959183, "BBB+": 0.15918367346938775, "BBB": 0.1836734693877551, "BBB-": 0.08571428571428572, "BB+": 0.09387755102040816, "BB": 0.09795918367346938, "BB-": 0.09387755102040816, "B+": 0.08163265306122448, "B": 0.02857142857142857, "B-": 0.0163265306122449, "CCC": 0.00816326530612245}, {"AA-": 0.014705882352941176, "A+": 0.014705882352941176, "A": 0.058823529411764705, "A-": 0.029411764705882353, "BBB+": 0.14705882352941177, "BBB": 0.11764705882352941, "BBB-": 0.11764705882352941, "BB+": 0.1323529411764706, "BB": 0.19117647058823528, "BB-": 0.14705882352941177, "B+": 0.029411764705882353}, {"A+": 0.16666666666666666, "BBB+": 0.16666666666666666, "BBB": 0.6666666666666666}, {"A-": 0.1, "BBB+": 0.1, "BBB": 0.2, "BBB-": 0.2, "BB+": 0.2, "BB": 0.1, "B+": 0.1}], "Share of total companies with given credit rating in each cluter": [{"AAA": 1.0, "AA+": 0.5, "AA": 0.8, "AA-": 0.8, "A+": 0.75, "A": 0.6206896551724138, "A-": 0.5, "BBB+": 0.42045454545454547, "BBB": 0.4636363636363636, "BBB-": 0.5230769230769231, "BB+": 0.3584905660377358, "BB": 0.3559322033898305, "BB-": 0.2978723404255319, "B+": 0.39473684210526316, "B": 0.3, "B-": 0.3333333333333333}, {"AA+": 0.5, "AA": 0.2, "AA-": 0.1, "A+": 0.08333333333333333, "A": 0.2413793103448276, "A-": 0.4482758620689655, "BBB+": 0.4431818181818182, "BBB": 0.4090909090909091, "BBB-": 0.3230769230769231, "BB+": 0.4339622641509434, "BB": 0.4067796610169492, "BB-": 0.48936170212765956, "B+": 0.5263157894736842, "B": 0.7, "B-": 0.6666666666666666, "CCC": 1.0}, {"AA-": 0.1, "A+": 0.08333333333333333, "A": 0.13793103448275862, "A-": 0.034482758620689655, "BBB+": 0.11363636363636363, "BBB": 0.07272727272727272, "BBB-": 0.12307692307692308, "BB+": 0.16981132075471697, "BB": 0.22033898305084745, "BB-": 0.2127659574468085, "B+": 0.05263157894736842}, {"A+": 0.08333333333333333, "BBB+": 0.011363636363636364, "BBB": 0.03636363636363636}, {"A-": 0.017241379310344827, "BBB+": 0.011363636363636364, "BBB": 0.01818181818181818, "BBB-": 0.03076923076923077, "BB+": 0.03773584905660377, "BB": 0.01694915254237288, "B+": 0.02631578947368421}], "Cluster ranges": [15.0, 16.0, 10.0, 4.0, 7.0], "Cluster metrics of location and dispersion": [{"Mean": 9.097378277153558, "Median": 9.0, "1st Quartile": 7.0, "3rd Quartile": 11.0, "Standard Deviation": 2.7920889879857858, "Is Signficant": true}, {"Mean": 10.16326530612245, "Median": 10.0, "1st Quartile": 8.0, "3rd Quartile": 12.0, "Standard Deviation": 2.7161417622189394, "Is Signficant": true}, {"Mean": 10.176470588235293, "Median": 10.5, "1st Quartile": 8.0, "3rd Quartile": 12.0, "Standard Deviation": 2.338558986104026, "Is Signficant": true}, {"Mean": 8.166666666666666, "Median": 9.0, "1st Quartile": 8.25, "3rd Quartile": 9.0, "Standard Deviation": 1.4624940645653532, "Is Signficant": false}, {"Mean": 10.1, "Median": 10.0, "1st Quartile": 9.0, "3rd Quartile": 11.0, "Standard Deviation": 1.9209372712298547, "Is Signficant": false}], "Cluster entropies": [3.472317162219948, 3.3587658768680013, 3.1010863229185412, 1.2516291673878228, 2.721928094887362], "Maximum entropy": 3.472317162219948, "Weighted average entropy": 3.3483376645252476, "Incoherencies explanations": {"CLUSTER 0": {}, "CLUSTER 1": {}, "CLUSTER 2": {}, "CLUSTER 3": {}}}}