{"Algorithm Parameters": {"C": 13}, "Algorithm Performance": {"WCSS": 22170.764108698204, "Silhouette Score": -0.11610071939364164, "Calinski Harabasz Index": 19.53984086972577}, "Clusters Content Analysis": {"Predictive Power": {"Global": {"Metrics": {"Class: Upgrade": {"Accuracy": 0.6666666666666666, "Precision": 0.7, "Recall": 0.8, "F1-Score": 0.7466666666666666}, "Class: Downgrade": {"Accuracy": 0.75, "Precision": 0.7, "Recall": 0.6, "F1-Score": 0.6461538461538462}}, "Confusion Matrix": {"predicted_down_AND_was_down": 3, "predicted_up_AND_was_up": 4, "predicted_no_change_AND_was_no_change": 0, "predicted_down_BUT_was_up": 1, "predicted_down_BUT_was_no_change": 335, "predicted_no_change_BUT_was_up": 0, "predicted_no_change_BUT_was_down": 0, "predicted_up_BUT_was_down": 2, "predicted_up_BUT_was_no_change": 251}}, "Restricted to jumps to or from below B-": {"Metrics": {"Class: Upgrade": "No element of this class", "Class: Downgrade": "No element of this class"}, "Confusion Matrix": {"predicted_down_AND_was_down": 0, "predicted_up_AND_was_up": 0, "predicted_no_change_AND_was_no_change": 0, "predicted_down_BUT_was_up": 0, "predicted_down_BUT_was_no_change": 339, "predicted_no_change_BUT_was_up": 0, "predicted_no_change_BUT_was_down": 0, "predicted_up_BUT_was_down": 0, "predicted_up_BUT_was_no_change": 257}}}, "Share of total companies in each clusters": [0.030201342281879196, 0.4395973154362416, 0.5302013422818792, {"SUM": 1.0}], "Clusters with significant ranges (count)": 3, "Significant Clusters (count)": 2, "Cluster Credit Ratings Shares": [{"1.0": 0.05555555555555555, "3.0": 0.05555555555555555, "5.0": 0.1111111111111111, "6.0": 0.16666666666666666, "7.0": 0.05555555555555555, "8.0": 0.16666666666666666, "9.0": 0.16666666666666666, "10.0": 0.1111111111111111, "16.0": 0.1111111111111111}, {"1.0": 0.003816793893129771, "2.0": 0.003816793893129771, "3.0": 0.011450381679389313, "4.0": 0.030534351145038167, "5.0": 0.026717557251908396, "6.0": 0.061068702290076333, "7.0": 0.11068702290076336, "8.0": 0.13740458015267176, "9.0": 0.19083969465648856, "10.0": 0.1297709923664122, "11.0": 0.08015267175572519, "12.0": 0.08396946564885496, "13.0": 0.05343511450381679, "14.0": 0.061068702290076333, "15.0": 0.011450381679389313, "16.0": 0.003816793893129771}, {"2.0": 0.0031645569620253164, "3.0": 0.0031645569620253164, "4.0": 0.006329113924050633, "5.0": 0.00949367088607595, "6.0": 0.03164556962025317, "7.0": 0.08860759493670886, "8.0": 0.1550632911392405, "9.0": 0.18037974683544303, "10.0": 0.09177215189873418, "11.0": 0.10126582278481013, "12.0": 0.11708860759493671, "13.0": 0.10443037974683544, "14.0": 0.06962025316455696, "15.0": 0.022151898734177215, "16.0": 0.00949367088607595, "17.0": 0.006329113924050633}], "Share of total companies with given credit rating in each cluter": [{"1.0": 0.5, "3.0": 0.2, "5.0": 0.16666666666666666, "6.0": 0.10344827586206896, "7.0": 0.017241379310344827, "8.0": 0.03409090909090909, "9.0": 0.02727272727272727, "10.0": 0.03076923076923077, "16.0": 0.3333333333333333}, {"1.0": 0.5, "2.0": 0.5, "3.0": 0.6, "4.0": 0.8, "5.0": 0.5833333333333334, "6.0": 0.5517241379310345, "7.0": 0.5, "8.0": 0.4090909090909091, "9.0": 0.45454545454545453, "10.0": 0.5230769230769231, "11.0": 0.39622641509433965, "12.0": 0.3728813559322034, "13.0": 0.2978723404255319, "14.0": 0.42105263157894735, "15.0": 0.3, "16.0": 0.16666666666666666}, {"2.0": 0.5, "3.0": 0.2, "4.0": 0.2, "5.0": 0.25, "6.0": 0.3448275862068966, "7.0": 0.4827586206896552, "8.0": 0.5568181818181818, "9.0": 0.5181818181818182, "10.0": 0.4461538461538462, "11.0": 0.6037735849056604, "12.0": 0.6271186440677966, "13.0": 0.7021276595744681, "14.0": 0.5789473684210527, "15.0": 0.7, "16.0": 0.5, "17.0": 1.0}], "Cluster ranges": [15.0, 15.0, 15.0], "Cluster metrics of location and dispersion": [{"Mean": 7.888888888888889, "Median": 8.0, "1st Quartile": 6.0, "3rd Quartile": 9.0, "Standard Deviation": 3.6801100359287098, "Is Signficant": false}, {"Mean": 9.229007633587786, "Median": 9.0, "1st Quartile": 8.0, "3rd Quartile": 11.0, "Standard Deviation": 2.7016107310133455, "Is Signficant": true}, {"Mean": 10.123417721518987, "Median": 10.0, "1st Quartile": 8.0, "3rd Quartile": 12.0, "Standard Deviation": 2.596362297511484, "Is Signficant": true}], "Cluster entropies": [3.0441104177484006, 3.4266455784161463, 3.3455981015629495], "Maximum entropy": 3.4266455784161463, "Weighted average entropy": 3.3721210220778417, "Incoherencies explanations": {"CLUSTER 0": {}, "CLUSTER 1": {}, "CLUSTER 2": {}}}}