{"Algorithm Parameters": {"K": 7}, "Algorithm Performance": {"WCSS": 15451.22712306004, "Silhouette Score": 0.10330288455948715, "Calinski Harabasz Index": 42.73774457090995}, "Clusters Content Analysis": {"Predictive Power": {"Global": {"Metrics": {"Class: Upgrade": {"Accuracy": 0.6666666666666666, "Precision": 0.7, "Recall": 0.8, "F1-Score": 0.7466666666666666}, "Class: Downgrade": {"Accuracy": 0.75, "Precision": 0.7, "Recall": 0.6, "F1-Score": 0.6461538461538462}}, "Confusion Matrix": {"predicted_down_AND_was_down": 3, "predicted_up_AND_was_up": 4, "predicted_no_change_AND_was_no_change": 0, "predicted_down_BUT_was_up": 1, "predicted_down_BUT_was_no_change": 319, "predicted_no_change_BUT_was_up": 0, "predicted_no_change_BUT_was_down": 0, "predicted_up_BUT_was_down": 2, "predicted_up_BUT_was_no_change": 267}}, "Restricted to jumps to or from below B-": {"Metrics": {"Class: Upgrade": "No element of this class", "Class: Downgrade": "No element of this class"}, "Confusion Matrix": {"predicted_down_AND_was_down": 0, "predicted_up_AND_was_up": 0, "predicted_no_change_AND_was_no_change": 0, "predicted_down_BUT_was_up": 0, "predicted_down_BUT_was_no_change": 323, "predicted_no_change_BUT_was_up": 0, "predicted_no_change_BUT_was_down": 0, "predicted_up_BUT_was_down": 0, "predicted_up_BUT_was_no_change": 273}}}, "Share of total companies in each clusters": [0.07885906040268456, 0.348993288590604, 0.18791946308724833, 0.2332214765100671, 0.1040268456375839, 0.013422818791946308, 0.03355704697986577, {"SUM": 0.9999999999999999}], "Clusters with significant ranges (count)": 7, "Significant Clusters (count)": 4, "Cluster Credit Ratings Shares": [{"1.0": 0.0425531914893617, "3.0": 0.0425531914893617, "4.0": 0.06382978723404255, "5.0": 0.10638297872340426, "6.0": 0.10638297872340426, "7.0": 0.02127659574468085, "8.0": 0.14893617021276595, "9.0": 0.2553191489361702, "10.0": 0.06382978723404255, "11.0": 0.06382978723404255, "12.0": 0.0425531914893617, "14.0": 0.0425531914893617}, {"2.0": 0.004807692307692308, "4.0": 0.009615384615384616, "5.0": 0.014423076923076924, "6.0": 0.028846153846153848, "7.0": 0.09615384615384616, "8.0": 0.1201923076923077, "9.0": 0.1875, "10.0": 0.11538461538461539, "11.0": 0.10096153846153846, "12.0": 0.13942307692307693, "13.0": 0.10576923076923077, "14.0": 0.04326923076923077, "15.0": 0.02403846153846154, "16.0": 0.009615384615384616}, {"2.0": 0.008928571428571428, "4.0": 0.017857142857142856, "6.0": 0.044642857142857144, "7.0": 0.08928571428571429, "8.0": 0.13392857142857142, "9.0": 0.21428571428571427, "10.0": 0.17857142857142858, "11.0": 0.07142857142857142, "12.0": 0.08035714285714286, "13.0": 0.08035714285714286, "14.0": 0.0625, "15.0": 0.008928571428571428, "16.0": 0.008928571428571428}, {"3.0": 0.007194244604316547, "6.0": 0.03597122302158273, "7.0": 0.1223021582733813, "8.0": 0.18705035971223022, "9.0": 0.17266187050359713, "10.0": 0.05755395683453238, "11.0": 0.08633093525179857, "12.0": 0.10071942446043165, "13.0": 0.08633093525179857, "14.0": 0.10071942446043165, "15.0": 0.02158273381294964, "16.0": 0.007194244604316547, "17.0": 0.014388489208633094}, {"3.0": 0.016129032258064516, "4.0": 0.016129032258064516, "5.0": 0.016129032258064516, "6.0": 0.08064516129032258, "7.0": 0.08064516129032258, "8.0": 0.16129032258064516, "9.0": 0.12903225806451613, "10.0": 0.14516129032258066, "11.0": 0.11290322580645161, "12.0": 0.06451612903225806, "13.0": 0.06451612903225806, "14.0": 0.08064516129032258, "15.0": 0.016129032258064516, "16.0": 0.016129032258064516}, {"3.0": 0.125, "4.0": 0.125, "7.0": 0.125, "8.0": 0.375, "9.0": 0.125, "10.0": 0.125}, {"4.0": 0.05, "5.0": 0.15, "6.0": 0.15, "7.0": 0.2, "8.0": 0.1, "9.0": 0.1, "11.0": 0.1, "12.0": 0.05, "14.0": 0.05, "16.0": 0.05}], "Share of total companies with given credit rating in each cluter": [{"1.0": 1.0, "3.0": 0.4, "4.0": 0.3, "5.0": 0.4166666666666667, "6.0": 0.1724137931034483, "7.0": 0.017241379310344827, "8.0": 0.07954545454545454, "9.0": 0.10909090909090909, "10.0": 0.046153846153846156, "11.0": 0.05660377358490566, "12.0": 0.03389830508474576, "14.0": 0.05263157894736842}, {"2.0": 0.5, "4.0": 0.2, "5.0": 0.25, "6.0": 0.20689655172413793, "7.0": 0.3448275862068966, "8.0": 0.2840909090909091, "9.0": 0.35454545454545455, "10.0": 0.36923076923076925, "11.0": 0.39622641509433965, "12.0": 0.4915254237288136, "13.0": 0.46808510638297873, "14.0": 0.23684210526315788, "15.0": 0.5, "16.0": 0.3333333333333333}, {"2.0": 0.5, "4.0": 0.2, "6.0": 0.1724137931034483, "7.0": 0.1724137931034483, "8.0": 0.17045454545454544, "9.0": 0.21818181818181817, "10.0": 0.3076923076923077, "11.0": 0.1509433962264151, "12.0": 0.15254237288135594, "13.0": 0.19148936170212766, "14.0": 0.18421052631578946, "15.0": 0.1, "16.0": 0.16666666666666666}, {"3.0": 0.2, "6.0": 0.1724137931034483, "7.0": 0.29310344827586204, "8.0": 0.29545454545454547, "9.0": 0.21818181818181817, "10.0": 0.12307692307692308, "11.0": 0.22641509433962265, "12.0": 0.23728813559322035, "13.0": 0.2553191489361702, "14.0": 0.3684210526315789, "15.0": 0.3, "16.0": 0.16666666666666666, "17.0": 1.0}, {"3.0": 0.2, "4.0": 0.1, "5.0": 0.08333333333333333, "6.0": 0.1724137931034483, "7.0": 0.08620689655172414, "8.0": 0.11363636363636363, "9.0": 0.07272727272727272, "10.0": 0.13846153846153847, "11.0": 0.1320754716981132, "12.0": 0.06779661016949153, "13.0": 0.0851063829787234, "14.0": 0.13157894736842105, "15.0": 0.1, "16.0": 0.16666666666666666}, {"3.0": 0.2, "4.0": 0.1, "7.0": 0.017241379310344827, "8.0": 0.03409090909090909, "9.0": 0.00909090909090909, "10.0": 0.015384615384615385}, {"4.0": 0.1, "5.0": 0.25, "6.0": 0.10344827586206896, "7.0": 0.06896551724137931, "8.0": 0.022727272727272728, "9.0": 0.01818181818181818, "11.0": 0.03773584905660377, "12.0": 0.01694915254237288, "14.0": 0.02631578947368421, "16.0": 0.16666666666666666}], "Cluster ranges": [13.0, 14.0, 14.0, 14.0, 13.0, 7.0, 12.0], "Cluster metrics of location and dispersion": [{"Mean": 7.680851063829787, "Median": 8.0, "1st Quartile": 5.5, "3rd Quartile": 9.0, "Standard Deviation": 2.961500359965086, "Is Signficant": false}, {"Mean": 10.048076923076923, "Median": 10.0, "1st Quartile": 8.0, "3rd Quartile": 12.0, "Standard Deviation": 2.5014603722791295, "Is Signficant": true}, {"Mean": 9.714285714285714, "Median": 9.0, "1st Quartile": 8.0, "3rd Quartile": 11.0, "Standard Deviation": 2.4619554199448697, "Is Signficant": true}, {"Mean": 10.093525179856115, "Median": 9.0, "1st Quartile": 8.0, "3rd Quartile": 12.0, "Standard Deviation": 2.705954229570678, "Is Signficant": true}, {"Mean": 9.629032258064516, "Median": 9.5, "1st Quartile": 8.0, "3rd Quartile": 11.0, "Standard Deviation": 2.7663523844746263, "Is Signficant": true}, {"Mean": 7.125, "Median": 8.0, "1st Quartile": 6.25, "3rd Quartile": 8.25, "Standard Deviation": 2.2603926650031405, "Is Signficant": false}, {"Mean": 8.15, "Median": 7.0, "1st Quartile": 6.0, "3rd Quartile": 9.5, "Standard Deviation": 3.118894034750139, "Is Signficant": false}], "Cluster entropies": [3.2534191087325066, 3.3045936049870877, 3.2125328081927993, 3.2574521029267247, 3.4343735387809384, 2.4056390622295662, 3.1464393446710153], "Maximum entropy": 3.4343735387809384, "Weighted average entropy": 3.268390509341989, "Incoherencies explanations": {"CLUSTER 0": {}, "CLUSTER 1": {}, "CLUSTER 2": {}, "CLUSTER 3": {}, "CLUSTER 4": {}, "CLUSTER 5": {}, "CLUSTER 6": {}}}}