{"Algorithm Parameters": {"K": 7}, "Algorithm Performance": {"WCSS": 15451.22712306004, "Silhouette Score": 0.10330288455948715, "Calinski Harabasz Index": 42.73774457090995}, "Clusters Content Analysis": {"Predictive Power": {"Global": {"Metrics": {"Class: Upgrade": {"Accuracy": 0.625, "Precision": 0.6153846153846154, "Recall": 0.7142857142857143, "F1-Score": 0.6611570247933884}, "Class: Downgrade": {"Accuracy": 0.6, "Precision": 0.6153846153846154, "Recall": 0.5, "F1-Score": 0.5517241379310345}}, "Confusion Matrix": {"predicted_down_AND_was_down": 3, "predicted_up_AND_was_up": 5, "predicted_no_change_AND_was_no_change": 0, "predicted_down_BUT_was_up": 2, "predicted_down_BUT_was_no_change": 318, "predicted_no_change_BUT_was_up": 0, "predicted_no_change_BUT_was_down": 0, "predicted_up_BUT_was_down": 3, "predicted_up_BUT_was_no_change": 265}}, "Restricted to jumps to or from below B-": {"Metrics": {"Class: Upgrade": "No element of this class", "Class: Downgrade": "No element of this class"}, "Confusion Matrix": {"predicted_down_AND_was_down": 0, "predicted_up_AND_was_up": 0, "predicted_no_change_AND_was_no_change": 0, "predicted_down_BUT_was_up": 0, "predicted_down_BUT_was_no_change": 323, "predicted_no_change_BUT_was_up": 0, "predicted_no_change_BUT_was_down": 0, "predicted_up_BUT_was_down": 0, "predicted_up_BUT_was_no_change": 273}}}, "Share of total companies in each clusters": [0.07885906040268456, 0.348993288590604, 0.18791946308724833, 0.2332214765100671, 0.1040268456375839, 0.013422818791946308, 0.03355704697986577, {"SUM": 0.9999999999999999}], "Clusters with significant ranges (count)": 7, "Significant Clusters (count)": 4, "Cluster Credit Ratings Shares": [{"AAA": 0.0425531914893617, "AA": 0.0425531914893617, "AA-": 0.06382978723404255, "A+": 0.10638297872340426, "A": 0.10638297872340426, "A-": 0.02127659574468085, "BBB+": 0.14893617021276595, "BBB": 0.2553191489361702, "BBB-": 0.06382978723404255, "BB+": 0.06382978723404255, "BB": 0.0425531914893617, "B+": 0.0425531914893617}, {"AA+": 0.004807692307692308, "AA-": 0.009615384615384616, "A+": 0.014423076923076924, "A": 0.028846153846153848, "A-": 0.09615384615384616, "BBB+": 0.1201923076923077, "BBB": 0.1875, "BBB-": 0.11538461538461539, "BB+": 0.10096153846153846, "BB": 0.13942307692307693, "BB-": 0.10576923076923077, "B+": 0.04326923076923077, "B": 0.02403846153846154, "B-": 0.009615384615384616}, {"AA+": 0.008928571428571428, "AA-": 0.017857142857142856, "A": 0.044642857142857144, "A-": 0.08928571428571429, "BBB+": 0.13392857142857142, "BBB": 0.21428571428571427, "BBB-": 0.17857142857142858, "BB+": 0.07142857142857142, "BB": 0.08035714285714286, "BB-": 0.08035714285714286, "B+": 0.0625, "B": 0.008928571428571428, "B-": 0.008928571428571428}, {"AA": 0.007194244604316547, "A": 0.03597122302158273, "A-": 0.1223021582733813, "BBB+": 0.18705035971223022, "BBB": 0.17266187050359713, "BBB-": 0.05755395683453238, "BB+": 0.08633093525179857, "BB": 0.10071942446043165, "BB-": 0.08633093525179857, "B+": 0.10071942446043165, "B": 0.02158273381294964, "B-": 0.007194244604316547, "CCC": 0.014388489208633094}, {"AA": 0.016129032258064516, "AA-": 0.016129032258064516, "A+": 0.016129032258064516, "A": 0.08064516129032258, "A-": 0.08064516129032258, "BBB+": 0.16129032258064516, "BBB": 0.12903225806451613, "BBB-": 0.14516129032258066, "BB+": 0.11290322580645161, "BB": 0.06451612903225806, "BB-": 0.06451612903225806, "B+": 0.08064516129032258, "B": 0.016129032258064516, "B-": 0.016129032258064516}, {"AA": 0.125, "AA-": 0.125, "A-": 0.125, "BBB+": 0.375, "BBB": 0.125, "BBB-": 0.125}, {"AA-": 0.05, "A+": 0.15, "A": 0.15, "A-": 0.2, "BBB+": 0.1, "BBB": 0.1, "BB+": 0.1, "BB": 0.05, "B+": 0.05, "B-": 0.05}], "Share of total companies with given credit rating in each cluter": [{"AAA": 1.0, "AA": 0.4, "AA-": 0.3, "A+": 0.4166666666666667, "A": 0.1724137931034483, "A-": 0.017241379310344827, "BBB+": 0.07954545454545454, "BBB": 0.10909090909090909, "BBB-": 0.046153846153846156, "BB+": 0.05660377358490566, "BB": 0.03389830508474576, "B+": 0.05263157894736842}, {"AA+": 0.5, "AA-": 0.2, "A+": 0.25, "A": 0.20689655172413793, "A-": 0.3448275862068966, "BBB+": 0.2840909090909091, "BBB": 0.35454545454545455, "BBB-": 0.36923076923076925, "BB+": 0.39622641509433965, "BB": 0.4915254237288136, "BB-": 0.46808510638297873, "B+": 0.23684210526315788, "B": 0.5, "B-": 0.3333333333333333}, {"AA+": 0.5, "AA-": 0.2, "A": 0.1724137931034483, "A-": 0.1724137931034483, "BBB+": 0.17045454545454544, "BBB": 0.21818181818181817, "BBB-": 0.3076923076923077, "BB+": 0.1509433962264151, "BB": 0.15254237288135594, "BB-": 0.19148936170212766, "B+": 0.18421052631578946, "B": 0.1, "B-": 0.16666666666666666}, {"AA": 0.2, "A": 0.1724137931034483, "A-": 0.29310344827586204, "BBB+": 0.29545454545454547, "BBB": 0.21818181818181817, "BBB-": 0.12307692307692308, "BB+": 0.22641509433962265, "BB": 0.23728813559322035, "BB-": 0.2553191489361702, "B+": 0.3684210526315789, "B": 0.3, "B-": 0.16666666666666666, "CCC": 1.0}, {"AA": 0.2, "AA-": 0.1, "A+": 0.08333333333333333, "A": 0.1724137931034483, "A-": 0.08620689655172414, "BBB+": 0.11363636363636363, "BBB": 0.07272727272727272, "BBB-": 0.13846153846153847, "BB+": 0.1320754716981132, "BB": 0.06779661016949153, "BB-": 0.0851063829787234, "B+": 0.13157894736842105, "B": 0.1, "B-": 0.16666666666666666}, {"AA": 0.2, "AA-": 0.1, "A-": 0.017241379310344827, "BBB+": 0.03409090909090909, "BBB": 0.00909090909090909, "BBB-": 0.015384615384615385}, {"AA-": 0.1, "A+": 0.25, "A": 0.10344827586206896, "A-": 0.06896551724137931, "BBB+": 0.022727272727272728, "BBB": 0.01818181818181818, "BB+": 0.03773584905660377, "BB": 0.01694915254237288, "B+": 0.02631578947368421, "B-": 0.16666666666666666}], "Cluster ranges": [13.0, 14.0, 14.0, 15.0, 13.0, 7.0, 12.0], "Cluster metrics of location and dispersion": [{"Mean": 7.680851063829787, "Median": 8.0, "1st Quartile": 5.5, "3rd Quartile": 9.0, "Standard Deviation": 2.961500359965086, "Is Signficant": false}, {"Mean": 10.048076923076923, "Median": 10.0, "1st Quartile": 8.0, "3rd Quartile": 12.0, "Standard Deviation": 2.5014603722791295, "Is Signficant": true}, {"Mean": 9.714285714285714, "Median": 9.0, "1st Quartile": 8.0, "3rd Quartile": 11.0, "Standard Deviation": 2.4619554199448697, "Is Signficant": true}, {"Mean": 10.107913669064748, "Median": 9.0, "1st Quartile": 8.0, "3rd Quartile": 12.0, "Standard Deviation": 2.745016799576469, "Is Signficant": true}, {"Mean": 9.629032258064516, "Median": 9.5, "1st Quartile": 8.0, "3rd Quartile": 11.0, "Standard Deviation": 2.7663523844746263, "Is Signficant": true}, {"Mean": 7.125, "Median": 8.0, "1st Quartile": 6.25, "3rd Quartile": 8.25, "Standard Deviation": 2.2603926650031405, "Is Signficant": false}, {"Mean": 8.15, "Median": 7.0, "1st Quartile": 6.0, "3rd Quartile": 9.5, "Standard Deviation": 3.118894034750139, "Is Signficant": false}], "Cluster entropies": [3.2534191087325066, 3.3045936049870877, 3.2125328081927993, 3.2574521029267247, 3.4343735387809384, 2.4056390622295662, 3.1464393446710153], "Maximum entropy": 3.4343735387809384, "Weighted average entropy": 3.268390509341989, "Incoherencies explanations": {"CLUSTER 0": {}, "CLUSTER 1": {}, "CLUSTER 2": {"RATING BBB": [{"0": {"Comparison": "Cluster elements in upper half", "Credit Rating Statistics": {"Mean": 0.028057010688634348, "Median": -0.2144192455220479, "1st Quartile": -1.494416128605146, "3rd Quartile": 1.0168894865225393, "Standard Deviation": 2.0532898935797856}, "Cluster Statistics": {"Mean": 0.8570320931209379, "Median": 0.9566710445419488, "1st Quartile": 0.1587795140363848, "3rd Quartile": 1.4280152440583294, "Standard Deviation": 0.9032675839010855}}}, {"1": {"Comparison": "Cluster elements in lowest 25%", "Credit Rating Statistics": {"Mean": 0.18182591188709094, "Median": 0.03070528205250061, "1st Quartile": -0.725421738464318, "3rd Quartile": 1.3053070487806202, "Standard Deviation": 1.7131648925520058}, "Cluster Statistics": {"Mean": -0.9345689920558758,