{"Algorithm Parameters": {"Threshold Value": 4.35, "Braching Factor": 67, "K": 27}, "Algorithm Performance": {"Calinski Harabasz Index": 31096.617872961862}, "Clusters Content Analysis": {"Predictive Power": {"Global": {"Metrics": {"Class: Upgrade": {"Accuracy": 0.42857142857142855, "Precision": 0.45454545454545453, "Recall": 0.6, "F1-Score": 0.5172413793103449}, "Class: Downgrade": {"Accuracy": 0.5, "Precision": 0.45454545454545453, "Recall": 0.3333333333333333, "F1-Score": 0.3846153846153846}}, "Confusion Matrix": {"predicted_down_AND_was_down": 2, "predicted_up_AND_was_up": 3, "predicted_no_change_AND_was_no_change": 6, "predicted_down_BUT_was_up": 2, "predicted_down_BUT_was_no_change": 449, "predicted_no_change_BUT_was_up": 0, "predicted_no_change_BUT_was_down": 0, "predicted_up_BUT_was_down": 4, "predicted_up_BUT_was_no_change": 390}}, "Restricted to jumps to or from below B-": {"Metrics": {"Class: Upgrade": "No element of this class", "Class: Downgrade": "No element of this class"}, "Confusion Matrix": {"predicted_down_AND_was_down": 0, "predicted_up_AND_was_up": 0, "predicted_no_change_AND_was_no_change": 6, "predicted_down_BUT_was_up": 0, "predicted_down_BUT_was_no_change": 453, "predicted_no_change_BUT_was_up": 0, "predicted_no_change_BUT_was_down": 0, "predicted_up_BUT_was_down": 0, "predicted_up_BUT_was_no_change": 397}}}, "Share of total companies in each clusters": [0.0035046728971962616, 0.005841121495327103, 0.19509345794392524, 0.04906542056074766, 0.0011682242990654205, 0.015186915887850467, 0.04439252336448598, 0.009345794392523364, 0.0011682242990654205, 0.005841121495327103, 0.028037383177570093, 0.08177570093457943, 0.004672897196261682, 0.004672897196261682, 0.053738317757009345, 0.05957943925233645, 0.08294392523364486, 0.13317757009345793, 0.004672897196261682, 0.02219626168224299, 0.02219626168224299, 0.0011682242990654205, 0.0035046728971962616, 0.1588785046728972, 0.0035046728971962616, 0.002336448598130841, 0.002336448598130841, {"SUM": 0.9999999999999998}], "Clusters with significant ranges (count)": 19, "Significant Clusters (count)": 2, "Cluster Credit Ratings Shares": [{"1.0": 0.3333333333333333, "2.0": 0.3333333333333333, "9.0": 0.3333333333333333}, {"1.0": 0.2, "3.0": 0.4, "7.0": 0.2, "9.0": 0.2}, {"2.0": 0.005988023952095809, "6.0": 0.011976047904191617, "7.0": 0.03592814371257485, "8.0": 0.03592814371257485, "9.0": 0.33532934131736525, "10.0": 0.10179640718562874, "11.0": 0.08982035928143713, "12.0": 0.1377245508982036, "13.0": 0.07784431137724551, "14.0": 0.11976047904191617, "15.0": 0.029940119760479042, "16.0": 0.011976047904191617, "17.0": 0.005988023952095809}, {"2.0": 0.023809523809523808, "4.0": 0.047619047619047616, "5.0": 0.09523809523809523, "6.0": 0.09523809523809523, "7.0": 0.23809523809523808, "8.0": 0.19047619047619047, "9.0": 0.14285714285714285, "10.0": 0.09523809523809523, "11.0": 0.023809523809523808, "12.0": 0.023809523809523808, "13.0": 0.023809523809523808}, {"3.0": 1.0}, {"3.0": 0.07692307692307693, "5.0": 0.15384615384615385, "6.0": 0.23076923076923078, "7.0": 0.07692307692307693, "8.0": 0.23076923076923078, "9.0": 0.15384615384615385, "10.0": 0.07692307692307693}, {"3.0": 0.02631578947368421, "5.0": 0.07894736842105263, "6.0": 0.10526315789473684, "7.0": 0.10526315789473684, "8.0": 0.23684210526315788, "9.0": 0.2894736842105263, "10.0": 0.10526315789473684, "11.0": 0.05263157894736842}, {"4.0": 0.25, "6.0": 0.125, "7.0": 0.125, "8.0": 0.375, "9.0": 0.125}, {"4.0": 1.0}, {"4.0": 0.2, "6.0": 0.2, "8.0": 0.2, "9.0": 0.2, "12.0": 0.2}, {"4.0": 0.08333333333333333, "5.0": 0.125, "6.0": 0.125, "7.0": 0.16666666666666666, "8.0": 0.125, "9.0": 0.125, "10.0": 0.125, "11.0": 0.125}, {"4.0": 0.02857142857142857, "5.0": 0.04285714285714286, "6.0": 0.014285714285714285, "7.0": 0.08571428571428572, "8.0": 0.17142857142857143, "9.0": 0.21428571428571427, "10.0": 0.21428571428571427, "11.0": 0.07142857142857142, "12.0": 0.07142857142857142, "13.0": 0.02857142857142857, "14.0": 0.014285714285714285, "16.0": 0.014285714285714285, "17.0": 0.02857142857142857}, {"4.0": 0.25, "7.0": 0.25, "8.0": 0.25, "9.0": 0.25}, {"4.0": 0.25, "6.0": 0.25, "8.0": 0.25, "10.0": 0.25}, {"5.0": 0.043478260869565216, "6.0": 0.06521739130434782, "7.0": 0.06521739130434782, "8.0": 0.08695652173913043, "9.0": 0.6956521739130435, "10.0": 0.021739130434782608, "11.0": 0.021739130434782608}, {"5.0": 0.0196078431372549, "6.0": 0.0196078431372549, "7.0": 0.17647058823529413, "8.0": 0.21568627450980393, "9.0": 0.2549019607843137, "10.0": 0.11764705882352941, "11.0": 0.0392156862745098, "12.0": 0.0784313725490196, "13.0": 0.0196078431372549, "14.0": 0.0392156862745098, "15.0": 0.0196078431372549}, {"5.0": 0.028169014084507043, "6.0": 0.056338028169014086, "7.0": 0.14084507042253522, "8.0": 0.23943661971830985, "9.0": 0.2112676056338028, "10.0": 0.14084507042253522, "11.0": 0.11267605633802817, "12.0": 0.04225352112676056, "13.0": 0.028169014084507043}, {"6.0": 0.02631578947368421, "7.0": 0.043859649122807015, "8.0": 0.09649122807017543, "9.0": 0.12280701754385964, "10.0": 0.40350877192982454, "11.0": 0.09649122807017543, "12.0": 0.07894736842105263, "13.0": 0.08771929824561403, "14.0": 0.03508771929824561, "17.0": 0.008771929824561403}, {"6.0": 0.25, "7.0": 0.5, "9.0": 0.25}, {"6.0": 0.10526315789473684, "7.0": 0.10526315789473684, "8.0": 0.2631578947368421, "9.0": 0.15789473684210525, "10.0": 0.10526315789473684, "11.0": 0.2631578947368421}, {"6.0": 0.15789473684210525, "7.0": 0.21052631578947367, "8.0": 0.2631578947368421, "9.0": 0.21052631578947367, "10.0": 0.10526315789473684, "12.0": 0.05263157894736842}, {"6.0": 1.0}, {"7.0": 0.3333333333333333, "8.0": 0.6666666666666666}, {"7.0": 0.014705882352941176, "9.0": 0.04411764705882353, "10.0": 0.04411764705882353, "11.0": 0.07352941176470588, "12.0": 0.19117647058823528, "13.0": 0.18382352941176472, "14.0": 0.21323529411764705, "15.0": 0.11764705882352941, "16.0": 0.08823529411764706, "17.0": 0.029411764705882353}, {"7.0": 0.6666666666666666, "8.0": 0.3333333333333333}, {"8.0": 0.5, "9.0": 0.5}, {"9.0": 1.0}], "Share of total companies with given credit rating in each cluter": [{"1.0": 0.5, "2.0": 0.3333333333333333, "9.0": 0.005291005291005291}, {"1.0": 0.5, "3.0": 0.4, "7.0": 0.013513513513513514, "9.0": 0.005291005291005291}, {"2.0": 0.3333333333333333, "6.0": 0.05263157894736842, "7.0": 0.08108108108108109, "8.0": 0.057692307692307696, "9.0": 0.2962962962962963, "10.0": 0.1440677966101695, "11.0": 0.23809523809523808, "12.0": 0.3150684931506849, "13.0": 0.24074074074074073, "14.0": 0.35714285714285715, "15.0": 0.22727272727272727, "16.0": 0.13333333333333333, "17.0": 0.125}, {"2.0": 0.3333333333333333, "4.0": 0.16666666666666666, "5.0": 0.2, "6.0": 0.10526315789473684, "7.0": 0.13513513513513514, "8.0": 0.07692307692307693, "9.0": 0.031746031746031744, "10.0": 0.03389830508474576, "11.0": 0.015873015873015872, "12.0": 0.0136986301369863, "13.0": 0.018518518518518517}, {"3.0": 0.2}, {"3.0": 0.2, "5.0": 0.1, "6.0": 0.07894736842105263, "7.0": 0.013513513513513514, "8.0": 0.028846153846153848, "9.0": 0.010582010582010581, "10.0": 0.00847457627118644}, {"3.0": 0.2, "5.0": 0.15, "6.0": 0.10526315789473684, "7.0": 0.05405405405405406, "8.0": 0.08653846153846154, "9.0": 0.0582010582010582, "10.0": 0.03389830508474576, "11.0": 0.031746031746031744}, {"4.0": 0.16666666666666666, "6.0": 0.02631578947368421, "7.0": 0.013513513513513514, "8.0": 0.028846153846153848, "9.0": 0.005291005291005291}, {"4.0": 0.08333333333333333}, {"4.0": 0.08333333333333333, "6.0": 0.02631578947368421, "8.0": 0.009615384615384616, "9.0": 0.005291005291005291, "12.0": 0.0136986301369863}, {"4.0": 0.16666666666666666, "5.0": 0.15, "6.0": 0.07894736842105263, "7.0": 0.05405405405405406, "8.0": 0.028846153846153848, "9.0": 0.015873015873015872, "10.0": 0.025423728813559324, "11.0": 0.047619047619047616}, {"4.0": 0.16666666666666666, "5.0": 0.15, "6.0": 0.02631578947368421, "7.0": 0.08108108108108109,