{"Algorithm Parameters": {"Threshold Value": 4.35, "Braching Factor": 67, "K": 2}, "Algorithm Performance": {"Silhouette Score": 0.9272871946859027}, "Clusters Content Analysis": {"Predictive Power": {"Metrics": {"Class: Upgrade": {"Accuracy": 0.625, "Precision": 0.7272727272727273, "Recall": 1.0, "F1-Score": 0.8421052631578948}, "Class: Downgrade": {"Accuracy": 1.0, "Precision": 0.7272727272727273, "Recall": 0.5, "F1-Score": 0.5925925925925926}}, "Confusion Matrix": {"predicted_down_AND_was_down": 3, "predicted_up_AND_was_up": 5, "predicted_no_change_AND_was_no_change": 0, "predicted_down_BUT_was_up": 0, "predicted_down_BUT_was_no_change": 442, "predicted_no_change_BUT_was_up": 0, "predicted_no_change_BUT_was_down": 0, "predicted_up_BUT_was_down": 3, "predicted_up_BUT_was_no_change": 403}}, "Share of total companies in each clusters": [0.005841121495327103, 0.9941588785046729, {"SUM": 1.0}], "Clusters with significant ranges (count)": 2, "Significant Clusters (count)": 1, "Cluster Credit Ratings Shares": [{"1.0": 0.2, "2.0": 0.2, "3.0": 0.2, "4.0": 0.2, "9.0": 0.2}, {"1.0": 0.0011750881316098707, "2.0": 0.0023501762632197414, "3.0": 0.004700352526439483, "4.0": 0.012925969447708578, "5.0": 0.023501762632197415, "6.0": 0.04465334900117509, "7.0": 0.08695652173913043, "8.0": 0.12220916568742655, "9.0": 0.2209165687426557, "10.0": 0.13866039952996476, "11.0": 0.07403055229142186, "12.0": 0.08578143360752057, "13.0": 0.06345475910693302, "14.0": 0.06580493537015276, "15.0": 0.025851938895417155, "16.0": 0.01762632197414806, "17.0": 0.009400705052878966}], "Share of total companies with given credit rating in each cluter": [{"1.0": 0.5, "2.0": 0.3333333333333333, "3.0": 0.2, "4.0": 0.08333333333333333, "9.0": 0.005291005291005291}, {"1.0": 0.5, "2.0": 0.6666666666666666, "3.0": 0.8, "4.0": 0.9166666666666666, "5.0": 1.0, "6.0": 1.0, "7.0": 1.0, "8.0": 1.0, "9.0": 0.9947089947089947, "10.0": 1.0, "11.0": 1.0, "12.0": 1.0, "13.0": 1.0, "14.0": 1.0, "15.0": 1.0, "16.0": 1.0, "17.0": 1.0}], "Cluster ranges": [8.0, 16.0], "Cluster metrics of location and dispersion": [{"Mean": 3.8, "Median": 3.0, "1st Quartile": 2.0, "3rd Quartile": 4.0, "Standard Deviation": 2.785677655436824, "Is Signficant": false}, {"Mean": 9.837837837837839, "Median": 9.0, "1st Quartile": 8.0, "3rd Quartile": 12.0, "Standard Deviation": 2.7371366972080238, "Is Signficant": true}], "Cluster entropies": [2.321928094887362, 3.4253938150210272], "Maximum entropy": 3.4253938150210272, "Weighted average entropy": 3.4189483376837977, "Incoherencies explanations": {"CLUSTER 0": {"RATING 1.0": [{"Financial Statement Lines": {"Comparison": "Cluster elements in highest 75%", "Credit Rating Statistics": {"Mean": 140295.5, "Median": 140295.5, "1st Quartile": 97986.125, "3rd Quartile": 182604.875, "Standard Deviation": 84618.75}, "Cluster Statistics": {"Mean": 224914.25, "Median": 224914.25, "1st Quartile": 224914.25, "3rd Quartile": 224914.25, "Standard Deviation": 0.0}}}, {"Performance": {"Comparison": "Cluster elements in lowest 25%", "Credit Rating Statistics": {"Mean": 184.05, "Median": 184.05, "1st Quartile": 139.075, "3rd Quartile": 229.025, "Standard Deviation": 89.95}, "Cluster Statistics": {"Mean": 94.1, "Median": 94.1, "1st Quartile": 94.1, "3rd Quartile": 94.1, "Standard Deviation": 0.0}}}, {"Industry Risk": {"Comparison": "Cluster elements in highest 75%", "Credit Rating Statistics": {"Mean": 4.0, "Median": 4.0, "1st Quartile": 3.5, "3rd Quartile": 4.5, "Standard Deviation": 1.0}, "Cluster Statistics": {"Mean": 5.0, "Median": 5.0, "1st Quartile": 5.0, "3rd Quartile": 5.0, "Standard Deviation": 0.0}}}, {"Country Diversification": {"Comparison": "Cluster elements in lowest 25%", "Credit Rating Statistics": {"Mean": 1.310655826242754, "Median": 1.310655826242754, "1st Quartile": 1.1552918451442078, "3rd Quartile": 1.4660198073413002, "Standard Deviation": 0.31072796219709253}, "Cluster Statistics": {"Mean": 0.9999278640456615, "Median": 0.9999278640456615, "1st Quartile": 0.9999278640456615, "3rd Quartile": 0.9999278640456615, "Standard Deviation": 0.0}}}, {"Industry Diversification": {"Comparison": "Cluster elements in highest 75%", "Credit Rating Statistics": {"Mean": 1.2470488165506004, "Median": 1.2470488165506004, "1st Quartile": 1.0936067843412143, "3rd Quartile": 1.4004908487599865, "Standard Deviation": 0.3068840644187722}, "Cluster Statistics": {"Mean": 1.5539328809693727, "Median": 1.5539328809693727, "1st Quartile": 1.5539328809693727, "3rd Quartile": 1.5539328809693727, "Standard Deviation": 0.0}}}], "RATING 2.0": [{"Profitability": {"Comparison": "Cluster elements in highest 75%", "Credit Rating Statistics": {"Mean": 16.090133333333334, "Median": 11.254, "1st Quartile": 10.127099999999999, "3rd Quartile": 19.6351, "Standard Deviation": 8.48304989231795}, "Cluster Statistics": {"Mean": 28.016200000000005, "Median": 28.016200000000005, "1st Quartile": 28.016200000000005, "3rd Quartile": 28.016200000000005, "Standard Deviation": 0.0}}}, {"Financial Statement Lines": {"Comparison": "Cluster elements in highest 75%", "Credit Rating Statistics": {"Mean": 78696.83333333333, "Median": 14776.55, "1st Quartile": 8776.25, "3rd Quartile": 116657.275, "Standard Deviation": 99003.93096946819}, "Cluster Statistics": {"Mean": 218538.0, "Median": 218538.0, "1st Quartile": 218538.0, "3rd Quartile": 218538.0, "Standard Deviation": 0.0}}}, {"Industry Risk": {"Comparison": "Cluster elements in highest 75%", "Credit Rating Statistics": {"Mean": 1.6666666666666667, "Median": 1.0, "1st Quartile": 0.5, "3rd Quartile": 2.5, "Standard Deviation": 1.699673171197595}, "Cluster Statistics": {"Mean": 4.0, "Median": 4.0, "1st Quartile": 4.0, "3rd Quartile": 4.0, "Standard Deviation": 0.0}}}, {"Country Risk": {"Comparison": "Cluster elements in highest 75%", "Credit Rating Statistics": {"Mean": 0.11618561257368205, "Median": 0.11399365653552289, "1st Quartile": 0.10703272425434725, "3rd Quartile": 0.12424252287393728, "Standard Deviation": 0.014136965067551568}, "Cluster Statistics": {"Mean": 0.13449138921235168, "Median": 0.13449138921235168, "1st Quartile": 0.13449138921235168, "3rd Quartile": 0.13449138921235168, "Standard Deviation": 0.0}}}, {"Industry Diversification": {"Comparison": "Cluster elements in lowest 25%", "Credit Rating Statistics": {"Mean": 1.2578835468240799, "Median": 1.5143710827515433, "1st Quartile": 1.0318363921957987, "3rd Quartile": 1.6121744694160927, "Standard Deviation": 0.5073668468582696}, "Cluster Statistics": {"Mean": 0.5493017016400543, "Median": 0.5493017016400543, "1st Quartile": 0.5493017016400543, "3rd Quartile": 0.5493017016400543, "Standard Deviation": 0.0}}}], "RATING 3.0": [{"Profitability": {"Comparison": "Cluster elements in lowest 25%", "Credit Rating Statistics": {"Mean": 19.98944, "Median": 22.724399999999996, "1st Quartile": 15.859, "3rd Quartile": 26.330000000000002, "Standard Deviation": 9.543214322564488}, "Cluster Statistics": {"Mean": 15.859, "Median": 15.859, "1st Quartile": 15.859, "3rd Quartile": 15.859, "Standard Deviation": 0.0}}}, {"Financial Statement Lines": {"Comparison": "Cluster elements in highest 75%", "Credit Rating Statistics": {"Mean": 107784.60500000001, "Median": 53813.175, "1st Quartile": 27452.65, "3rd Quartile": 55639.7, "Standard Deviation": 141170.26116920874}, "Cluster Statistics": {"Mean": 388330.0, "Median": 388330.0, "1st Quartile": 388330.0, "3rd Quartile": 388330.0, "Standard Deviation": 0.0}}}, {"Country Risk": {"Comparison": "Cluster elements are located around median", "Credit Rating Statistics": {"Mean": 0.12099470972356965, "Median": 0.14483474171567126, "1st Quartile": 0.14143021697887517, "3rd Quartile": 0.15024722290018824, "Standard Deviation": 0.06121187784343418}, "Cluster Statistics": {"Mean": 0.14483474171567126, "Median": 0.14483474171567126, "1st Quartile": 0.14483474171567126, "3rd Quartile": 0.14483474171567126,