{"Algorithm Parameters": {"Threshold Value": 4.35, "Braching Factor": 67, "K": 2}, "Algorithm Performance": {"Silhouette Score": 0.9272871946859027}, "Clusters Content Analysis": {"Predictive Power": {"Global": {"Metrics": {"Class: Upgrade": {"Accuracy": 0.625, "Precision": 0.7272727272727273, "Recall": 1.0, "F1-Score": 0.8421052631578948}, "Class: Downgrade": {"Accuracy": 1.0, "Precision": 0.7272727272727273, "Recall": 0.5, "F1-Score": 0.5925925925925926}}, "Confusion Matrix": {"predicted_down_AND_was_down": 3, "predicted_up_AND_was_up": 5, "predicted_no_change_AND_was_no_change": 0, "predicted_down_BUT_was_up": 0, "predicted_down_BUT_was_no_change": 442, "predicted_no_change_BUT_was_up": 0, "predicted_no_change_BUT_was_down": 0, "predicted_up_BUT_was_down": 3, "predicted_up_BUT_was_no_change": 403}}, "Restricted to jumps to or from below B-": {"Metrics": {"Class: Upgrade": "No element of this class", "Class: Downgrade": "No element of this class"}, "Confusion Matrix": {"predicted_down_AND_was_down": 0, "predicted_up_AND_was_up": 0, "predicted_no_change_AND_was_no_change": 0, "predicted_down_BUT_was_up": 0, "predicted_down_BUT_was_no_change": 445, "predicted_no_change_BUT_was_up": 0, "predicted_no_change_BUT_was_down": 0, "predicted_up_BUT_was_down": 0, "predicted_up_BUT_was_no_change": 411}}}, "Share of total companies in each clusters": [0.005841121495327103, 0.9941588785046729, {"SUM": 1.0}], "Clusters with significant ranges (count)": 2, "Significant Clusters (count)": 1, "Cluster Credit Ratings Shares": [{"1.0": 0.2, "2.0": 0.2, "3.0": 0.2, "4.0": 0.2, "9.0": 0.2}, {"1.0": 0.0011750881316098707, "2.0": 0.0023501762632197414, "3.0": 0.004700352526439483, "4.0": 0.012925969447708578, "5.0": 0.023501762632197415, "6.0": 0.04465334900117509, "7.0": 0.08695652173913043, "8.0": 0.12220916568742655, "9.0": 0.2209165687426557, "10.0": 0.13866039952996476, "11.0": 0.07403055229142186, "12.0": 0.08578143360752057, "13.0": 0.06345475910693302, "14.0": 0.06580493537015276, "15.0": 0.025851938895417155, "16.0": 0.01762632197414806, "17.0": 0.009400705052878966}], "Share of total companies with given credit rating in each cluter": [{"1.0": 0.5, "2.0": 0.3333333333333333, "3.0": 0.2, "4.0": 0.08333333333333333, "9.0": 0.005291005291005291}, {"1.0": 0.5, "2.0": 0.6666666666666666, "3.0": 0.8, "4.0": 0.9166666666666666, "5.0": 1.0, "6.0": 1.0, "7.0": 1.0, "8.0": 1.0, "9.0": 0.9947089947089947, "10.0": 1.0, "11.0": 1.0, "12.0": 1.0, "13.0": 1.0, "14.0": 1.0, "15.0": 1.0, "16.0": 1.0, "17.0": 1.0}], "Cluster ranges": [8.0, 16.0], "Cluster metrics of location and dispersion": [{"Mean": 3.8, "Median": 3.0, "1st Quartile": 2.0, "3rd Quartile": 4.0, "Standard Deviation": 2.785677655436824, "Is Signficant": false}, {"Mean": 9.837837837837839, "Median": 9.0, "1st Quartile": 8.0, "3rd Quartile": 12.0, "Standard Deviation": 2.7371366972080238, "Is Signficant": true}], "Cluster entropies": [2.321928094887362, 3.4253938150210272], "Maximum entropy": 3.4253938150210272, "Weighted average entropy": 3.4189483376837977, "Incoherencies explanations": {"CLUSTER 0": {}, "CLUSTER 1": {}}}}