{"Algorithm Parameters": {"K": 6}, "Algorithm Performance": {"WCSS": 25541300062.08181, "Silhouette Score": 0.7007797721711547, "Calinski Harabasz Index": 3719.001026733873}, "Clusters Content Analysis": {"Predictive Power": {"Global": {"Metrics": {"Class: Upgrade": {"Accuracy": 0.5, "Precision": 0.5454545454545454, "Recall": 0.8, "F1-Score": 0.6486486486486486}, "Class: Downgrade": {"Accuracy": 0.6666666666666666, "Precision": 0.5454545454545454, "Recall": 0.3333333333333333, "F1-Score": 0.41379310344827586}}, "Confusion Matrix": {"predicted_down_AND_was_down": 2, "predicted_up_AND_was_up": 4, "predicted_no_change_AND_was_no_change": 2, "predicted_down_BUT_was_up": 1, "predicted_down_BUT_was_no_change": 445, "predicted_no_change_BUT_was_up": 0, "predicted_no_change_BUT_was_down": 0, "predicted_up_BUT_was_down": 4, "predicted_up_BUT_was_no_change": 398}}, "Restricted to jumps to or from below B-": {"Metrics": {"Class: Upgrade": "No element of this class", "Class: Downgrade": "No element of this class"}, "Confusion Matrix": {"predicted_down_AND_was_down": 0, "predicted_up_AND_was_up": 0, "predicted_no_change_AND_was_no_change": 2, "predicted_down_BUT_was_up": 0, "predicted_down_BUT_was_no_change": 448, "predicted_no_change_BUT_was_up": 0, "predicted_no_change_BUT_was_down": 0, "predicted_up_BUT_was_down": 0, "predicted_up_BUT_was_no_change": 406}}}, "Share of total companies in each clusters": [0.004672897196261682, 0.10514018691588785, 0.6717289719626168, 0.1939252336448598, 0.0011682242990654205, 0.02336448598130841, {"SUM": 0.9999999999999999}], "Clusters with significant ranges (count)": 5, "Significant Clusters (count)": 1, "Cluster Credit Ratings Shares": [{"1.0": 0.25, "2.0": 0.25, "4.0": 0.25, "9.0": 0.25}, {"1.0": 0.011111111111111112, "3.0": 0.022222222222222223, "4.0": 0.05555555555555555, "5.0": 0.05555555555555555, "6.0": 0.08888888888888889, "7.0": 0.1, "8.0": 0.14444444444444443, "9.0": 0.4222222222222222, "10.0": 0.044444444444444446, "11.0": 0.044444444444444446, "12.0": 0.011111111111111112}, {"2.0": 0.0017391304347826088, "4.0": 0.0034782608695652175, "5.0": 0.006956521739130435, "6.0": 0.017391304347826087, "7.0": 0.05217391304347826, "8.0": 0.08869565217391304, "9.0": 0.2, "10.0": 0.1634782608695652, "11.0": 0.0817391304347826, "12.0": 0.11826086956521739, "13.0": 0.09043478260869565, "14.0": 0.09739130434782609, "15.0": 0.03826086956521739, "16.0": 0.02608695652173913, "17.0": 0.01391304347826087}, {"2.0": 0.006024096385542169, "3.0": 0.012048192771084338, "4.0": 0.012048192771084338, "5.0": 0.06626506024096386, "6.0": 0.10843373493975904, "7.0": 0.1746987951807229, "8.0": 0.21686746987951808, "9.0": 0.18072289156626506, "10.0": 0.1144578313253012, "11.0": 0.07228915662650602, "12.0": 0.024096385542168676, "13.0": 0.012048192771084338}, {"3.0": 1.0}, {"4.0": 0.1, "6.0": 0.1, "7.0": 0.3, "8.0": 0.2, "9.0": 0.25, "10.0": 0.05}], "Share of total companies with given credit rating in each cluter": [{"1.0": 0.5, "2.0": 0.3333333333333333, "4.0": 0.08333333333333333, "9.0": 0.005291005291005291}, {"1.0": 0.5, "3.0": 0.4, "4.0": 0.4166666666666667, "5.0": 0.25, "6.0": 0.21052631578947367, "7.0": 0.12162162162162163, "8.0": 0.125, "9.0": 0.20105820105820105, "10.0": 0.03389830508474576, "11.0": 0.06349206349206349, "12.0": 0.0136986301369863}, {"2.0": 0.3333333333333333, "4.0": 0.16666666666666666, "5.0": 0.2, "6.0": 0.2631578947368421, "7.0": 0.40540540540540543, "8.0": 0.49038461538461536, "9.0": 0.6084656084656085, "10.0": 0.7966101694915254, "11.0": 0.746031746031746, "12.0": 0.9315068493150684, "13.0": 0.9629629629629629, "14.0": 1.0, "15.0": 1.0, "16.0": 1.0, "17.0": 1.0}, {"2.0": 0.3333333333333333, "3.0": 0.4, "4.0": 0.16666666666666666, "5.0": 0.55, "6.0": 0.47368421052631576, "7.0": 0.3918918918918919, "8.0": 0.34615384615384615, "9.0": 0.15873015873015872, "10.0": 0.16101694915254236, "11.0": 0.19047619047619047, "12.0": 0.0547945205479452, "13.0": 0.037037037037037035}, {"3.0": 0.2}, {"4.0": 0.16666666666666666, "6.0": 0.05263157894736842, "7.0": 0.08108108108108109, "8.0": 0.038461538461538464, "9.0": 0.026455026455026454, "10.0": 0.00847457627118644}], "Cluster ranges": [8.0, 11.0, 15.0, 11.0, 0.0, 6.0], "Cluster metrics of location and dispersion": [{"Mean": 4.0, "Median": 3.0, "1st Quartile": 1.75, "3rd Quartile": 5.25, "Standard Deviation": 3.082207001484488, "Is Signficant": false}, {"Mean": 7.833333333333333, "Median": 9.0, "1st Quartile": 7.0, "3rd Quartile": 9.0, "Standard Deviation": 2.023473361436825, "Is Signficant": false}, {"Mean": 10.751304347826087, "Median": 10.0, "1st Quartile": 9.0, "3rd Quartile": 13.0, "Standard Deviation": 2.579328029019466, "Is Signficant": true}, {"Mean": 8.048192771084338, "Median": 8.0, "1st Quartile": 7.0, "3rd Quartile": 9.0, "Standard Deviation": 1.9721165588969265, "Is Signficant": false}, {"Mean": 3.0, "Median": 3.0, "1st Quartile": 3.0, "3rd Quartile": 3.0, "Standard Deviation": 0.0, "Is Signficant": false}, {"Mean": 7.45, "Median": 7.5, "1st Quartile": 7.0, "3rd Quartile": 9.0, "Standard Deviation": 1.5644487847162014, "Is Signficant": false}], "Cluster entropies": [2.0, 2.699902342901398, 3.3231726781264164, 3.007280170058176, 0, 2.3659573209491747], "Maximum entropy": 3.3231726781264164, "Weighted average entropy": 3.16395228438371, "Incoherencies explanations": {"CLUSTER 0": {}, "CLUSTER 1": {}, "CLUSTER 2": {}, "CLUSTER 3": {}, "CLUSTER 4": {}}}}