{"Algorithm Parameters": {"K": 6}, "Algorithm Performance": {"WCSS": 25541300062.08181, "Silhouette Score": 0.7007797721711547, "Calinski Harabasz Index": 3719.001026733873}, "Clusters Content Analysis": {"Predictive Power": {"Global": {"Metrics": {"Class: Upgrade": {"Accuracy": 0.4444444444444444, "Precision": 0.45454545454545453, "Recall": 0.8, "F1-Score": 0.5797101449275363}, "Class: Downgrade": {"Accuracy": 0.5, "Precision": 0.45454545454545453, "Recall": 0.16666666666666666, "F1-Score": 0.2439024390243902}}, "Confusion Matrix": {"predicted_down_AND_was_down": 1, "predicted_up_AND_was_up": 4, "predicted_no_change_AND_was_no_change": 2, "predicted_down_BUT_was_up": 1, "predicted_down_BUT_was_no_change": 424, "predicted_no_change_BUT_was_up": 0, "predicted_no_change_BUT_was_down": 0, "predicted_up_BUT_was_down": 5, "predicted_up_BUT_was_no_change": 419}}, "Restricted to jumps to or from below B-": {"Metrics": {"Class: Upgrade": "No element of this class", "Class: Downgrade": "No element of this class"}, "Confusion Matrix": {"predicted_down_AND_was_down": 0, "predicted_up_AND_was_up": 0, "predicted_no_change_AND_was_no_change": 2, "predicted_down_BUT_was_up": 0, "predicted_down_BUT_was_no_change": 426, "predicted_no_change_BUT_was_up": 0, "predicted_no_change_BUT_was_down": 0, "predicted_up_BUT_was_down": 0, "predicted_up_BUT_was_no_change": 428}}}, "Share of total companies in each clusters": [0.004672897196261682, 0.08878504672897196, 0.7079439252336449, 0.17523364485981308, 0.0011682242990654205, 0.02219626168224299, {"SUM": 1.0}], "Clusters with significant ranges (count)": 5, "Significant Clusters (count)": 1, "Cluster Credit Ratings Shares": [{"1.0": 0.25, "2.0": 0.25, "4.0": 0.25, "9.0": 0.25}, {"1.0": 0.013157894736842105, "3.0": 0.02631578947368421, "4.0": 0.05263157894736842, "5.0": 0.05263157894736842, "6.0": 0.09210526315789473, "7.0": 0.10526315789473684, "8.0": 0.14473684210526316, "9.0": 0.4605263157894737, "10.0": 0.013157894736842105, "11.0": 0.02631578947368421, "12.0": 0.013157894736842105}, {"2.0": 0.0016501650165016502, "4.0": 0.0033003300330033004, "5.0": 0.009900990099009901, "6.0": 0.019801980198019802, "7.0": 0.0594059405940594, "8.0": 0.0924092409240924, "9.0": 0.19636963696369636, "10.0": 0.16336633663366337, "11.0": 0.08415841584158416, "12.0": 0.11551155115511551, "13.0": 0.08745874587458746, "14.0": 0.0924092409240924, "15.0": 0.036303630363036306, "16.0": 0.024752475247524754, "17.0": 0.013201320132013201}, {"2.0": 0.006666666666666667, "3.0": 0.013333333333333334, "4.0": 0.02, "5.0": 0.06666666666666667, "6.0": 0.11333333333333333, "7.0": 0.16666666666666666, "8.0": 0.22, "9.0": 0.19333333333333333, "10.0": 0.11333333333333333, "11.0": 0.06666666666666667, "12.0": 0.013333333333333334, "13.0": 0.006666666666666667}, {"3.0": 1.0}, {"4.0": 0.10526315789473684, "6.0": 0.10526315789473684, "7.0": 0.2631578947368421, "8.0": 0.21052631578947367, "9.0": 0.2631578947368421, "10.0": 0.05263157894736842}], "Share of total companies with given credit rating in each cluter": [{"1.0": 0.5, "2.0": 0.3333333333333333, "4.0": 0.08333333333333333, "9.0": 0.005291005291005291}, {"1.0": 0.5, "3.0": 0.4, "4.0": 0.3333333333333333, "5.0": 0.2, "6.0": 0.18421052631578946, "7.0": 0.10810810810810811, "8.0": 0.10576923076923077, "9.0": 0.18518518518518517, "10.0": 0.00847457627118644, "11.0": 0.031746031746031744, "12.0": 0.0136986301369863}, {"2.0": 0.3333333333333333, "4.0": 0.16666666666666666, "5.0": 0.3, "6.0": 0.3157894736842105, "7.0": 0.4864864864864865, "8.0": 0.5384615384615384, "9.0": 0.6296296296296297, "10.0": 0.8389830508474576, "11.0": 0.8095238095238095, "12.0": 0.958904109589041, "13.0": 0.9814814814814815, "14.0": 1.0, "15.0": 1.0, "16.0": 1.0, "17.0": 1.0}, {"2.0": 0.3333333333333333, "3.0": 0.4, "4.0": 0.25, "5.0": 0.5, "6.0": 0.4473684210526316, "7.0": 0.33783783783783783, "8.0": 0.3173076923076923, "9.0": 0.15343915343915343, "10.0": 0.1440677966101695, "11.0": 0.15873015873015872, "12.0": 0.0273972602739726, "13.0": 0.018518518518518517}, {"3.0": 0.2}, {"4.0": 0.16666666666666666, "6.0": 0.05263157894736842, "7.0": 0.06756756756756757, "8.0": 0.038461538461538464, "9.0": 0.026455026455026454, "10.0": 0.00847457627118644}], "Cluster ranges": [8.0, 11.0, 15.0, 11.0, 0.0, 6.0], "Cluster metrics of location and dispersion": [{"Mean": 4.0, "Median": 3.0, "1st Quartile": 1.75, "3rd Quartile": 5.25, "Standard Deviation": 3.082207001484488, "Is Signficant": false}, {"Mean": 7.7368421052631575, "Median": 9.0, "1st Quartile": 7.0, "3rd Quartile": 9.0, "Standard Deviation": 1.9958405500903726, "Is Signficant": false}, {"Mean": 10.648514851485148, "Median": 10.0, "1st Quartile": 9.0, "3rd Quartile": 13.0, "Standard Deviation": 2.593509817577686, "Is Signficant": true}, {"Mean": 7.926666666666667, "Median": 8.0, "1st Quartile": 7.0, "3rd Quartile": 9.0, "Standard Deviation": 1.9325170690636144, "Is Signficant": false}, {"Mean": 3.0, "Median": 3.0, "1st Quartile": 3.0, "3rd Quartile": 3.0, "Standard Deviation": 0.0, "Is Signficant": false}, {"Mean": 7.473684210526316, "Median": 8.0, "1st Quartile": 7.0, "3rd Quartile": 9.0, "Standard Deviation": 1.6015920057582043, "Is Signficant": false}], "Cluster entropies": [2.0, 2.547530962752963, 3.341368475519858, 2.9780850535337544, 0, 2.3942811477133943], "Maximum entropy": 3.341368475519858, "Weighted average entropy": 3.1760347537042954, "Incoherencies explanations": {"CLUSTER 0": {}, "CLUSTER 1": {}, "CLUSTER 2": {}, "CLUSTER 3": {}, "CLUSTER 4": {}}}}