{"Algorithm Parameters": {"C": 5}, "Algorithm Performance": {"WCSS": 49572187943.98479, "Silhouette Score": 0.6673627626423206, "Calinski Harabasz Index": 2357.8313229602995}, "Clusters Content Analysis": {"Predictive Power": {"Global": {"Metrics": {"Class: Upgrade": {"Accuracy": 0.5454545454545454, "Precision": 0.625, "Recall": 0.8571428571428571, "F1-Score": 0.7228915662650602}, "Class: Downgrade": {"Accuracy": 0.8, "Precision": 0.625, "Recall": 0.4444444444444444, "F1-Score": 0.5194805194805195}}, "Confusion Matrix": {"predicted_down_AND_was_down": 4, "predicted_up_AND_was_up": 6, "predicted_no_change_AND_was_no_change": 0, "predicted_down_BUT_was_up": 1, "predicted_down_BUT_was_no_change": 442, "predicted_no_change_BUT_was_up": 0, "predicted_no_change_BUT_was_down": 0, "predicted_up_BUT_was_down": 5, "predicted_up_BUT_was_no_change": 398}}, "Restricted to jumps to or from below B-": {"Metrics": {"Class: Upgrade": "No element of this class", "Class: Downgrade": "No element of this class"}, "Confusion Matrix": {"predicted_down_AND_was_down": 0, "predicted_up_AND_was_up": 0, "predicted_no_change_AND_was_no_change": 0, "predicted_down_BUT_was_up": 0, "predicted_down_BUT_was_no_change": 447, "predicted_no_change_BUT_was_up": 0, "predicted_no_change_BUT_was_down": 0, "predicted_up_BUT_was_down": 0, "predicted_up_BUT_was_no_change": 409}}}, "Share of total companies in each clusters": [0.005841121495327103, 0.10397196261682243, 0.6670560747663551, 0.20093457943925233, 0.02219626168224299, {"SUM": 0.9999999999999999}], "Clusters with significant ranges (count)": 5, "Significant Clusters (count)": 1, "Cluster Credit Ratings Shares": [{"AAA": 0.2, "AA+": 0.2, "AA": 0.2, "AA-": 0.2, "BBB": 0.2}, {"AAA": 0.011235955056179775, "AA": 0.02247191011235955, "AA-": 0.0449438202247191, "A+": 0.056179775280898875, "A": 0.0898876404494382, "A-": 0.11235955056179775, "BBB+": 0.14606741573033707, "BBB": 0.42696629213483145, "BBB-": 0.0449438202247191, "BB+": 0.033707865168539325, "BB": 0.011235955056179775}, {"AA+": 0.0017513134851138354, "AA-": 0.0035026269702276708, "A+": 0.0070052539404553416, "A": 0.01576182136602452, "A-": 0.05253940455341506, "BBB+": 0.08756567425569177, "BBB": 0.1978984238178634, "BBB-": 0.1646234676007005, "BB+": 0.08231173380035026, "BB": 0.1190893169877408, "BB-": 0.09106830122591944, "B+": 0.09807355516637478, "B": 0.03852889667250438, "B-": 0.02626970227670753, "CCC+": 0.010507880910683012, "CCC": 0.0035026269702276708}, {"AA+": 0.005813953488372093, "AA": 0.011627906976744186, "AA-": 0.01744186046511628, "A+": 0.06395348837209303, "A": 0.11046511627906977, "A-": 0.1686046511627907, "BBB+": 0.21511627906976744, "BBB": 0.18604651162790697, "BBB-": 0.11046511627906977, "BB+": 0.0755813953488372, "BB": 0.023255813953488372, "BB-": 0.011627906976744186}, {"AA-": 0.10526315789473684, "A": 0.10526315789473684, "A-": 0.2631578947368421, "BBB+": 0.21052631578947367, "BBB": 0.2631578947368421, "BBB-": 0.05263157894736842}], "Share of total companies with given credit rating in each cluter": [{"AAA": 0.5, "AA+": 0.3333333333333333, "AA": 0.2, "AA-": 0.08333333333333333, "BBB": 0.005291005291005291}, {"AAA": 0.5, "AA": 0.4, "AA-": 0.3333333333333333, "A+": 0.25, "A": 0.21052631578947367, "A-": 0.13513513513513514, "BBB+": 0.125, "BBB": 0.20105820105820105, "BBB-": 0.03389830508474576, "BB+": 0.047619047619047616, "BB": 0.0136986301369863}, {"AA+": 0.3333333333333333, "AA-": 0.16666666666666666, "A+": 0.2, "A": 0.23684210526315788, "A-": 0.40540540540540543, "BBB+": 0.4807692307692308, "BBB": 0.5978835978835979, "BBB-": 0.7966101694915254, "BB+": 0.746031746031746, "BB": 0.9315068493150684, "BB-": 0.9629629629629629, "B+": 1.0, "B": 1.0, "B-": 1.0, "CCC+": 1.0, "CCC": 1.0}, {"AA+": 0.3333333333333333, "AA": 0.4, "AA-": 0.25, "A+": 0.55, "A": 0.5, "A-": 0.3918918918918919, "BBB+": 0.3557692307692308, "BBB": 0.1693121693121693, "BBB-": 0.16101694915254236, "BB+": 0.20634920634920634, "BB": 0.0547945205479452, "BB-": 0.037037037037037035}, {"AA-": 0.16666666666666666, "A": 0.05263157894736842, "A-": 0.06756756756756757, "BBB+": 0.038461538461538464, "BBB": 0.026455026455026454, "BBB-": 0.00847457627118644}], "Cluster ranges": [8.0, 11.0, 16.0, 11.0, 6.0], "Cluster metrics of location and dispersion": [{"Mean": 3.8, "Median": 3.0, "1st Quartile": 2.0, "3rd Quartile": 4.0, "Standard Deviation": 2.785677655436824, "Is Signficant": false}, {"Mean": 7.831460674157303, "Median": 9.0, "1st Quartile": 7.0, "3rd Quartile": 9.0, "Standard Deviation": 1.9673512396465638, "Is Signficant": false}, {"Mean": 10.774080560420316, "Median": 10.0, "1st Quartile": 9.0, "3rd Quartile": 13.0, "Standard Deviation": 2.585103625985368, "Is Signficant": true}, {"Mean": 8.040697674418604, "Median": 8.0, "1st Quartile": 7.0, "3rd Quartile": 9.0, "Standard Deviation": 1.9835297353266033, "Is Signficant": false}, {"Mean": 7.473684210526316, "Median": 8.0, "1st Quartile": 7.0, "3rd Quartile": 9.0, "Standard Deviation": 1.6015920057582043, "Is Signficant": false}], "Cluster entropies": [2.321928094887362, 2.665500051503877, 3.3331631403689785, 3.0194809143484065, 2.3942811477133943], "Maximum entropy": 3.3331631403689785, "Weighted average entropy": 3.173968875331132, "Incoherencies explanations": {"CLUSTER 0": {}, "CLUSTER 1": {"RATING BBB": [{"Leverage": {"Comparison": "Cluster elements in highest 75%", "Credit Rating Statistics": {"Mean": 27.055911111111115, "Median": 22.766399999999997, "1st Quartile": 19.158099999999997, "3rd Quartile": 25.1228, "Standard Deviation": 42.742902699666544}, "Cluster Statistics": {"Mean": 25.547275657894737, "Median": 25.1228, "1st Quartile": 25.1228, "3rd Quartile": 25.1228, "Standard Deviation": 4.786651293428888}}}, {"Profitability": {"Comparison": "Cluster elements in lower half", "Credit Rating Statistics": {"Mean": 15.428957936507937, "Median": 15.6804, "1st Quartile": 10.322, "3rd Quartile": 17.031, "Standard Deviation": 6.65181785794537}, "Cluster Statistics": {"Mean": 11.186147368421052, "Median": 10.322, "1st Quartile": 10.322, "3rd Quartile": 10.322, "Standard Deviation": 4.238577022063744}}}, {"Financial Statement Lines": {"Comparison": "Cluster elements in highest 75%", "Credit Rating Statistics": {"Mean": 17361.452645502646, "Median": 7605.325000000001, "1st Quartile": 2561.225, "3rd Quartile": 24881.0, "Standard Deviation": 25118.18906926344}, "Cluster Statistics": {"Mean": 42339.38421052632, "Median": 42250.5, "1st Quartile": 42250.5, "3rd Quartile": 42250.5, "Standard Deviation": 5062.789698184211}}}, {"Liquidity": {"Comparison": "Cluster elements in lowest 25%", "Credit Rating Statistics": {"Mean": 17.745480423280423, "Median": 12.3178, "1st Quartile": 6.311999999999999, "3rd Quartile": 24.9024, "Standard Deviation": 16.96280123914747}, "Cluster Statistics": {"Mean": 5.146121052631578, "Median": 2.0328000000000004, "1st Quartile": 2.0328000000000004, "3rd Quartile": 2.0328000000000004, "Standard Deviation": 9.973090961555073}}}, {"Efficiency": {"Comparison": "Cluster elements in highest 75%", "Credit Rating Statistics": {"Mean": 1.1492566137566138, "Median": 0.8913333333333333, "1st Quartile": 0.6859999999999999, "3rd Quartile": 1.3036666666666665, "Standard Deviation": 0.8010771353993011}, "Cluster Statistics": {"Mean": 2.1695526315789464, "Median": 2.3786666666666663, "1st Quartile": 2.3786666666666663, "3rd Quartile": 2.3786666666666663, "Standard Deviation": 0.506184744700913}}}]}, "CLUSTER 2": {}, "CLUSTER 3": {"RATING BBB+": [{"Leverage": {"Comparison": "Cluster elements in upper half", "Credit Rating Statistics": {"Mean": 24.414527751068377, "Median": 21.1224, "1st Quartile": 17.7332, "3rd Quartile": 23.87405, "Standard Deviation": 22.043844078180914}, "Cluster Statistics": {"Mean": 23.13242027027027, "Median": 21.188299999999998, "1st Quartile": 18.3984, "3rd Quartile": 25.0027, "Standard Deviation": 8.563049741665512}}}, {"Profitability": {"Comparison": "Cluster elements in lower half",