{"Algorithm Parameters": {"C": 5}, "Algorithm Performance": {"WCSS": 49572187943.98479, "Silhouette Score": 0.6673627626423206, "Calinski Harabasz Index": 2357.8313229602995}, "Clusters Content Analysis": {"Predictive Power": {"Global": {"Metrics": {"Class: Upgrade": {"Accuracy": 0.5, "Precision": 0.5454545454545454, "Recall": 0.8, "F1-Score": 0.6486486486486486}, "Class: Downgrade": {"Accuracy": 0.6666666666666666, "Precision": 0.5454545454545454, "Recall": 0.3333333333333333, "F1-Score": 0.41379310344827586}}, "Confusion Matrix": {"predicted_down_AND_was_down": 2, "predicted_up_AND_was_up": 4, "predicted_no_change_AND_was_no_change": 0, "predicted_down_BUT_was_up": 1, "predicted_down_BUT_was_no_change": 444, "predicted_no_change_BUT_was_up": 0, "predicted_no_change_BUT_was_down": 0, "predicted_up_BUT_was_down": 4, "predicted_up_BUT_was_no_change": 401}}, "Restricted to jumps to or from below B-": {"Metrics": {"Class: Upgrade": "No element of this class", "Class: Downgrade": "No element of this class"}, "Confusion Matrix": {"predicted_down_AND_was_down": 0, "predicted_up_AND_was_up": 0, "predicted_no_change_AND_was_no_change": 0, "predicted_down_BUT_was_up": 0, "predicted_down_BUT_was_no_change": 447, "predicted_no_change_BUT_was_up": 0, "predicted_no_change_BUT_was_down": 0, "predicted_up_BUT_was_down": 0, "predicted_up_BUT_was_no_change": 409}}}, "Share of total companies in each clusters": [0.005841121495327103, 0.10397196261682243, 0.6670560747663551, 0.20093457943925233, 0.02219626168224299, {"SUM": 0.9999999999999999}], "Clusters with significant ranges (count)": 5, "Significant Clusters (count)": 1, "Cluster Credit Ratings Shares": [{"1.0": 0.2, "2.0": 0.2, "3.0": 0.2, "4.0": 0.2, "9.0": 0.2}, {"1.0": 0.011235955056179775, "3.0": 0.02247191011235955, "4.0": 0.0449438202247191, "5.0": 0.056179775280898875, "6.0": 0.0898876404494382, "7.0": 0.11235955056179775, "8.0": 0.14606741573033707, "9.0": 0.42696629213483145, "10.0": 0.0449438202247191, "11.0": 0.033707865168539325, "12.0": 0.011235955056179775}, {"2.0": 0.0017513134851138354, "4.0": 0.0035026269702276708, "5.0": 0.0070052539404553416, "6.0": 0.01576182136602452, "7.0": 0.05253940455341506, "8.0": 0.08756567425569177, "9.0": 0.1978984238178634, "10.0": 0.1646234676007005, "11.0": 0.08231173380035026, "12.0": 0.1190893169877408, "13.0": 0.09106830122591944, "14.0": 0.09807355516637478, "15.0": 0.03852889667250438, "16.0": 0.02626970227670753, "17.0": 0.014010507880910683}, {"2.0": 0.005813953488372093, "3.0": 0.011627906976744186, "4.0": 0.01744186046511628, "5.0": 0.06395348837209303, "6.0": 0.11046511627906977, "7.0": 0.1686046511627907, "8.0": 0.21511627906976744, "9.0": 0.18604651162790697, "10.0": 0.11046511627906977, "11.0": 0.0755813953488372, "12.0": 0.023255813953488372, "13.0": 0.011627906976744186}, {"4.0": 0.10526315789473684, "6.0": 0.10526315789473684, "7.0": 0.2631578947368421, "8.0": 0.21052631578947367, "9.0": 0.2631578947368421, "10.0": 0.05263157894736842}], "Share of total companies with given credit rating in each cluter": [{"1.0": 0.5, "2.0": 0.3333333333333333, "3.0": 0.2, "4.0": 0.08333333333333333, "9.0": 0.005291005291005291}, {"1.0": 0.5, "3.0": 0.4, "4.0": 0.3333333333333333, "5.0": 0.25, "6.0": 0.21052631578947367, "7.0": 0.13513513513513514, "8.0": 0.125, "9.0": 0.20105820105820105, "10.0": 0.03389830508474576, "11.0": 0.047619047619047616, "12.0": 0.0136986301369863}, {"2.0": 0.3333333333333333, "4.0": 0.16666666666666666, "5.0": 0.2, "6.0": 0.23684210526315788, "7.0": 0.40540540540540543, "8.0": 0.4807692307692308, "9.0": 0.5978835978835979, "10.0": 0.7966101694915254, "11.0": 0.746031746031746, "12.0": 0.9315068493150684, "13.0": 0.9629629629629629, "14.0": 1.0, "15.0": 1.0, "16.0": 1.0, "17.0": 1.0}, {"2.0": 0.3333333333333333, "3.0": 0.4, "4.0": 0.25, "5.0": 0.55, "6.0": 0.5, "7.0": 0.3918918918918919, "8.0": 0.3557692307692308, "9.0": 0.1693121693121693, "10.0": 0.16101694915254236, "11.0": 0.20634920634920634, "12.0": 0.0547945205479452, "13.0": 0.037037037037037035}, {"4.0": 0.16666666666666666, "6.0": 0.05263157894736842, "7.0": 0.06756756756756757, "8.0": 0.038461538461538464, "9.0": 0.026455026455026454, "10.0": 0.00847457627118644}], "Cluster ranges": [8.0, 11.0, 15.0, 11.0, 6.0], "Cluster metrics of location and dispersion": [{"Mean": 3.8, "Median": 3.0, "1st Quartile": 2.0, "3rd Quartile": 4.0, "Standard Deviation": 2.785677655436824, "Is Signficant": false}, {"Mean": 7.831460674157303, "Median": 9.0, "1st Quartile": 7.0, "3rd Quartile": 9.0, "Standard Deviation": 1.9673512396465638, "Is Signficant": false}, {"Mean": 10.770577933450088, "Median": 10.0, "1st Quartile": 9.0, "3rd Quartile": 13.0, "Standard Deviation": 2.5759719942246466, "Is Signficant": true}, {"Mean": 8.040697674418604, "Median": 8.0, "1st Quartile": 7.0, "3rd Quartile": 9.0, "Standard Deviation": 1.9835297353266033, "Is Signficant": false}, {"Mean": 7.473684210526316, "Median": 8.0, "1st Quartile": 7.0, "3rd Quartile": 9.0, "Standard Deviation": 1.6015920057582043, "Is Signficant": false}], "Cluster entropies": [2.321928094887362, 2.665500051503877, 3.3217967218126336, 3.0194809143484065, 2.3942811477133943], "Maximum entropy": 3.3217967218126336, "Weighted average entropy": 3.1663868367847847, "Incoherencies explanations": {"CLUSTER 0": {}, "CLUSTER 1": {}, "CLUSTER 2": {}, "CLUSTER 3": {}, "CLUSTER 4": {}}}}