{"Algorithm Parameters": {"K": 5}, "Algorithm Performance": {"WCSS": 38801911287.73848, "Silhouette Score": 0.7659258296729199, "Calinski Harabasz Index": 2929.7720492624703}, "Clusters Content Analysis": {"Predictive Power": {"Global": {"Metrics": {"Class: Upgrade": {"Accuracy": 0.4444444444444444, "Precision": 0.45454545454545453, "Recall": 0.8, "F1-Score": 0.5797101449275363}, "Class: Downgrade": {"Accuracy": 0.5, "Precision": 0.45454545454545453, "Recall": 0.16666666666666666, "F1-Score": 0.2439024390243902}}, "Confusion Matrix": {"predicted_down_AND_was_down": 1, "predicted_up_AND_was_up": 4, "predicted_no_change_AND_was_no_change": 2, "predicted_down_BUT_was_up": 1, "predicted_down_BUT_was_no_change": 478, "predicted_no_change_BUT_was_up": 0, "predicted_no_change_BUT_was_down": 0, "predicted_up_BUT_was_down": 5, "predicted_up_BUT_was_no_change": 365}}, "Restricted to jumps to or from below B-": {"Metrics": {"Class: Upgrade": "No element of this class", "Class: Downgrade": "No element of this class"}, "Confusion Matrix": {"predicted_down_AND_was_down": 0, "predicted_up_AND_was_up": 0, "predicted_no_change_AND_was_no_change": 2, "predicted_down_BUT_was_up": 0, "predicted_down_BUT_was_no_change": 480, "predicted_no_change_BUT_was_up": 0, "predicted_no_change_BUT_was_down": 0, "predicted_up_BUT_was_down": 0, "predicted_up_BUT_was_no_change": 374}}}, "Share of total companies in each clusters": [0.004672897196261682, 0.13901869158878505, 0.8282710280373832, 0.0011682242990654205, 0.026869158878504672, {"SUM": 1.0}], "Clusters with significant ranges (count)": 4, "Significant Clusters (count)": 1, "Cluster Credit Ratings Shares": [{"1.0": 0.25, "2.0": 0.25, "4.0": 0.25, "9.0": 0.25}, {"1.0": 0.008403361344537815, "3.0": 0.025210084033613446, "4.0": 0.04201680672268908, "5.0": 0.058823529411764705, "6.0": 0.11764705882352941, "7.0": 0.11764705882352941, "8.0": 0.15966386554621848, "9.0": 0.3697478991596639, "10.0": 0.058823529411764705, "11.0": 0.03361344537815126, "12.0": 0.008403361344537815}, {"2.0": 0.0028208744710860366, "3.0": 0.0014104372355430183, "4.0": 0.005641748942172073, "5.0": 0.018335684062059238, "6.0": 0.031029619181946404, "7.0": 0.076163610719323, "8.0": 0.11142454160789844, "9.0": 0.19605077574047955, "10.0": 0.15514809590973203, "11.0": 0.08321579689703808, "12.0": 0.1001410437235543, "13.0": 0.076163610719323, "14.0": 0.07898448519040903, "15.0": 0.031029619181946404, "16.0": 0.021156558533145273, "17.0": 0.011283497884344146}, {"3.0": 1.0}, {"4.0": 0.08695652173913043, "6.0": 0.08695652173913043, "7.0": 0.2608695652173913, "8.0": 0.2608695652173913, "9.0": 0.21739130434782608, "10.0": 0.043478260869565216, "12.0": 0.043478260869565216}], "Share of total companies with given credit rating in each cluter": [{"1.0": 0.5, "2.0": 0.3333333333333333, "4.0": 0.08333333333333333, "9.0": 0.005291005291005291}, {"1.0": 0.5, "3.0": 0.6, "4.0": 0.4166666666666667, "5.0": 0.35, "6.0": 0.3684210526315789, "7.0": 0.1891891891891892, "8.0": 0.18269230769230768, "9.0": 0.2328042328042328, "10.0": 0.059322033898305086, "11.0": 0.06349206349206349, "12.0": 0.0136986301369863}, {"2.0": 0.6666666666666666, "3.0": 0.2, "4.0": 0.3333333333333333, "5.0": 0.65, "6.0": 0.5789473684210527, "7.0": 0.7297297297297297, "8.0": 0.7596153846153846, "9.0": 0.7354497354497355, "10.0": 0.9322033898305084, "11.0": 0.9365079365079365, "12.0": 0.9726027397260274, "13.0": 1.0, "14.0": 1.0, "15.0": 1.0, "16.0": 1.0, "17.0": 1.0}, {"3.0": 0.2}, {"4.0": 0.16666666666666666, "6.0": 0.05263157894736842, "7.0": 0.08108108108108109, "8.0": 0.057692307692307696, "9.0": 0.026455026455026454, "10.0": 0.00847457627118644, "12.0": 0.0136986301369863}], "Cluster ranges": [8.0, 11.0, 15.0, 0.0, 8.0], "Cluster metrics of location and dispersion": [{"Mean": 4.0, "Median": 3.0, "1st Quartile": 1.75, "3rd Quartile": 5.25, "Standard Deviation": 3.082207001484488, "Is Signficant": false}, {"Mean": 7.739495798319328, "Median": 8.0, "1st Quartile": 6.5, "3rd Quartile": 9.0, "Standard Deviation": 1.9509195628571283, "Is Signficant": false}, {"Mean": 10.259520451339915, "Median": 10.0, "1st Quartile": 9.0, "3rd Quartile": 12.0, "Standard Deviation": 2.6815590893062002, "Is Signficant": true}, {"Mean": 3.0, "Median": 3.0, "1st Quartile": 3.0, "3rd Quartile": 3.0, "Standard Deviation": 0.0, "Is Signficant": false}, {"Mean": 7.695652173913044, "Median": 8.0, "1st Quartile": 7.0, "3rd Quartile": 9.0, "Standard Deviation": 1.7304129340984695, "Is Signficant": false}], "Cluster entropies": [2.0, 2.767094665169382, 3.403558834928746, 0, 2.4962058480965483], "Maximum entropy": 3.403558834928746, "Weighted average entropy": 3.2801638009647873, "Incoherencies explanations": {"CLUSTER 0": {}, "CLUSTER 1": {}, "CLUSTER 2": {}, "CLUSTER 3": {}}}}