{"Algorithm Parameters": {"Threshold Value": 9.6, "Braching Factor": 17, "K": 2}, "Algorithm Performance": {"Silhouette Score": 0.950431718737515}, "Clusters Content Analysis": {"Predictive Power": {"Global": {"Metrics": {"Class: Upgrade": {"Accuracy": 0.5, "Precision": 0.5714285714285714, "Recall": 0.6666666666666666, "F1-Score": 0.6153846153846153}, "Class: Downgrade": {"Accuracy": 0.6666666666666666, "Precision": 0.5714285714285714, "Recall": 0.5, "F1-Score": 0.5333333333333333}}, "Confusion Matrix": {"predicted_down_AND_was_down": 4, "predicted_up_AND_was_up": 4, "predicted_no_change_AND_was_no_change": 0, "predicted_down_BUT_was_up": 2, "predicted_down_BUT_was_no_change": 447, "predicted_no_change_BUT_was_up": 0, "predicted_no_change_BUT_was_down": 0, "predicted_up_BUT_was_down": 4, "predicted_up_BUT_was_no_change": 274}}, "Restricted to jumps to or from below B-": {"Metrics": {"Class: Upgrade": "No element of this class", "Class: Downgrade": "No element of this class"}, "Confusion Matrix": {"predicted_down_AND_was_down": 0, "predicted_up_AND_was_up": 0, "predicted_no_change_AND_was_no_change": 0, "predicted_down_BUT_was_up": 0, "predicted_down_BUT_was_no_change": 453, "predicted_no_change_BUT_was_up": 0, "predicted_no_change_BUT_was_down": 0, "predicted_up_BUT_was_down": 0, "predicted_up_BUT_was_no_change": 282}}}, "Share of total companies in each clusters": [0.029931972789115645, 0.9700680272108844, {"SUM": 1.0}], "Clusters with significant ranges (count)": 2, "Significant Clusters (count)": 1, "Cluster Credit Ratings Shares": [{"AAA": 0.045454545454545456, "AA+": 0.09090909090909091, "AA": 0.045454545454545456, "AA-": 0.09090909090909091, "A": 0.09090909090909091, "A-": 0.13636363636363635, "BBB+": 0.13636363636363635, "BBB": 0.3181818181818182, "BBB-": 0.045454545454545456}, {"AAA": 0.001402524544179523, "AA-": 0.009817671809256662, "A+": 0.014025245441795231, "A": 0.023842917251051893, "A-": 0.0729312762973352, "BBB+": 0.11781206171107994, "BBB": 0.2370266479663394, "BBB-": 0.14726507713884993, "BB+": 0.08415147265077139, "BB": 0.08835904628330996, "BB-": 0.07012622720897616, "B+": 0.07152875175315568, "B": 0.029453015427769985, "B-": 0.019635343618513323, "CCC+": 0.009817671809256662, "CCC": 0.002805049088359046}], "Share of total companies with given credit rating in each cluter": [{"AAA": 0.5, "AA+": 1.0, "AA": 1.0, "AA-": 0.2222222222222222, "A": 0.10526315789473684, "A-": 0.05454545454545454, "BBB+": 0.034482758620689655, "BBB": 0.03977272727272727, "BBB-": 0.009433962264150943}, {"AAA": 0.5, "AA-": 0.7777777777777778, "A+": 1.0, "A": 0.8947368421052632, "A-": 0.9454545454545454, "BBB+": 0.9655172413793104, "BBB": 0.9602272727272727, "BBB-": 0.9905660377358491, "BB+": 1.0, "BB": 1.0, "BB-": 1.0, "B+": 1.0, "B": 1.0, "B-": 1.0, "CCC+": 1.0, "CCC": 1.0}], "Cluster ranges": [9.0, 17.0], "Cluster metrics of location and dispersion": [{"Mean": 6.636363636363637, "Median": 7.5, "1st Quartile": 4.5, "3rd Quartile": 9.0, "Standard Deviation": 2.6891271741361895, "Is Signficant": false}, {"Mean": 10.185133239831696, "Median": 10.0, "1st Quartile": 9.0, "3rd Quartile": 12.0, "Standard Deviation": 2.6165838601608313, "Is Signficant": true}], "Cluster entropies": [2.8611925523313806, 3.3331001195494014], "Maximum entropy": 3.3331001195494014, "Weighted average entropy": 3.3189749950884537, "Incoherencies explanations": {"CLUSTER 0": {"RATING BBB": [{"Leverage": {"Comparison": "Cluster elements in highest 75%", "Credit Rating Statistics": {"Mean": 51.90297159090908, "Median": 40.05, "1st Quartile": 36.8125, "3rd Quartile": 49.95, "Standard Deviation": 98.10850365402658}, "Cluster Statistics": {"Mean": 52.912857988165676, "Median": 40.05, "1st Quartile": 37.35, "3rd Quartile": 49.95, "Standard Deviation": 99.92573186555806}}}, {"Financial Statement Lines": {"Comparison": "Cluster elements in upper half", "Credit Rating Statistics": {"Mean": 9542.923863636364, "Median": 4877.525, "1st Quartile": 1066.7125, "3rd Quartile": 6223.325, "Standard Deviation": 23388.540511856292}, "Cluster Statistics": {"Mean": 5390.670710059172, "Median": 4612.9, "1st Quartile": 921.65, "3rd Quartile": 5382.0, "Standard Deviation": 6168.935464295928}}}, {"Industry Risk": {"Comparison": "Cluster elements in lower half", "Credit Rating Statistics": {"Mean": 0.7215909090909091, "Median": 1.0, "1st Quartile": 0.0, "3rd Quartile": 2.0, "Standard Deviation": 1.2462624909227558}, "Cluster Statistics": {"Mean": 0.6804733727810651, "Median": 1.0, "1st Quartile": 0.0, "3rd Quartile": 2.0, "Standard Deviation": 1.2421244497630965}}}, {"Country Risk": {"Comparison": "Cluster elements in lowest 25%", "Credit Rating Statistics": {"Mean": 0.09333330981828296, "Median": 0.10126463110670045, "1st Quartile": 0.09967033630534106, "3rd Quartile": 0.10126463110670045, "Standard Deviation": 0.034797645374264816}, "Cluster Statistics": {"Mean": 0.0934306387948324, "Median": 0.10126463110670045, "1st Quartile": 0.1002026903577621, "3rd Quartile": 0.10126463110670045, "Standard Deviation": 0.03519574525550986}}}, {"Country Diversification": {"Comparison": "Cluster elements in upper half", "Credit Rating Statistics": {"Mean": 0.8243926710627921, "Median": 0.4253654399684812, "1st Quartile": 0.0, "3rd Quartile": 1.5565480797664888, "Standard Deviation": 0.9671161314130673}, "Cluster Statistics": {"Mean": 0.834495923497934, "Median": 0.45476841328918066, "1st Quartile": 0.0, "3rd Quartile": 1.5869108664695148, "Standard Deviation": 0.9769621035837198}}}]}, "CLUSTER 1": {"RATING BBB": [{"Leverage": {"Comparison": "Cluster elements in lowest 25%", "Credit Rating Statistics": {"Mean": 51.90297159090908, "Median": 40.05, "1st Quartile": 36.8125, "3rd Quartile": 49.95, "Standard Deviation": 98.10850365402658}, "Cluster Statistics": {"Mean": 27.52142857142857, "Median": 34.8, "1st Quartile": 16.1, "3rd Quartile": 40.725, "Standard Deviation": 17.82762417355351}}}, {"Financial Statement Lines": {"Comparison": "Cluster elements in highest 75%", "Credit Rating Statistics": {"Mean": 9542.923863636364, "Median": 4877.525, "1st Quartile": 1066.7125, "3rd Quartile": 6223.325, "Standard Deviation": 23388.540511856292}, "Cluster Statistics": {"Mean": 109790.17857142857, "Median": 96850.25, "1st Quartile": 75913.75, "3rd Quartile": 120498.0, "Standard Deviation": 48674.459368689284}}}, {"Industry Risk": {"Comparison": "Cluster elements in upper half", "Credit Rating Statistics": {"Mean": 0.7215909090909091, "Median": 1.0, "1st Quartile": 0.0, "3rd Quartile": 2.0, "Standard Deviation": 1.2462624909227558}, "Cluster Statistics": {"Mean": 1.7142857142857142, "Median": 1.0, "1st Quartile": 1.0, "3rd Quartile": 2.5, "Standard Deviation": 0.880630571852711}}}, {"Country Risk": {"Comparison": "Cluster elements in lowest 25%", "Credit Rating Statistics": {"Mean": 0.09333330981828296, "Median": 0.10126463110670045, "1st Quartile": 0.09967033630534106, "3rd Quartile": 0.10126463110670045, "Standard Deviation": 0.034797645374264816}, "Cluster Statistics": {"Mean": 0.0909835102415888, "Median": 0.10126463110670045, "1st Quartile": 0.09862903481793836, "3rd Quartile": 0.10126463110670045, "Standard Deviation": 0.023073807381589824}}}, {"Country Diversification": {"Comparison": "Cluster elements in upper half", "Credit Rating Statistics": {"Mean": 0.8243926710627921, "Median": 0.4253654399684812, "1st Quartile": 0.0, "3rd Quartile": 1.5565480797664888, "Standard Deviation": 0.9671161314130673}, "Cluster Statistics": {"Mean": 0.5804712908429366, "Median": 0.31609061029366253, "1st Quartile": 0.0, "3rd Quartile": 1.10888145322607, "Standard Deviation": 0.6412682205416035}}}]}}}}