{"Algorithm Parameters": {"Threshold Value": 9.6, "Braching Factor": 17, "K": 2}, "Algorithm Performance": {"Silhouette Score": 0.950431718737515}, "Clusters Content Analysis": {"Predictive Power": {"Metrics": {"Class: Upgrade": {"Accuracy": 0.42857142857142855, "Precision": 0.5, "Recall": 0.75, "F1-Score": 0.6}, "Class: Downgrade": {"Accuracy": 0.6666666666666666, "Precision": 0.5, "Recall": 0.3333333333333333, "F1-Score": 0.4}}, "Confusion Matrix": {"predicted_down_AND_was_down": 2, "predicted_up_AND_was_up": 3, "predicted_no_change_AND_was_no_change": 0, "predicted_down_BUT_was_up": 1, "predicted_down_BUT_was_no_change": 450, "predicted_no_change_BUT_was_up": 0, "predicted_no_change_BUT_was_down": 0, "predicted_up_BUT_was_down": 4, "predicted_up_BUT_was_no_change": 275}}, "Share of total companies in each clusters": [0.029931972789115645, 0.9700680272108844, {"SUM": 1.0}], "Clusters with significant ranges (count)": 2, "Significant Clusters (count)": 1, "Cluster Credit Ratings Shares": [{"1.0": 0.045454545454545456, "2.0": 0.09090909090909091, "3.0": 0.045454545454545456, "4.0": 0.09090909090909091, "6.0": 0.09090909090909091, "7.0": 0.13636363636363635, "8.0": 0.13636363636363635, "9.0": 0.3181818181818182, "10.0": 0.045454545454545456}, {"1.0": 0.001402524544179523, "4.0": 0.009817671809256662, "5.0": 0.014025245441795231, "6.0": 0.023842917251051893, "7.0": 0.0729312762973352, "8.0": 0.11781206171107994, "9.0": 0.2370266479663394, "10.0": 0.14726507713884993, "11.0": 0.08415147265077139, "12.0": 0.08835904628330996, "13.0": 0.07012622720897616, "14.0": 0.07152875175315568, "15.0": 0.029453015427769985, "16.0": 0.019635343618513323, "17.0": 0.012622720897615708}], "Share of total companies with given credit rating in each cluter": [{"1.0": 0.5, "2.0": 1.0, "3.0": 1.0, "4.0": 0.2222222222222222, "6.0": 0.10526315789473684, "7.0": 0.05454545454545454, "8.0": 0.034482758620689655, "9.0": 0.03977272727272727, "10.0": 0.009433962264150943}, {"1.0": 0.5, "4.0": 0.7777777777777778, "5.0": 1.0, "6.0": 0.8947368421052632, "7.0": 0.9454545454545454, "8.0": 0.9655172413793104, "9.0": 0.9602272727272727, "10.0": 0.9905660377358491, "11.0": 1.0, "12.0": 1.0, "13.0": 1.0, "14.0": 1.0, "15.0": 1.0, "16.0": 1.0, "17.0": 1.0}], "Cluster ranges": [9.0, 16.0], "Cluster metrics of location and dispersion": [{"Mean": 6.636363636363637, "Median": 7.5, "1st Quartile": 4.5, "3rd Quartile": 9.0, "Standard Deviation": 2.6891271741361895, "Is Signficant": false}, {"Mean": 10.182328190743338, "Median": 10.0, "1st Quartile": 9.0, "3rd Quartile": 12.0, "Standard Deviation": 2.6087288299629026, "Is Signficant": true}], "Cluster entropies": [2.8611925523313806, 3.323453779355043], "Maximum entropy": 3.323453779355043, "Weighted average entropy": 3.3096173888863074, "Incoherencies explanations": {"CLUSTER 0": {"RATING 9.0": [{"Financial Statement Lines": {"Comparison": "Cluster elements in upper half", "Credit Rating Statistics": {"Mean": 9542.923863636364, "Median": 4877.525, "1st Quartile": 1066.7125, "3rd Quartile": 6223.325, "Standard Deviation": 23388.540511856292}, "Cluster Statistics": {"Mean": 5390.670710059172, "Median": 4612.9, "1st Quartile": 921.65, "3rd Quartile": 5382.0, "Standard Deviation": 6168.935464295928}}}, {"Industry Risk": {"Comparison": "Cluster elements in lower half", "Credit Rating Statistics": {"Mean": 0.7215909090909091, "Median": 1.0, "1st Quartile": 0.0, "3rd Quartile": 2.0, "Standard Deviation": 1.2462624909227558}, "Cluster Statistics": {"Mean": 0.6804733727810651, "Median": 1.0, "1st Quartile": 0.0, "3rd Quartile": 2.0, "Standard Deviation": 1.2421244497630965}}}, {"Country Risk": {"Comparison": "Cluster elements in lowest 25%", "Credit Rating Statistics": {"Mean": 0.09333330981828296, "Median": 0.10126463110670045, "1st Quartile": 0.09967033630534106, "3rd Quartile": 0.10126463110670045, "Standard Deviation": 0.034797645374264816}, "Cluster Statistics": {"Mean": 0.0934306387948324, "Median": 0.10126463110670045, "1st Quartile": 0.1002026903577621, "3rd Quartile": 0.10126463110670045, "Standard Deviation": 0.03519574525550986}}}, {"Country Diversification": {"Comparison": "Cluster elements in upper half", "Credit Rating Statistics": {"Mean": 0.8243926710627921, "Median": 0.4253654399684812, "1st Quartile": 0.0, "3rd Quartile": 1.5565480797664888, "Standard Deviation": 0.9671161314130673}, "Cluster Statistics": {"Mean": 0.834495923497934, "Median": 0.45476841328918066, "1st Quartile": 0.0, "3rd Quartile": 1.5869108664695148, "Standard Deviation": 0.9769621035837198}}}, {"Industry Diversification": {"Comparison": "Cluster elements in upper half", "Credit Rating Statistics": {"Mean": 0.6767918680995947, "Median": 0.2411762855501966, "1st Quartile": 0.0, "3rd Quartile": 1.3427743934599614, "Standard Deviation": 0.7785252175484431}, "Cluster Statistics": {"Mean": 0.6550892008811509, "Median": 0.0, "1st Quartile": 0.0, "3rd Quartile": 1.2719054112188701, "Standard Deviation": 0.7704750737479497}}}]}, "CLUSTER 1": {"RATING 9.0": [{"Financial Statement Lines": {"Comparison": "Cluster elements in highest 75%", "Credit Rating Statistics": {"Mean": 9542.923863636364, "Median": 4877.525, "1st Quartile": 1066.7125, "3rd Quartile": 6223.325, "Standard Deviation": 23388.540511856292}, "Cluster Statistics": {"Mean": 109790.17857142857, "Median": 96850.25, "1st Quartile": 75913.75, "3rd Quartile": 120498.0, "Standard Deviation": 48674.459368689284}}}, {"Industry Risk": {"Comparison": "Cluster elements in upper half", "Credit Rating Statistics": {"Mean": 0.7215909090909091, "Median": 1.0, "1st Quartile": 0.0, "3rd Quartile": 2.0, "Standard Deviation": 1.2462624909227558}, "Cluster Statistics": {"Mean": 1.7142857142857142, "Median": 1.0, "1st Quartile": 1.0, "3rd Quartile": 2.5, "Standard Deviation": 0.880630571852711}}}, {"Country Risk": {"Comparison": "Cluster elements in lowest 25%", "Credit Rating Statistics": {"Mean": 0.09333330981828296, "Median": 0.10126463110670045, "1st Quartile": 0.09967033630534106, "3rd Quartile": 0.10126463110670045, "Standard Deviation": 0.034797645374264816}, "Cluster Statistics": {"Mean": 0.0909835102415888, "Median": 0.10126463110670045, "1st Quartile": 0.09862903481793836, "3rd Quartile": 0.10126463110670045, "Standard Deviation": 0.023073807381589824}}}, {"Country Diversification": {"Comparison": "Cluster elements in upper half", "Credit Rating Statistics": {"Mean": 0.8243926710627921, "Median": 0.4253654399684812, "1st Quartile": 0.0, "3rd Quartile": 1.5565480797664888, "Standard Deviation": 0.9671161314130673}, "Cluster Statistics": {"Mean": 0.5804712908429366, "Median": 0.31609061029366253, "1st Quartile": 0.0, "3rd Quartile": 1.10888145322607, "Standard Deviation": 0.6412682205416035}}}, {"Industry Diversification": {"Comparison": "Cluster elements in upper half", "Credit Rating Statistics": {"Mean": 0.6767918680995947, "Median": 0.2411762855501966, "1st Quartile": 0.0, "3rd Quartile": 1.3427743934599614, "Standard Deviation": 0.7785252175484431}, "Cluster Statistics": {"Mean": 1.200756262373455, "Median": 1.3495719657532206, "1st Quartile": 0.6064789033407596, "3rd Quartile": 1.730442281799546, "Standard Deviation": 0.788190958696837}}}]}}}}