{"Algorithm Parameters": {"Threshold Value": 9.6, "Braching Factor": 17, "K": 2}, "Algorithm Performance": {"Silhouette Score": 0.950431718737515}, "Clusters Content Analysis": {"Predictive Power": {"Global": {"Metrics": {"Class: Upgrade": {"Accuracy": 0.42857142857142855, "Precision": 0.5, "Recall": 0.75, "F1-Score": 0.6}, "Class: Downgrade": {"Accuracy": 0.6666666666666666, "Precision": 0.5, "Recall": 0.3333333333333333, "F1-Score": 0.4}}, "Confusion Matrix": {"predicted_down_AND_was_down": 2, "predicted_up_AND_was_up": 3, "predicted_no_change_AND_was_no_change": 0, "predicted_down_BUT_was_up": 1, "predicted_down_BUT_was_no_change": 450, "predicted_no_change_BUT_was_up": 0, "predicted_no_change_BUT_was_down": 0, "predicted_up_BUT_was_down": 4, "predicted_up_BUT_was_no_change": 275}}, "Restricted to jumps to or from below B-": {"Metrics": {"Class: Upgrade": "No element of this class", "Class: Downgrade": "No element of this class"}, "Confusion Matrix": {"predicted_down_AND_was_down": 0, "predicted_up_AND_was_up": 0, "predicted_no_change_AND_was_no_change": 0, "predicted_down_BUT_was_up": 0, "predicted_down_BUT_was_no_change": 453, "predicted_no_change_BUT_was_up": 0, "predicted_no_change_BUT_was_down": 0, "predicted_up_BUT_was_down": 0, "predicted_up_BUT_was_no_change": 282}}}, "Share of total companies in each clusters": [0.029931972789115645, 0.9700680272108844, {"SUM": 1.0}], "Clusters with significant ranges (count)": 2, "Significant Clusters (count)": 1, "Cluster Credit Ratings Shares": [{"1.0": 0.045454545454545456, "2.0": 0.09090909090909091, "3.0": 0.045454545454545456, "4.0": 0.09090909090909091, "6.0": 0.09090909090909091, "7.0": 0.13636363636363635, "8.0": 0.13636363636363635, "9.0": 0.3181818181818182, "10.0": 0.045454545454545456}, {"1.0": 0.001402524544179523, "4.0": 0.009817671809256662, "5.0": 0.014025245441795231, "6.0": 0.023842917251051893, "7.0": 0.0729312762973352, "8.0": 0.11781206171107994, "9.0": 0.2370266479663394, "10.0": 0.14726507713884993, "11.0": 0.08415147265077139, "12.0": 0.08835904628330996, "13.0": 0.07012622720897616, "14.0": 0.07152875175315568, "15.0": 0.029453015427769985, "16.0": 0.019635343618513323, "17.0": 0.012622720897615708}], "Share of total companies with given credit rating in each cluter": [{"1.0": 0.5, "2.0": 1.0, "3.0": 1.0, "4.0": 0.2222222222222222, "6.0": 0.10526315789473684, "7.0": 0.05454545454545454, "8.0": 0.034482758620689655, "9.0": 0.03977272727272727, "10.0": 0.009433962264150943}, {"1.0": 0.5, "4.0": 0.7777777777777778, "5.0": 1.0, "6.0": 0.8947368421052632, "7.0": 0.9454545454545454, "8.0": 0.9655172413793104, "9.0": 0.9602272727272727, "10.0": 0.9905660377358491, "11.0": 1.0, "12.0": 1.0, "13.0": 1.0, "14.0": 1.0, "15.0": 1.0, "16.0": 1.0, "17.0": 1.0}], "Cluster ranges": [9.0, 16.0], "Cluster metrics of location and dispersion": [{"Mean": 6.636363636363637, "Median": 7.5, "1st Quartile": 4.5, "3rd Quartile": 9.0, "Standard Deviation": 2.6891271741361895, "Is Signficant": false}, {"Mean": 10.182328190743338, "Median": 10.0, "1st Quartile": 9.0, "3rd Quartile": 12.0, "Standard Deviation": 2.6087288299629026, "Is Signficant": true}], "Cluster entropies": [2.8611925523313806, 3.323453779355043], "Maximum entropy": 3.323453779355043, "Weighted average entropy": 3.3096173888863074, "Incoherencies explanations": {"CLUSTER 0": {}, "CLUSTER 1": {}}}}