{"Algorithm Parameters": {"Threshold Value": 9.85, "Braching Factor": 67, "K": 17}, "Algorithm Performance": {"Silhouette Score": 0.7823171731835235}, "Clusters Content Analysis": {"Predictive Power": {"Metrics": {"Class: Upgrade": {"Accuracy": 0.7142857142857143, "Precision": 0.8, "Recall": 1.0, "F1-Score": 0.888888888888889}, "Class: Downgrade": {"Accuracy": 1.0, "Precision": 0.8, "Recall": 0.6, "F1-Score": 0.6857142857142857}}, "Confusion Matrix": {"predicted_down_AND_was_down": 3, "predicted_up_AND_was_up": 5, "predicted_no_change_AND_was_no_change": 1, "predicted_down_BUT_was_up": 0, "predicted_down_BUT_was_no_change": 312, "predicted_no_change_BUT_was_up": 0, "predicted_no_change_BUT_was_down": 0, "predicted_up_BUT_was_down": 2, "predicted_up_BUT_was_no_change": 273}}, "Share of total companies in each clusters": [0.9983221476510067, 0.0016778523489932886, {"SUM": 1.0}], "Clusters with significant ranges (count)": 1, "Significant Clusters (count)": 1, "Cluster Credit Ratings Shares": [{"1.0": 0.0033613445378151263, "2.0": 0.0033613445378151263, "3.0": 0.008403361344537815, "4.0": 0.01680672268907563, "5.0": 0.018487394957983194, "6.0": 0.04873949579831933, "7.0": 0.09747899159663866, "8.0": 0.14789915966386555, "9.0": 0.18487394957983194, "10.0": 0.1092436974789916, "11.0": 0.08907563025210084, "12.0": 0.09915966386554621, "13.0": 0.07899159663865546, "14.0": 0.06386554621848739, "15.0": 0.01680672268907563, "16.0": 0.010084033613445379, "17.0": 0.0033613445378151263}, {"5.0": 1.0}], "Share of total companies with given credit rating in each cluter": [{"1.0": 1.0, "2.0": 1.0, "3.0": 1.0, "4.0": 1.0, "5.0": 0.9166666666666666, "6.0": 1.0, "7.0": 1.0, "8.0": 1.0, "9.0": 1.0, "10.0": 1.0, "11.0": 1.0, "12.0": 1.0, "13.0": 1.0, "14.0": 1.0, "15.0": 1.0, "16.0": 1.0, "17.0": 1.0}, {"5.0": 0.08333333333333333}], "Cluster ranges": [16.0, 0.0], "Cluster metrics of location and dispersion": [{"Mean": 9.670588235294117, "Median": 9.0, "1st Quartile": 8.0, "3rd Quartile": 12.0, "Standard Deviation": 2.730910918337543, "Is Signficant": true}, {"Mean": 5.0, "Median": 5.0, "1st Quartile": 5.0, "3rd Quartile": 5.0, "Standard Deviation": 0.0, "Is Signficant": false}], "Cluster entropies": [3.4432464026051086, 0], "Maximum entropy": 3.4432464026051086, "Weighted average entropy": 3.437469143540335, "Incoherencies explanations": {"CLUSTER 0": {"RATING 9.0": [{"0": {"Comparison": "Cluster elements in upper half", "Credit Rating Statistics": {"Mean": 0.028057010693611075, "Median": -0.21441924559791126, "1st Quartile": -1.494416128603472, "3rd Quartile": 1.0168894864963478, "Standard Deviation": 2.0532898935754695}, "Cluster Statistics": {"Mean": 0.028057010693611075, "Median": -0.21441924559791126, "1st Quartile": -1.494416128603472, "3rd Quartile": 1.0168894864963478, "Standard Deviation": 2.0532898935754695}}}, {"4": {"Comparison": "Cluster elements in upper half", "Credit Rating Statistics": {"Mean": 0.011734004542567168, "Median": -0.22309926097309773, "1st Quartile": -0.8084738804073774, "3rd Quartile": 0.6077534759563579, "Standard Deviation": 1.6796865284586469}, "Cluster Statistics": {"Mean": 0.011734004542567168, "Median": -0.22309926097309773, "1st Quartile": -0.8084738804073774, "3rd Quartile": 0.6077534759563579, "Standard Deviation": 1.6796865284586469}}}, {"5": {"Comparison": "Cluster elements in upper half", "Credit Rating Statistics": {"Mean": -0.0442119861049919, "Median": -0.31289261286045855, "1st Quartile": -0.8621668853560732, "3rd Quartile": 0.6358409857646194, "Standard Deviation": 1.4523169803221978}, "Cluster Statistics": {"Mean": -0.0442119861049919, "Median": -0.31289261286045855, "1st Quartile": -0.8621668853560732, "3rd Quartile": 0.6358409857646194, "Standard Deviation": 1.4523169803221978}}}, {"6": {"Comparison": "Cluster elements in upper half", "Credit Rating Statistics": {"Mean": -0.04351482524554771, "Median": -0.15642550029381833, "1st Quartile": -0.5074150921335462, "3rd Quartile": 0.562120184207777, "Standard Deviation": 1.1733960645162382}, "Cluster Statistics": {"Mean": -0.04351482524554771, "Median": -0.15642550029381833, "1st Quartile": -0.5074150921335462, "3rd Quartile": 0.562120184207777, "Standard Deviation": 1.1733960645162382}}}, {"19": {"Comparison": "Cluster elements in upper half", "Credit Rating Statistics": {"Mean": -0.025533559891984598, "Median": -0.04839822227528673, "1st Quartile": -0.4355435204540829, "3rd Quartile": 0.3642802660148837, "Standard Deviation": 0.8091105624251717}, "Cluster Statistics": {"Mean": -0.025533559891984598, "Median": -0.04839822227528673, "1st Quartile": -0.4355435204540829, "3rd Quartile": 0.3642802660148837, "Standard Deviation": 0.8091105624251717}}}]}}}}