{"Algorithm Parameters": {"Threshold Value": 0.35, "Braching Factor": 2, "K": 2}, "Algorithm Performance": {"Calinski Harabasz Index": 147.2194934847722}, "Clusters Content Analysis": {"Predictive Power": {"Global": {"Metrics": {"Class: Upgrade": "No element of this class", "Class: Downgrade": "No element of this class"}, "Confusion Matrix": {"predicted_down_AND_was_down": 0, "predicted_up_AND_was_up": 0, "predicted_no_change_AND_was_no_change": 0, "predicted_down_BUT_was_up": 0, "predicted_down_BUT_was_no_change": 125, "predicted_no_change_BUT_was_up": 0, "predicted_no_change_BUT_was_down": 0, "predicted_up_BUT_was_down": 0, "predicted_up_BUT_was_no_change": 73}}, "Restricted to jumps to or from below B-": {"Metrics": {"Class: Upgrade": "No element of this class", "Class: Downgrade": "No element of this class"}, "Confusion Matrix": {"predicted_down_AND_was_down": 0, "predicted_up_AND_was_up": 0, "predicted_no_change_AND_was_no_change": 0, "predicted_down_BUT_was_up": 0, "predicted_down_BUT_was_no_change": 125, "predicted_no_change_BUT_was_up": 0, "predicted_no_change_BUT_was_down": 0, "predicted_up_BUT_was_down": 0, "predicted_up_BUT_was_no_change": 73}}}, "Share of total companies in each clusters": [0.5505050505050505, 0.4494949494949495, {"SUM": 1.0}], "Clusters with significant ranges (count)": 2, "Significant Clusters (count)": 0, "Cluster Credit Ratings Shares": [{"AA": 0.027522935779816515, "AA-": 0.009174311926605505, "A": 0.03669724770642202, "A-": 0.22018348623853212, "BBB+": 0.29357798165137616, "BBB": 0.13761467889908258, "BBB-": 0.05504587155963303, "BB+": 0.03669724770642202, "BB": 0.10091743119266056, "BB-": 0.009174311926605505, "CCC+": 0.009174311926605505, "CCC": 0.009174311926605505, "A+": 0.009174311926605505, "B+": 0.01834862385321101, "B": 0.01834862385321101, "B-": 0.009174311926605505}, {"AA-": 0.02247191011235955, "A": 0.06741573033707865, "A-": 0.1348314606741573, "BBB+": 0.20224719101123595, "BBB": 0.21348314606741572, "BBB-": 0.10112359550561797, "BB-": 0.056179775280898875, "AA": 0.011235955056179775, "A+": 0.02247191011235955, "BB+": 0.033707865168539325, "BB": 0.056179775280898875, "B+": 0.02247191011235955, "B": 0.02247191011235955, "CCC": 0.02247191011235955, "CC": 0.011235955056179775}], "Share of total companies with given credit rating in each cluter": [{"AA": 0.75, "AA-": 0.3333333333333333, "A": 0.4, "A-": 0.6666666666666666, "BBB+": 0.64, "BBB": 0.4411764705882353, "BBB-": 0.4, "BB+": 0.5714285714285714, "BB": 0.6875, "BB-": 0.16666666666666666, "CCC+": 1.0, "CCC": 0.3333333333333333, "A+": 0.3333333333333333, "B+": 0.5, "B": 0.5, "B-": 1.0}, {"AA-": 0.6666666666666666, "A": 0.6, "A-": 0.3333333333333333, "BBB+": 0.36, "BBB": 0.5588235294117647, "BBB-": 0.6, "BB-": 0.8333333333333334, "AA": 0.25, "A+": 0.6666666666666666, "BB+": 0.42857142857142855, "BB": 0.3125, "B+": 0.5, "B": 0.5, "CCC": 0.6666666666666666, "CC": 1.0}], "Cluster ranges": [15.0, 17.0], "Cluster metrics of location and dispersion": [{"Mean": 8.79816513761468, "Median": 8.0, "1st Quartile": 7.0, "3rd Quartile": 10.0, "Standard Deviation": 2.643252849067927, "Is Signficant": false}, {"Mean": 9.191011235955056, "Median": 9.0, "1st Quartile": 7.0, "3rd Quartile": 10.0, "Standard Deviation": 2.971310022038219, "Is Signficant": false}], "Cluster entropies": [3.0345983682362268, 3.320653753905853], "Maximum entropy": 3.320653753905853, "Weighted average entropy": 3.163178819370554, "Incoherencies explanations": {"CLUSTER 0": {"RATING A-": [{"Profitability": {"Comparison": "Cluster elements in upper half", "Credit Rating Statistics": {"Mean": 0.367216992501289, "Median": 0.3618771866365048, "1st Quartile": 0.35488146290235567, "3rd Quartile": 0.3769799897727515, "Standard Deviation": 0.0387647292479555}, "Cluster Statistics": {"Mean": 0.3695598772023716, "Median": 0.3610575749356656, "1st Quartile": 0.35488146290235567, "3rd Quartile": 0.3800318993482304, "Standard Deviation": 0.04050557147420887}}}, {"Financial Statement Lines": {"Comparison": "Cluster elements in lower half", "Credit Rating Statistics": {"Mean": 0.0218259849580104, "Median": 0.011782809146981287, "1st Quartile": 0.005714652712259108, "3rd Quartile": 0.018014855226805494, "Standard Deviation": 0.04984081874025496}, "Cluster Statistics": {"Mean": 0.0089179000509354, "Median": 0.0069908018756581185, "1st Quartile": 0.004837418931350538, "3rd Quartile": 0.012935702292024401, "Standard Deviation": 0.005014546612081194}}}, {"Liquidity": {"Comparison": "Cluster elements in lowest 25%", "Credit Rating Statistics": {"Mean": 0.28992969631905224, "Median": 0.2884127346781199, "1st Quartile": 0.28393681378690133, "3rd Quartile": 0.2933062724009766, "Standard Deviation": 0.02966164830693238}, "Cluster Statistics": {"Mean": 0.2838025270669079, "Median": 0.28786971878793466, "1st Quartile": 0.28372525032061224, "3rd Quartile": 0.292598542844701, "Standard Deviation": 0.018993691120435124}}}, {"Efficiency": {"Comparison": "Cluster elements in upper half", "Credit Rating Statistics": {"Mean": 0.06484141835595157, "Median": 0.05486163370972205, "1st Quartile": 0.045311443104771656, "3rd Quartile": 0.07066182738309135, "Standard Deviation": 0.03223605696637182}, "Cluster Statistics": {"Mean": 0.060653944433248064, "Median": 0.05413912639341417, "1st Quartile": 0.044241619602952253, "3rd Quartile": 0.059380187460556774, "Standard Deviation": 0.032686556175025486}}}, {"Performance": {"Comparison": "Cluster elements in lower half", "Credit Rating Statistics": {"Mean": 0.0372231487658439, "Median": 0.034356237491661105, "1st Quartile": 0.033865910607071385, "3rd Quartile": 0.0352368245496998, "Standard Deviation": 0.011035047364005518}, "Cluster Statistics": {"Mean": 0.034258950411385374, "Median": 0.03411607738492328, "1st Quartile": 0.03358238825883923, "3rd Quartile": 0.034584723148765845, "Standard Deviation": 0.001657760569009303}}}], "RATING BBB+": [{"Leverage": {"Comparison": "Cluster elements in upper half", "Credit Rating Statistics": {"Mean": 0.21431359865694521, "Median": 0.212747597399362, "1st Quartile": 0.2013925644620718, "3rd Quartile": 0.23370929511778513, "Standard Deviation": 0.03044402529242873}, "Cluster Statistics": {"Mean": 0.21378054530960194, "Median": 0.212747597399362, "1st Quartile": 0.20188756051309922, "3rd Quartile": 0.22911006421727703, "Standard Deviation": 0.03162183016586848}}}, {"Profitability": {"Comparison": "Cluster elements in lower half", "Credit Rating Statistics": {"Mean": 0.3648017991575226, "Median": 0.3697201475368319, "1st Quartile": 0.34738254266606644, "3rd Quartile": 0.38298167957399715, "Standard Deviation": 0.035050613385868845}, "Cluster Statistics": {"Mean": 0.3607641860635119, "Median": 0.3707699073990791, "1st Quartile": 0.35183278307125504, "3rd Quartile": 0.38129140841381515, "Standard Deviation": 0.030065102015927617}}}, {"Financial Statement Lines": {"Comparison": "Cluster elements in upper half", "Credit Rating Statistics": {"Mean": 0.02431895658622301, "Median": 0.016737601520136963, "1st Quartile": 0.006933685346915611, "3rd Quartile": 0.03024865160767516, "Standard Deviation": 0.02297215273480213}, "Cluster Statistics": {"Mean": 0.017928372054383388, "Median": 0.012232385606497833, "1st Quartile": 0.006389088142453805, "3rd Quartile": 0.02351149153738357, "Standard Deviation": 0.016915757257090047}}}, {"Liquidity": {"Comparison": "Cluster elements in lower half", "Credit Rating Statistics": {"Mean": 0.2903239319726566, "Median": 0.28883848223846553, "1st Quartile": 0.28509090815081606, "3rd Quartile": 0.29333245957593307, "Standard Deviation": 0.0102094586653565}, "Cluster Statistics": {"Mean": 0.2880685338571708, "Median": 0.2876777013406543, "1st Quartile": 0.2848699335033766, "3rd Quartile": 0.2917791445552739, "Standard Deviation": 0.00646171360403745}}}, {"Efficiency": {"Comparison": "Cluster elements in upper half", "Credit Rating Statistics": {"Mean": 0.06605171178072694, "Median": 0.06049316615148294,