{"Algorithm Parameters": {"Eps": 0.1, "MinPts": 30, "K": 1}, "Algorithm Performance": {"Silhouette Score": 0.184}, "Clusters Content Analysis": {"Predictive Power": {"Global": {"Metrics": {"Class: Upgrade": "No element of this class", "Class: Downgrade": "No element of this class"}, "Confusion Matrix": {"predicted_down_AND_was_down": 0, "predicted_up_AND_was_up": 0, "predicted_no_change_AND_was_no_change": 0, "predicted_down_BUT_was_up": 0, "predicted_down_BUT_was_no_change": 134, "predicted_no_change_BUT_was_up": 0, "predicted_no_change_BUT_was_down": 0, "predicted_up_BUT_was_down": 0, "predicted_up_BUT_was_no_change": 64}}, "Restricted to jumps to or from below B-": {"Metrics": {"Class: Upgrade": "No element of this class", "Class: Downgrade": "No element of this class"}, "Confusion Matrix": {"predicted_down_AND_was_down": 0, "predicted_up_AND_was_up": 0, "predicted_no_change_AND_was_no_change": 0, "predicted_down_BUT_was_up": 0, "predicted_down_BUT_was_no_change": 134, "predicted_no_change_BUT_was_up": 0, "predicted_no_change_BUT_was_down": 0, "predicted_up_BUT_was_down": 0, "predicted_up_BUT_was_no_change": 64}}}, "Share of total companies in each clusters": [0.2222222222222222, 0.7777777777777778, {"SUM": 1.0}], "Clusters with significant ranges (count)": 2, "Significant Clusters (count)": 1, "Cluster Credit Ratings Shares": [{"AA": 0.045454545454545456, "A": 0.022727272727272728, "A-": 0.2727272727272727, "BBB+": 0.38636363636363635, "BBB": 0.13636363636363635, "BBB-": 0.045454545454545456, "BB+": 0.045454545454545456, "BB": 0.022727272727272728, "B+": 0.022727272727272728}, {"AA-": 0.01948051948051948, "A": 0.05844155844155844, "A-": 0.15584415584415584, "BBB+": 0.21428571428571427, "BBB": 0.18181818181818182, "BBB-": 0.08441558441558442, "BB": 0.09740259740259741, "BB-": 0.03896103896103896, "CCC+": 0.006493506493506494, "CCC": 0.01948051948051948, "AA": 0.012987012987012988, "A+": 0.01948051948051948, "BB+": 0.032467532467532464, "B+": 0.01948051948051948, "B": 0.025974025974025976, "B-": 0.006493506493506494, "CC": 0.006493506493506494}], "Share of total companies with given credit rating in each cluter": [{"AA": 0.5, "A": 0.1, "A-": 0.3333333333333333, "BBB+": 0.34, "BBB": 0.17647058823529413, "BBB-": 0.13333333333333333, "BB+": 0.2857142857142857, "BB": 0.0625, "B+": 0.25}, {"AA-": 1.0, "A": 0.9, "A-": 0.6666666666666666, "BBB+": 0.66, "BBB": 0.8235294117647058, "BBB-": 0.8666666666666667, "BB": 0.9375, "BB-": 1.0, "CCC+": 1.0, "CCC": 1.0, "AA": 0.5, "A+": 1.0, "BB+": 0.7142857142857143, "B+": 0.75, "B": 1.0, "B-": 1.0, "CC": 1.0}], "Cluster ranges": [11.0, 17.0], "Cluster metrics of location and dispersion": [{"Mean": 8.045454545454545, "Median": 8.0, "1st Quartile": 7.0, "3rd Quartile": 9.0, "Standard Deviation": 1.8458127731133593, "Is Signficant": false}, {"Mean": 9.24025974025974, "Median": 9.0, "1st Quartile": 7.0, "3rd Quartile": 10.75, "Standard Deviation": 2.967475631045129, "Is Signficant": true}], "Cluster entropies": [2.413609043313739, 3.3545306345643167], "Maximum entropy": 3.3545306345643167, "Weighted average entropy": 3.1454369476197437, "Incoherencies explanations": {"CLUSTER 0": {"RATING A-": [{"Profitability": {"Comparison": "Cluster elements in highest 75%", "Credit Rating Statistics": {"Mean": 0.367216992501289, "Median": 0.3618771866365048, "1st Quartile": 0.35488146290235567, "3rd Quartile": 0.3769799897727515, "Standard Deviation": 0.0387647292479555}, "Cluster Statistics": {"Mean": 0.37884691906865725, "Median": 0.371738176527876, "1st Quartile": 0.3557363049954259, "3rd Quartile": 0.38771063560085756, "Standard Deviation": 0.04151077193837485}}}, {"Financial Statement Lines": {"Comparison": "Cluster elements in lower half", "Credit Rating Statistics": {"Mean": 0.0218259849580104, "Median": 0.011782809146981287, "1st Quartile": 0.005714652712259108, "3rd Quartile": 0.018014855226805494, "Standard Deviation": 0.04984081874025496}, "Cluster Statistics": {"Mean": 0.008297181992888798, "Median": 0.005967794639186931, "1st Quartile": 0.004837418931350538, "3rd Quartile": 0.00905131990034187, "Standard Deviation": 0.005516331225302378}}}, {"Liquidity": {"Comparison": "Cluster elements in upper half", "Credit Rating Statistics": {"Mean": 0.28992969631905224, "Median": 0.2884127346781199, "1st Quartile": 0.28393681378690133, "3rd Quartile": 0.2933062724009766, "Standard Deviation": 0.02966164830693238}, "Cluster Statistics": {"Mean": 0.2885271985832955, "Median": 0.2901964835726425, "1st Quartile": 0.28740352837860095, "3rd Quartile": 0.2926341443307937, "Standard Deviation": 0.006558402899306144}}}, {"Efficiency": {"Comparison": "Cluster elements in lower half", "Credit Rating Statistics": {"Mean": 0.06484141835595157, "Median": 0.05486163370972205, "1st Quartile": 0.045311443104771656, "3rd Quartile": 0.07066182738309135, "Standard Deviation": 0.03223605696637182}, "Cluster Statistics": {"Mean": 0.048125340100808434, "Median": 0.044954838325625454, "1st Quartile": 0.04128713130689571, "3rd Quartile": 0.055291131286156175, "Standard Deviation": 0.013386629242787244}}}, {"Performance": {"Comparison": "Cluster elements in upper half", "Credit Rating Statistics": {"Mean": 0.0372231487658439, "Median": 0.034356237491661105, "1st Quartile": 0.033865910607071385, "3rd Quartile": 0.0352368245496998, "Standard Deviation": 0.011035047364005518}, "Cluster Statistics": {"Mean": 0.03467923059817656, "Median": 0.03427284856571047, "1st Quartile": 0.03403769179452969, "3rd Quartile": 0.03461641094062709, "Standard Deviation": 0.0015680369515383126}}}], "RATING BBB+": [{"Leverage": {"Comparison": "Cluster elements in upper half", "Credit Rating Statistics": {"Mean": 0.21431359865694521, "Median": 0.212747597399362, "1st Quartile": 0.2013925644620718, "3rd Quartile": 0.23370929511778513, "Standard Deviation": 0.03044402529242873}, "Cluster Statistics": {"Mean": 0.21599489610641212, "Median": 0.2104566520525765, "1st Quartile": 0.20226837926955743, "3rd Quartile": 0.2166504406572276, "Standard Deviation": 0.029851760388761688}}}, {"Profitability": {"Comparison": "Cluster elements in lower half", "Credit Rating Statistics": {"Mean": 0.3648017991575226, "Median": 0.3697201475368319, "1st Quartile": 0.34738254266606644, "3rd Quartile": 0.38298167957399715, "Standard Deviation": 0.035050613385868845}, "Cluster Statistics": {"Mean": 0.367100486450693, "Median": 0.3759908924948989, "1st Quartile": 0.3633375665126951, "3rd Quartile": 0.3823184090027019, "Standard Deviation": 0.025705335474455977}}}, {"Financial Statement Lines": {"Comparison": "Cluster elements in lower half", "Credit Rating Statistics": {"Mean": 0.02431895658622301, "Median": 0.016737601520136963, "1st Quartile": 0.006933685346915611, "3rd Quartile": 0.03024865160767516, "Standard Deviation": 0.02297215273480213}, "Cluster Statistics": {"Mean": 0.012140209701397302, "Median": 0.009506992362485426, "1st Quartile": 0.006274816388451376, "3rd Quartile": 0.013503473113403218, "Standard Deviation": 0.008316178329750793}}}, {"Liquidity": {"Comparison": "Cluster elements in upper half", "Credit Rating Statistics": {"Mean": 0.2903239319726566, "Median": 0.28883848223846553, "1st Quartile": 0.28509090815081606, "3rd Quartile": 0.29333245957593307, "Standard Deviation": 0.0102094586653565}, "Cluster Statistics": {"Mean": 0.2896543176695308, "Median": 0.29064306015825775, "1st Quartile": 0.2850287208368109, "3rd Quartile": 0.29426486853070954, "Standard Deviation": 0.007673929652890059}}}, {"Efficiency": {"Comparison": "Cluster elements in upper half", "Credit Rating Statistics": {"Mean": 0.06605171178072694, "Median": 0.06049316615148294, "1st Quartile": 0.041705823203617765, "3rd Quartile": 0.07425097254436533, "Standard Deviation": 0.03233800473375753}, "Cluster Statistics": {"Mean": 0.06665604540552449, "Median": 0.059760919044982895, "1st Quartile": 0.047723570780523326, "3rd Quartile": 0.07313362275445283, "Standard Deviation": 0.033937889446136446}}}]},