{"Algorithm Parameters": {"Threshold Value": 7.1, "Braching Factor": 17, "K": 17}, "Algorithm Performance": {"Calinski Harabasz Index": 17673.389169849514}, "Clusters Content Analysis": {"Predictive Power": {"Global": {"Metrics": {"Class: Upgrade": {"Accuracy": 0.4444444444444444, "Precision": 0.45454545454545453, "Recall": 0.8, "F1-Score": 0.5797101449275363}, "Class: Downgrade": {"Accuracy": 0.5, "Precision": 0.45454545454545453, "Recall": 0.16666666666666666, "F1-Score": 0.2439024390243902}}, "Confusion Matrix": {"predicted_down_AND_was_down": 1, "predicted_up_AND_was_up": 4, "predicted_no_change_AND_was_no_change": 3, "predicted_down_BUT_was_up": 1, "predicted_down_BUT_was_no_change": 468, "predicted_no_change_BUT_was_up": 0, "predicted_no_change_BUT_was_down": 0, "predicted_up_BUT_was_down": 5, "predicted_up_BUT_was_no_change": 374}}, "Restricted to jumps to or from below B-": {"Metrics": {"Class: Upgrade": "No element of this class", "Class: Downgrade": "No element of this class"}, "Confusion Matrix": {"predicted_down_AND_was_down": 0, "predicted_up_AND_was_up": 0, "predicted_no_change_AND_was_no_change": 3, "predicted_down_BUT_was_up": 0, "predicted_down_BUT_was_no_change": 470, "predicted_no_change_BUT_was_up": 0, "predicted_no_change_BUT_was_down": 0, "predicted_up_BUT_was_down": 0, "predicted_up_BUT_was_no_change": 383}}}, "Share of total companies in each clusters": [0.0035046728971962616, 0.015186915887850467, 0.27102803738317754, 0.0794392523364486, 0.0011682242990654205, 0.037383177570093455, 0.0011682242990654205, 0.009345794392523364, 0.028037383177570093, 0.04906542056074766, 0.009345794392523364, 0.007009345794392523, 0.053738317757009345, 0.12967289719626168, 0.0011682242990654205, 0.29789719626168226, 0.005841121495327103, {"SUM": 1.0}], "Clusters with significant ranges (count)": 13, "Significant Clusters (count)": 2, "Cluster Credit Ratings Shares": [{"1.0": 0.3333333333333333, "2.0": 0.3333333333333333, "9.0": 0.3333333333333333}, {"1.0": 0.07692307692307693, "3.0": 0.15384615384615385, "4.0": 0.15384615384615385, "6.0": 0.07692307692307693, "7.0": 0.15384615384615385, "8.0": 0.23076923076923078, "9.0": 0.15384615384615385}, {"2.0": 0.004310344827586207, "4.0": 0.008620689655172414, "5.0": 0.01293103448275862, "6.0": 0.021551724137931036, "7.0": 0.0603448275862069, "8.0": 0.1206896551724138, "9.0": 0.16379310344827586, "10.0": 0.28448275862068967, "11.0": 0.09913793103448276, "12.0": 0.07327586206896551, "13.0": 0.07758620689655173, "14.0": 0.04741379310344827, "15.0": 0.004310344827586207, "16.0": 0.004310344827586207, "17.0": 0.017241379310344827}, {"2.0": 0.014705882352941176, "3.0": 0.014705882352941176, "4.0": 0.014705882352941176, "5.0": 0.08823529411764706, "6.0": 0.07352941176470588, "7.0": 0.14705882352941177, "8.0": 0.20588235294117646, "9.0": 0.22058823529411764, "10.0": 0.14705882352941177, "11.0": 0.04411764705882353, "13.0": 0.029411764705882353}, {"3.0": 1.0}, {"3.0": 0.03125, "5.0": 0.0625, "6.0": 0.1875, "7.0": 0.15625, "8.0": 0.25, "9.0": 0.1875, "10.0": 0.09375, "12.0": 0.03125}, {"4.0": 1.0}, {"4.0": 0.125, "6.0": 0.125, "7.0": 0.125, "8.0": 0.375, "9.0": 0.125, "12.0": 0.125}, {"4.0": 0.08333333333333333, "5.0": 0.125, "6.0": 0.125, "7.0": 0.16666666666666666, "8.0": 0.125, "9.0": 0.125, "10.0": 0.125, "11.0": 0.125}, {"4.0": 0.023809523809523808, "5.0": 0.047619047619047616, "6.0": 0.11904761904761904, "7.0": 0.21428571428571427, "8.0": 0.21428571428571427, "9.0": 0.14285714285714285, "10.0": 0.07142857142857142, "11.0": 0.14285714285714285, "12.0": 0.023809523809523808}, {"4.0": 0.125, "6.0": 0.125, "7.0": 0.375, "8.0": 0.125, "9.0": 0.25}, {"4.0": 0.16666666666666666, "6.0": 0.16666666666666666, "8.0": 0.16666666666666666, "9.0": 0.3333333333333333, "10.0": 0.16666666666666666}, {"5.0": 0.043478260869565216, "6.0": 0.06521739130434782, "7.0": 0.06521739130434782, "8.0": 0.08695652173913043, "9.0": 0.6956521739130435, "10.0": 0.021739130434782608, "11.0": 0.021739130434782608}, {"5.0": 0.018018018018018018, "6.0": 0.04504504504504504, "7.0": 0.14414414414414414, "8.0": 0.24324324324324326, "9.0": 0.24324324324324326, "10.0": 0.11711711711711711, "11.0": 0.08108108108108109, "12.0": 0.06306306306306306, "13.0": 0.018018018018018018, "14.0": 0.018018018018018018, "15.0": 0.009009009009009009}, {"6.0": 1.0}, {"6.0": 0.00392156862745098, "7.0": 0.0196078431372549, "8.0": 0.00392156862745098, "9.0": 0.20784313725490197, "10.0": 0.07058823529411765, "11.0": 0.07058823529411765, "12.0": 0.1803921568627451, "13.0": 0.12549019607843137, "14.0": 0.16862745098039217, "15.0": 0.0784313725490196, "16.0": 0.054901960784313725, "17.0": 0.01568627450980392}, {"7.0": 0.4, "8.0": 0.4, "9.0": 0.2}], "Share of total companies with given credit rating in each cluter": [{"1.0": 0.5, "2.0": 0.3333333333333333, "9.0": 0.005291005291005291}, {"1.0": 0.5, "3.0": 0.4, "4.0": 0.16666666666666666, "6.0": 0.02631578947368421, "7.0": 0.02702702702702703, "8.0": 0.028846153846153848, "9.0": 0.010582010582010581}, {"2.0": 0.3333333333333333, "4.0": 0.16666666666666666, "5.0": 0.15, "6.0": 0.13157894736842105, "7.0": 0.1891891891891892, "8.0": 0.2692307692307692, "9.0": 0.20105820105820105, "10.0": 0.559322033898305, "11.0": 0.36507936507936506, "12.0": 0.2328767123287671, "13.0": 0.3333333333333333, "14.0": 0.19642857142857142, "15.0": 0.045454545454545456, "16.0": 0.06666666666666667, "17.0": 0.5}, {"2.0": 0.3333333333333333, "3.0": 0.2, "4.0": 0.08333333333333333, "5.0": 0.3, "6.0": 0.13157894736842105, "7.0": 0.13513513513513514, "8.0": 0.1346153846153846, "9.0": 0.07936507936507936, "10.0": 0.0847457627118644, "11.0": 0.047619047619047616, "13.0": 0.037037037037037035}, {"3.0": 0.2}, {"3.0": 0.2, "5.0": 0.1, "6.0": 0.15789473684210525, "7.0": 0.06756756756756757, "8.0": 0.07692307692307693, "9.0": 0.031746031746031744, "10.0": 0.025423728813559324, "12.0": 0.0136986301369863}, {"4.0": 0.08333333333333333}, {"4.0": 0.08333333333333333, "6.0": 0.02631578947368421, "7.0": 0.013513513513513514, "8.0": 0.028846153846153848, "9.0": 0.005291005291005291, "12.0": 0.0136986301369863}, {"4.0": 0.16666666666666666, "5.0": 0.15, "6.0": 0.07894736842105263, "7.0": 0.05405405405405406, "8.0": 0.028846153846153848, "9.0": 0.015873015873015872, "10.0": 0.025423728813559324, "11.0": 0.047619047619047616}, {"4.0": 0.08333333333333333, "5.0": 0.1, "6.0": 0.13157894736842105, "7.0": 0.12162162162162163, "8.0": 0.08653846153846154, "9.0": 0.031746031746031744, "10.0": 0.025423728813559324, "11.0": 0.09523809523809523, "12.0": 0.0136986301369863}, {"4.0": 0.08333333333333333, "6.0": 0.02631578947368421, "7.0": 0.04054054054054054, "8.0": 0.009615384615384616, "9.0": 0.010582010582010581}, {"4.0": 0.08333333333333333, "6.0": 0.02631578947368421, "8.0": 0.009615384615384616, "9.0": 0.010582010582010581, "10.0": 0.00847457627118644}, {"5.0": 0.1, "6.0": 0.07894736842105263, "7.0": 0.04054054054054054, "8.0": 0.038461538461538464, "9.0": 0.1693121693121693, "10.0": 0.00847457627118644, "11.0": 0.015873015873015872}, {"5.0": 0.1, "6.0": 0.13157894736842105, "7.0": 0.21621621621621623, "8.0": 0.25961538461538464, "9.0": 0.14285714285714285, "10.0": 0.11016949152542373, "11.0": 0.14285714285714285, "12.0": 0.0958904109589041, "13.0": 0.037037037037037035, "14.0": 0.03571428571428571, "15.0": 0.045454545454545456}, {"6.0": 0.02631578947368421}, {"6.0": 0.02631578947368421, "7.0": 0.06756756756756757, "8.0": 0.009615384615384616, "9.0": 0.2804232804232804, "10.0": 0.15254237288135594, "11.0": 0.2857142857142857, "12.0": 0.6301369863013698, "13.0": 0.5925925925925926, "14.0": 0.7678571428571429, "15.0": 0.9090909090909091, "16.0": 0.9333333333333333, "17.0": 0.5}, {"7.0": 0.02702702702702703, "8.0": 0.019230769230769232, "9.0": 0.005291005291005291}], "Cluster ranges": [8.0, 8.0, 15.0, 11.0, 0.0, 9.0, 0.0, 8.0, 7.0, 8.0, 5.0, 6.0, 6.0, 10.0, 0.0, 11.0, 2.0], "Cluster metrics of location and dispersion": [{"Mean": 4.0, "Median": 2.0, "1st Quartile": 1.5,