{"Algorithm Parameters": {"Threshold Value": 10.1, "Braching Factor": 67, "K": 17}, "Algorithm Performance": {"Silhouette Score": 0.5918336479887732}, "Clusters Content Analysis": {"Predictive Power": {"Global": {"Metrics": {"Class: Upgrade": {"Accuracy": 0.4444444444444444, "Precision": 0.45454545454545453, "Recall": 0.8, "F1-Score": 0.5797101449275363}, "Class: Downgrade": {"Accuracy": 0.5, "Precision": 0.45454545454545453, "Recall": 0.16666666666666666, "F1-Score": 0.2439024390243902}}, "Confusion Matrix": {"predicted_down_AND_was_down": 1, "predicted_up_AND_was_up": 4, "predicted_no_change_AND_was_no_change": 3, "predicted_down_BUT_was_up": 1, "predicted_down_BUT_was_no_change": 425, "predicted_no_change_BUT_was_up": 0, "predicted_no_change_BUT_was_down": 0, "predicted_up_BUT_was_down": 5, "predicted_up_BUT_was_no_change": 417}}, "Restricted to jumps to or from below B-": {"Metrics": {"Class: Upgrade": "No element of this class", "Class: Downgrade": "No element of this class"}, "Confusion Matrix": {"predicted_down_AND_was_down": 0, "predicted_up_AND_was_up": 0, "predicted_no_change_AND_was_no_change": 3, "predicted_down_BUT_was_up": 0, "predicted_down_BUT_was_no_change": 427, "predicted_no_change_BUT_was_up": 0, "predicted_no_change_BUT_was_down": 0, "predicted_up_BUT_was_down": 0, "predicted_up_BUT_was_no_change": 426}}}, "Share of total companies in each clusters": [0.0035046728971962616, 0.015186915887850467, 0.4871495327102804, 0.06658878504672897, 0.0011682242990654205, 0.037383177570093455, 0.0011682242990654205, 0.009345794392523364, 0.028037383177570093, 0.1413551401869159, 0.04906542056074766, 0.009345794392523364, 0.007009345794392523, 0.053738317757009345, 0.08294392523364486, 0.0011682242990654205, 0.005841121495327103, {"SUM": 0.9999999999999998}], "Clusters with significant ranges (count)": 13, "Significant Clusters (count)": 1, "Cluster Credit Ratings Shares": [{"1.0": 0.3333333333333333, "2.0": 0.3333333333333333, "9.0": 0.3333333333333333}, {"1.0": 0.07692307692307693, "3.0": 0.15384615384615385, "4.0": 0.15384615384615385, "6.0": 0.07692307692307693, "7.0": 0.15384615384615385, "8.0": 0.23076923076923078, "9.0": 0.15384615384615385}, {"2.0": 0.002398081534772182, "6.0": 0.011990407673860911, "7.0": 0.03117505995203837, "8.0": 0.0407673860911271, "9.0": 0.18225419664268586, "10.0": 0.16546762589928057, "11.0": 0.08633093525179857, "12.0": 0.13908872901678657, "13.0": 0.11510791366906475, "14.0": 0.12709832134292565, "15.0": 0.050359712230215826, "16.0": 0.03357314148681055, "17.0": 0.014388489208633094}, {"2.0": 0.017543859649122806, "3.0": 0.017543859649122806, "4.0": 0.017543859649122806, "5.0": 0.08771929824561403, "6.0": 0.08771929824561403, "7.0": 0.12280701754385964, "8.0": 0.22807017543859648, "9.0": 0.24561403508771928, "10.0": 0.12280701754385964, "11.0": 0.03508771929824561, "13.0": 0.017543859649122806}, {"3.0": 1.0}, {"3.0": 0.03125, "5.0": 0.0625, "6.0": 0.1875, "7.0": 0.15625, "8.0": 0.25, "9.0": 0.1875, "10.0": 0.09375, "12.0": 0.03125}, {"4.0": 1.0}, {"4.0": 0.125, "6.0": 0.125, "7.0": 0.125, "8.0": 0.375, "9.0": 0.125, "12.0": 0.125}, {"4.0": 0.08333333333333333, "5.0": 0.125, "6.0": 0.125, "7.0": 0.16666666666666666, "8.0": 0.125, "9.0": 0.125, "10.0": 0.125, "11.0": 0.125}, {"4.0": 0.01652892561983471, "5.0": 0.03305785123966942, "6.0": 0.01652892561983471, "7.0": 0.12396694214876033, "8.0": 0.19008264462809918, "9.0": 0.23140495867768596, "10.0": 0.17355371900826447, "11.0": 0.05785123966942149, "12.0": 0.0743801652892562, "13.0": 0.024793388429752067, "14.0": 0.024793388429752067, "15.0": 0.008264462809917356, "16.0": 0.008264462809917356, "17.0": 0.01652892561983471}, {"4.0": 0.023809523809523808, "5.0": 0.047619047619047616, "6.0": 0.11904761904761904, "7.0": 0.21428571428571427, "8.0": 0.21428571428571427, "9.0": 0.14285714285714285, "10.0": 0.07142857142857142, "11.0": 0.14285714285714285, "12.0": 0.023809523809523808}, {"4.0": 0.125, "6.0": 0.125, "7.0": 0.375, "8.0": 0.125, "9.0": 0.25}, {"4.0": 0.16666666666666666, "6.0": 0.16666666666666666, "8.0": 0.16666666666666666, "9.0": 0.3333333333333333, "10.0": 0.16666666666666666}, {"5.0": 0.043478260869565216, "6.0": 0.06521739130434782, "7.0": 0.06521739130434782, "8.0": 0.08695652173913043, "9.0": 0.6956521739130435, "10.0": 0.021739130434782608, "11.0": 0.021739130434782608}, {"5.0": 0.028169014084507043, "6.0": 0.056338028169014086, "7.0": 0.14084507042253522, "8.0": 0.23943661971830985, "9.0": 0.2112676056338028, "10.0": 0.14084507042253522, "11.0": 0.11267605633802817, "12.0": 0.04225352112676056, "13.0": 0.028169014084507043}, {"6.0": 1.0}, {"7.0": 0.4, "8.0": 0.4, "9.0": 0.2}], "Share of total companies with given credit rating in each cluter": [{"1.0": 0.5, "2.0": 0.3333333333333333, "9.0": 0.005291005291005291}, {"1.0": 0.5, "3.0": 0.4, "4.0": 0.16666666666666666, "6.0": 0.02631578947368421, "7.0": 0.02702702702702703, "8.0": 0.028846153846153848, "9.0": 0.010582010582010581}, {"2.0": 0.3333333333333333, "6.0": 0.13157894736842105, "7.0": 0.17567567567567569, "8.0": 0.16346153846153846, "9.0": 0.4021164021164021, "10.0": 0.5847457627118644, "11.0": 0.5714285714285714, "12.0": 0.7945205479452054, "13.0": 0.8888888888888888, "14.0": 0.9464285714285714, "15.0": 0.9545454545454546, "16.0": 0.9333333333333333, "17.0": 0.75}, {"2.0": 0.3333333333333333, "3.0": 0.2, "4.0": 0.08333333333333333, "5.0": 0.25, "6.0": 0.13157894736842105, "7.0": 0.0945945945945946, "8.0": 0.125, "9.0": 0.07407407407407407, "10.0": 0.059322033898305086, "11.0": 0.031746031746031744, "13.0": 0.018518518518518517}, {"3.0": 0.2}, {"3.0": 0.2, "5.0": 0.1, "6.0": 0.15789473684210525, "7.0": 0.06756756756756757, "8.0": 0.07692307692307693, "9.0": 0.031746031746031744, "10.0": 0.025423728813559324, "12.0": 0.0136986301369863}, {"4.0": 0.08333333333333333}, {"4.0": 0.08333333333333333, "6.0": 0.02631578947368421, "7.0": 0.013513513513513514, "8.0": 0.028846153846153848, "9.0": 0.005291005291005291, "12.0": 0.0136986301369863}, {"4.0": 0.16666666666666666, "5.0": 0.15, "6.0": 0.07894736842105263, "7.0": 0.05405405405405406, "8.0": 0.028846153846153848, "9.0": 0.015873015873015872, "10.0": 0.025423728813559324, "11.0": 0.047619047619047616}, {"4.0": 0.16666666666666666, "5.0": 0.2, "6.0": 0.05263157894736842, "7.0": 0.20270270270270271, "8.0": 0.22115384615384615, "9.0": 0.14814814814814814, "10.0": 0.17796610169491525, "11.0": 0.1111111111111111, "12.0": 0.1232876712328767, "13.0": 0.05555555555555555, "14.0": 0.05357142857142857, "15.0": 0.045454545454545456, "16.0": 0.06666666666666667, "17.0": 0.25}, {"4.0": 0.08333333333333333, "5.0": 0.1, "6.0": 0.13157894736842105, "7.0": 0.12162162162162163, "8.0": 0.08653846153846154, "9.0": 0.031746031746031744, "10.0": 0.025423728813559324, "11.0": 0.09523809523809523, "12.0": 0.0136986301369863}, {"4.0": 0.08333333333333333, "6.0": 0.02631578947368421, "7.0": 0.04054054054054054, "8.0": 0.009615384615384616, "9.0": 0.010582010582010581}, {"4.0": 0.08333333333333333, "6.0": 0.02631578947368421, "8.0": 0.009615384615384616, "9.0": 0.010582010582010581, "10.0": 0.00847457627118644}, {"5.0": 0.1, "6.0": 0.07894736842105263, "7.0": 0.04054054054054054, "8.0": 0.038461538461538464, "9.0": 0.1693121693121693, "10.0": 0.00847457627118644, "11.0": 0.015873015873015872}, {"5.0": 0.1, "6.0": 0.10526315789473684, "7.0": 0.13513513513513514, "8.0": 0.16346153846153846, "9.0": 0.07936507936507936, "10.0": 0.0847457627118644, "11.0": 0.12698412698412698, "12.0": 0.0410958904109589, "13.0": 0.037037037037037035}, {"6.0": 0.02631578947368421}, {"7.0": 0.02702702702702703, "8.0": 0.019230769230769232, "9.0": 0.005291005291005291}], "Cluster ranges": [8.0, 8.0, 15.0, 11.0, 0.0, 9.0, 0.0, 8.0, 7.0, 13.0, 8.0, 5.0, 6.0, 6.0, 8.0, 0.0, 2.0], "Cluster metrics of location and dispersion": [{"Mean": 4.0, "Median": 2.0, "1st Quartile": 1.5, "3rd Quartile": 5.5, "Standard Deviation": 3.559026084010437, "Is Signficant": false}, {"Mean": 5.923076923076923,