{"Algorithm Parameters": {"K": 17}, "Algorithm Performance": {"WCSS": 1893035352.9782631, "Silhouette Score": 0.5756937355413686, "Calinski Harabasz Index": 15835.38035859219}, "Clusters Content Analysis": {"Predictive Power": {"Global": {"Metrics": {"Class: Upgrade": {"Accuracy": 0.5, "Precision": 0.5454545454545454, "Recall": 1.0, "F1-Score": 0.7058823529411764}, "Class: Downgrade": {"Accuracy": 1.0, "Precision": 0.5454545454545454, "Recall": 0.16666666666666666, "F1-Score": 0.2553191489361702}}, "Confusion Matrix": {"predicted_down_AND_was_down": 1, "predicted_up_AND_was_up": 5, "predicted_no_change_AND_was_no_change": 17, "predicted_down_BUT_was_up": 0, "predicted_down_BUT_was_no_change": 438, "predicted_no_change_BUT_was_up": 0, "predicted_no_change_BUT_was_down": 0, "predicted_up_BUT_was_down": 5, "predicted_up_BUT_was_no_change": 390}}, "Restricted to jumps to or from below B-": {"Metrics": {"Class: Upgrade": "No element of this class", "Class: Downgrade": "No element of this class"}, "Confusion Matrix": {"predicted_down_AND_was_down": 0, "predicted_up_AND_was_up": 0, "predicted_no_change_AND_was_no_change": 17, "predicted_down_BUT_was_up": 0, "predicted_down_BUT_was_no_change": 439, "predicted_no_change_BUT_was_up": 0, "predicted_no_change_BUT_was_down": 0, "predicted_up_BUT_was_down": 0, "predicted_up_BUT_was_no_change": 400}}}, "Share of total companies in each clusters": [0.0035046728971962616, 0.014018691588785047, 0.19509345794392524, 0.07126168224299065, 0.0011682242990654205, 0.037383177570093455, 0.06074766355140187, 0.0011682242990654205, 0.030373831775700934, 0.11682242990654206, 0.053738317757009345, 0.010514018691588784, 0.005841121495327103, 0.1191588785046729, 0.007009345794392523, 0.0011682242990654205, 0.27102803738317754, {"SUM": 0.9999999999999998}], "Clusters with significant ranges (count)": 13, "Significant Clusters (count)": 2, "Cluster Credit Ratings Shares": [{"1.0": 0.3333333333333333, "2.0": 0.3333333333333333, "9.0": 0.3333333333333333}, {"1.0": 0.08333333333333333, "3.0": 0.16666666666666666, "4.0": 0.08333333333333333, "6.0": 0.08333333333333333, "7.0": 0.08333333333333333, "8.0": 0.25, "9.0": 0.16666666666666666, "12.0": 0.08333333333333333}, {"2.0": 0.005988023952095809, "6.0": 0.017964071856287425, "7.0": 0.05389221556886228, "8.0": 0.08383233532934131, "9.0": 0.16167664670658682, "10.0": 0.31137724550898205, "11.0": 0.11976047904191617, "12.0": 0.07784431137724551, "13.0": 0.08982035928143713, "14.0": 0.059880239520958084, "15.0": 0.005988023952095809, "17.0": 0.011976047904191617}, {"2.0": 0.01639344262295082, "3.0": 0.01639344262295082, "4.0": 0.01639344262295082, "5.0": 0.09836065573770492, "6.0": 0.08196721311475409, "7.0": 0.09836065573770492, "8.0": 0.21311475409836064, "9.0": 0.2459016393442623, "10.0": 0.14754098360655737, "11.0": 0.03278688524590164, "13.0": 0.03278688524590164}, {"3.0": 1.0}, {"3.0": 0.03125, "5.0": 0.0625, "6.0": 0.1875, "7.0": 0.15625, "8.0": 0.25, "9.0": 0.1875, "10.0": 0.09375, "12.0": 0.03125}, {"4.0": 0.038461538461538464, "5.0": 0.038461538461538464, "6.0": 0.057692307692307696, "7.0": 0.057692307692307696, "8.0": 0.1346153846153846, "9.0": 0.6346153846153846, "10.0": 0.019230769230769232, "11.0": 0.019230769230769232}, {"4.0": 1.0}, {"4.0": 0.07692307692307693, "5.0": 0.11538461538461539, "6.0": 0.15384615384615385, "7.0": 0.19230769230769232, "8.0": 0.11538461538461539, "9.0": 0.11538461538461539, "10.0": 0.11538461538461539, "11.0": 0.11538461538461539}, {"4.0": 0.02, "5.0": 0.03, "6.0": 0.02, "7.0": 0.09, "8.0": 0.2, "9.0": 0.21, "10.0": 0.18, "11.0": 0.07, "12.0": 0.08, "13.0": 0.04, "14.0": 0.02, "15.0": 0.01, "16.0": 0.01, "17.0": 0.02}, {"4.0": 0.021739130434782608, "5.0": 0.043478260869565216, "6.0": 0.10869565217391304, "7.0": 0.2608695652173913, "8.0": 0.21739130434782608, "9.0": 0.13043478260869565, "10.0": 0.06521739130434782, "11.0": 0.13043478260869565, "12.0": 0.021739130434782608}, {"4.0": 0.1111111111111111, "6.0": 0.1111111111111111, "7.0": 0.4444444444444444, "8.0": 0.1111111111111111, "9.0": 0.2222222222222222}, {"4.0": 0.2, "8.0": 0.2, "9.0": 0.4, "10.0": 0.2}, {"5.0": 0.0196078431372549, "6.0": 0.049019607843137254, "7.0": 0.13725490196078433, "8.0": 0.21568627450980393, "9.0": 0.24509803921568626, "10.0": 0.13725490196078433, "11.0": 0.09803921568627451, "12.0": 0.058823529411764705, "13.0": 0.0196078431372549, "14.0": 0.0196078431372549}, {"6.0": 0.16666666666666666, "7.0": 0.3333333333333333, "8.0": 0.3333333333333333, "9.0": 0.16666666666666666}, {"6.0": 1.0}, {"6.0": 0.004310344827586207, "7.0": 0.017241379310344827, "9.0": 0.1939655172413793, "10.0": 0.0603448275862069, "11.0": 0.0603448275862069, "12.0": 0.1853448275862069, "13.0": 0.1336206896551724, "14.0": 0.1810344827586207, "15.0": 0.08620689655172414, "16.0": 0.0603448275862069, "17.0": 0.017241379310344827}], "Share of total companies with given credit rating in each cluter": [{"1.0": 0.5, "2.0": 0.3333333333333333, "9.0": 0.005291005291005291}, {"1.0": 0.5, "3.0": 0.4, "4.0": 0.08333333333333333, "6.0": 0.02631578947368421, "7.0": 0.013513513513513514, "8.0": 0.028846153846153848, "9.0": 0.010582010582010581, "12.0": 0.0136986301369863}, {"2.0": 0.3333333333333333, "6.0": 0.07894736842105263, "7.0": 0.12162162162162163, "8.0": 0.1346153846153846, "9.0": 0.14285714285714285, "10.0": 0.4406779661016949, "11.0": 0.31746031746031744, "12.0": 0.1780821917808219, "13.0": 0.2777777777777778, "14.0": 0.17857142857142858, "15.0": 0.045454545454545456, "17.0": 0.25}, {"2.0": 0.3333333333333333, "3.0": 0.2, "4.0": 0.08333333333333333, "5.0": 0.3, "6.0": 0.13157894736842105, "7.0": 0.08108108108108109, "8.0": 0.125, "9.0": 0.07936507936507936, "10.0": 0.07627118644067797, "11.0": 0.031746031746031744, "13.0": 0.037037037037037035}, {"3.0": 0.2}, {"3.0": 0.2, "5.0": 0.1, "6.0": 0.15789473684210525, "7.0": 0.06756756756756757, "8.0": 0.07692307692307693, "9.0": 0.031746031746031744, "10.0": 0.025423728813559324, "12.0": 0.0136986301369863}, {"4.0": 0.16666666666666666, "5.0": 0.1, "6.0": 0.07894736842105263, "7.0": 0.04054054054054054, "8.0": 0.0673076923076923, "9.0": 0.1746031746031746, "10.0": 0.00847457627118644, "11.0": 0.015873015873015872}, {"4.0": 0.08333333333333333}, {"4.0": 0.16666666666666666, "5.0": 0.15, "6.0": 0.10526315789473684, "7.0": 0.06756756756756757, "8.0": 0.028846153846153848, "9.0": 0.015873015873015872, "10.0": 0.025423728813559324, "11.0": 0.047619047619047616}, {"4.0": 0.16666666666666666, "5.0": 0.15, "6.0": 0.05263157894736842, "7.0": 0.12162162162162163, "8.0": 0.19230769230769232, "9.0": 0.1111111111111111, "10.0": 0.15254237288135594, "11.0": 0.1111111111111111, "12.0": 0.1095890410958904, "13.0": 0.07407407407407407, "14.0": 0.03571428571428571, "15.0": 0.045454545454545456, "16.0": 0.06666666666666667, "17.0": 0.25}, {"4.0": 0.08333333333333333, "5.0": 0.1, "6.0": 0.13157894736842105, "7.0": 0.16216216216216217, "8.0": 0.09615384615384616, "9.0": 0.031746031746031744, "10.0": 0.025423728813559324, "11.0": 0.09523809523809523, "12.0": 0.0136986301369863}, {"4.0": 0.08333333333333333, "6.0": 0.02631578947368421, "7.0": 0.05405405405405406, "8.0": 0.009615384615384616, "9.0": 0.010582010582010581}, {"4.0": 0.08333333333333333, "8.0": 0.009615384615384616, "9.0": 0.010582010582010581, "10.0": 0.00847457627118644}, {"5.0": 0.1, "6.0": 0.13157894736842105, "7.0": 0.1891891891891892, "8.0": 0.21153846153846154, "9.0": 0.13227513227513227, "10.0": 0.11864406779661017, "11.0": 0.15873015873015872, "12.0": 0.0821917808219178, "13.0": 0.037037037037037035, "14.0": 0.03571428571428571}, {"6.0": 0.02631578947368421, "7.0": 0.02702702702702703, "8.0": 0.019230769230769232, "9.0": 0.005291005291005291}, {"6.0": 0.02631578947368421}, {"6.0": 0.02631578947368421, "7.0": 0.05405405405405406, "9.0": 0.23809523809523808, "10.0": 0.11864406779661017, "11.0": 0.2222222222222222, "12.0": 0.589041095890411, "13.0": 0.5740740740740741, "14.0": 0.75, "15.0": 0.9090909090909091,