{"Algorithm Parameters": {"K": 17}, "Algorithm Performance": {"WCSS": 1893035352.9782631, "Silhouette Score": 0.5756937355413686, "Calinski Harabasz Index": 15835.38035859219}, "Clusters Content Analysis": {"Predictive Power": {"Global": {"Metrics": {"Class: Upgrade": {"Accuracy": 0.5555555555555556, "Precision": 0.6363636363636364, "Recall": 1.0, "F1-Score": 0.7777777777777778}, "Class: Downgrade": {"Accuracy": 1.0, "Precision": 0.6363636363636364, "Recall": 0.3333333333333333, "F1-Score": 0.43749999999999994}}, "Confusion Matrix": {"predicted_down_AND_was_down": 2, "predicted_up_AND_was_up": 5, "predicted_no_change_AND_was_no_change": 4, "predicted_down_BUT_was_up": 0, "predicted_down_BUT_was_no_change": 358, "predicted_no_change_BUT_was_up": 0, "predicted_no_change_BUT_was_down": 0, "predicted_up_BUT_was_down": 4, "predicted_up_BUT_was_no_change": 483}}, "Restricted to jumps to or from below B-": {"Metrics": {"Class: Upgrade": "No element of this class", "Class: Downgrade": "No element of this class"}, "Confusion Matrix": {"predicted_down_AND_was_down": 0, "predicted_up_AND_was_up": 0, "predicted_no_change_AND_was_no_change": 4, "predicted_down_BUT_was_up": 0, "predicted_down_BUT_was_no_change": 360, "predicted_no_change_BUT_was_up": 0, "predicted_no_change_BUT_was_down": 0, "predicted_up_BUT_was_down": 0, "predicted_up_BUT_was_no_change": 492}}}, "Share of total companies in each clusters": [0.0035046728971962616, 0.014018691588785047, 0.34579439252336447, 0.0794392523364486, 0.0011682242990654205, 0.05023364485981308, 0.0011682242990654205, 0.008177570093457943, 0.21962616822429906, 0.005841121495327103, 0.005841121495327103, 0.054906542056074766, 0.06191588785046729, 0.13551401869158877, 0.005841121495327103, 0.005841121495327103, 0.0011682242990654205, {"SUM": 1.0}], "Clusters with significant ranges (count)": 12, "Significant Clusters (count)": 2, "Cluster Credit Ratings Shares": [{"1.0": 0.3333333333333333, "2.0": 0.3333333333333333, "9.0": 0.3333333333333333}, {"1.0": 0.08333333333333333, "3.0": 0.16666666666666666, "4.0": 0.16666666666666666, "6.0": 0.08333333333333333, "7.0": 0.16666666666666666, "8.0": 0.16666666666666666, "9.0": 0.16666666666666666}, {"2.0": 0.0033783783783783786, "6.0": 0.0033783783783783786, "7.0": 0.02702702702702703, "8.0": 0.013513513513513514, "9.0": 0.20945945945945946, "10.0": 0.0777027027027027, "11.0": 0.08445945945945946, "12.0": 0.16554054054054054, "13.0": 0.12162162162162163, "14.0": 0.16216216216216217, "15.0": 0.07094594594594594, "16.0": 0.0472972972972973, "17.0": 0.013513513513513514}, {"2.0": 0.014705882352941176, "3.0": 0.014705882352941176, "4.0": 0.029411764705882353, "5.0": 0.08823529411764706, "6.0": 0.07352941176470588, "7.0": 0.1323529411764706, "8.0": 0.20588235294117646, "9.0": 0.23529411764705882, "10.0": 0.1323529411764706, "11.0": 0.04411764705882353, "13.0": 0.029411764705882353}, {"3.0": 1.0}, {"3.0": 0.023255813953488372, "4.0": 0.046511627906976744, "5.0": 0.11627906976744186, "6.0": 0.13953488372093023, "7.0": 0.13953488372093023, "8.0": 0.18604651162790697, "9.0": 0.16279069767441862, "10.0": 0.09302325581395349, "11.0": 0.06976744186046512, "12.0": 0.023255813953488372}, {"4.0": 1.0}, {"4.0": 0.14285714285714285, "6.0": 0.14285714285714285, "8.0": 0.42857142857142855, "9.0": 0.14285714285714285, "12.0": 0.14285714285714285}, {"4.0": 0.010638297872340425, "5.0": 0.010638297872340425, "6.0": 0.026595744680851064, "7.0": 0.05851063829787234, "8.0": 0.1276595744680851, "9.0": 0.15425531914893617, "10.0": 0.324468085106383, "11.0": 0.0851063829787234, "12.0": 0.07446808510638298, "13.0": 0.07446808510638298, "14.0": 0.026595744680851064, "16.0": 0.005319148936170213, "17.0": 0.02127659574468085}, {"4.0": 0.2, "7.0": 0.2, "8.0": 0.2, "9.0": 0.4}, {"4.0": 0.2, "8.0": 0.2, "9.0": 0.4, "10.0": 0.2}, {"5.0": 0.0425531914893617, "6.0": 0.06382978723404255, "7.0": 0.06382978723404255, "8.0": 0.10638297872340426, "9.0": 0.6808510638297872, "10.0": 0.02127659574468085, "11.0": 0.02127659574468085}, {"5.0": 0.03773584905660377, "6.0": 0.1509433962264151, "7.0": 0.22641509433962265, "8.0": 0.22641509433962265, "9.0": 0.1320754716981132, "10.0": 0.09433962264150944, "11.0": 0.11320754716981132, "12.0": 0.018867924528301886}, {"5.0": 0.02586206896551724, "6.0": 0.04310344827586207, "7.0": 0.14655172413793102, "8.0": 0.2413793103448276, "9.0": 0.23275862068965517, "10.0": 0.1206896551724138, "11.0": 0.07758620689655173, "12.0": 0.0603448275862069, "13.0": 0.017241379310344827, "14.0": 0.02586206896551724, "15.0": 0.008620689655172414}, {"6.0": 0.2, "7.0": 0.4, "8.0": 0.4}, {"6.0": 0.2, "7.0": 0.6, "9.0": 0.2}, {"6.0": 1.0}], "Share of total companies with given credit rating in each cluter": [{"1.0": 0.5, "2.0": 0.3333333333333333, "9.0": 0.005291005291005291}, {"1.0": 0.5, "3.0": 0.4, "4.0": 0.16666666666666666, "6.0": 0.02631578947368421, "7.0": 0.02702702702702703, "8.0": 0.019230769230769232, "9.0": 0.010582010582010581}, {"2.0": 0.3333333333333333, "6.0": 0.02631578947368421, "7.0": 0.10810810810810811, "8.0": 0.038461538461538464, "9.0": 0.328042328042328, "10.0": 0.19491525423728814, "11.0": 0.3968253968253968, "12.0": 0.6712328767123288, "13.0": 0.6666666666666666, "14.0": 0.8571428571428571, "15.0": 0.9545454545454546, "16.0": 0.9333333333333333, "17.0": 0.5}, {"2.0": 0.3333333333333333, "3.0": 0.2, "4.0": 0.16666666666666666, "5.0": 0.3, "6.0": 0.13157894736842105, "7.0": 0.12162162162162163, "8.0": 0.1346153846153846, "9.0": 0.08465608465608465, "10.0": 0.07627118644067797, "11.0": 0.047619047619047616, "13.0": 0.037037037037037035}, {"3.0": 0.2}, {"3.0": 0.2, "4.0": 0.16666666666666666, "5.0": 0.25, "6.0": 0.15789473684210525, "7.0": 0.08108108108108109, "8.0": 0.07692307692307693, "9.0": 0.037037037037037035, "10.0": 0.03389830508474576, "11.0": 0.047619047619047616, "12.0": 0.0136986301369863}, {"4.0": 0.08333333333333333}, {"4.0": 0.08333333333333333, "6.0": 0.02631578947368421, "8.0": 0.028846153846153848, "9.0": 0.005291005291005291, "12.0": 0.0136986301369863}, {"4.0": 0.16666666666666666, "5.0": 0.1, "6.0": 0.13157894736842105, "7.0": 0.14864864864864866, "8.0": 0.23076923076923078, "9.0": 0.15343915343915343, "10.0": 0.5169491525423728, "11.0": 0.25396825396825395, "12.0": 0.1917808219178082, "13.0": 0.25925925925925924, "14.0": 0.08928571428571429, "16.0": 0.06666666666666667, "17.0": 0.5}, {"4.0": 0.08333333333333333, "7.0": 0.013513513513513514, "8.0": 0.009615384615384616, "9.0": 0.010582010582010581}, {"4.0": 0.08333333333333333, "8.0": 0.009615384615384616, "9.0": 0.010582010582010581, "10.0": 0.00847457627118644}, {"5.0": 0.1, "6.0": 0.07894736842105263, "7.0": 0.04054054054054054, "8.0": 0.04807692307692308, "9.0": 0.1693121693121693, "10.0": 0.00847457627118644, "11.0": 0.015873015873015872}, {"5.0": 0.1, "6.0": 0.21052631578947367, "7.0": 0.16216216216216217, "8.0": 0.11538461538461539, "9.0": 0.037037037037037035, "10.0": 0.0423728813559322, "11.0": 0.09523809523809523, "12.0": 0.0136986301369863}, {"5.0": 0.15, "6.0": 0.13157894736842105, "7.0": 0.22972972972972974, "8.0": 0.2692307692307692, "9.0": 0.14285714285714285, "10.0": 0.11864406779661017, "11.0": 0.14285714285714285, "12.0": 0.0958904109589041, "13.0": 0.037037037037037035, "14.0": 0.05357142857142857, "15.0": 0.045454545454545456}, {"6.0": 0.02631578947368421, "7.0": 0.02702702702702703, "8.0": 0.019230769230769232}, {"6.0": 0.02631578947368421, "7.0": 0.04054054054054054, "9.0": 0.005291005291005291}, {"6.0": 0.02631578947368421}], "Cluster ranges": [8.0, 8.0, 15.0, 11.0, 0.0, 9.0, 0.0, 8.0, 13.0, 5.0, 6.0, 6.0, 7.0, 10.0, 2.0, 3.0, 0.0], "Cluster metrics of location and dispersion": [{"Mean": 4.0, "Median": 2.0, "1st Quartile": 1.5, "3rd Quartile": 5.5, "Standard Deviation": 3.559026084010437, "Is Signficant": false}, {"Mean": 5.75, "Median": 6.5, "1st Quartile": 3.75, "3rd Quartile": 8.0, "Standard Deviation": 2.553592241007427, "Is Signficant": false}, {"Mean": 11.804054054054054, "Median": 12.0,