{"Algorithm Parameters": {"C": 17}, "Algorithm Performance": {"WCSS": 32225359614.486786, "Silhouette Score": 0.5467829418042448, "Calinski Harabasz Index": 1018.2661860167151}, "Clusters Content Analysis": {"Predictive Power": {"Global": {"Metrics": {"Class: Upgrade": {"Accuracy": 0.5555555555555556, "Precision": 0.6363636363636364, "Recall": 1.0, "F1-Score": 0.7777777777777778}, "Class: Downgrade": {"Accuracy": 1.0, "Precision": 0.6363636363636364, "Recall": 0.3333333333333333, "F1-Score": 0.43749999999999994}}, "Confusion Matrix": {"predicted_down_AND_was_down": 2, "predicted_up_AND_was_up": 5, "predicted_no_change_AND_was_no_change": 1, "predicted_down_BUT_was_up": 0, "predicted_down_BUT_was_no_change": 455, "predicted_no_change_BUT_was_up": 0, "predicted_no_change_BUT_was_down": 0, "predicted_up_BUT_was_down": 4, "predicted_up_BUT_was_no_change": 389}}, "Restricted to jumps to or from below B-": {"Metrics": {"Class: Upgrade": "No element of this class", "Class: Downgrade": "No element of this class"}, "Confusion Matrix": {"predicted_down_AND_was_down": 0, "predicted_up_AND_was_up": 0, "predicted_no_change_AND_was_no_change": 1, "predicted_down_BUT_was_up": 0, "predicted_down_BUT_was_no_change": 457, "predicted_no_change_BUT_was_up": 0, "predicted_no_change_BUT_was_down": 0, "predicted_up_BUT_was_down": 0, "predicted_up_BUT_was_no_change": 398}}}, "Share of total companies in each clusters": [0.005841121495327103, 0.014018691588785047, 0.19042056074766356, 0.05841121495327103, 0.02453271028037383, 0.10630841121495327, 0.0514018691588785, 0.011682242990654205, 0.009345794392523364, 0.005841121495327103, 0.03271028037383177, 0.053738317757009345, 0.08060747663551401, 0.06658878504672897, 0.007009345794392523, 0.008177570093457943, 0.2733644859813084, {"SUM": 1.0}], "Clusters with significant ranges (count)": 16, "Significant Clusters (count)": 2, "Cluster Credit Ratings Shares": [{"1.0": 0.2, "2.0": 0.2, "3.0": 0.2, "4.0": 0.2, "9.0": 0.2}, {"1.0": 0.08333333333333333, "3.0": 0.16666666666666666, "4.0": 0.25, "6.0": 0.08333333333333333, "7.0": 0.16666666666666666, "8.0": 0.08333333333333333, "9.0": 0.16666666666666666}, {"2.0": 0.006134969325153374, "6.0": 0.018404907975460124, "7.0": 0.05521472392638037, "8.0": 0.07975460122699386, "9.0": 0.1656441717791411, "10.0": 0.3067484662576687, "11.0": 0.12269938650306748, "12.0": 0.0736196319018405, "13.0": 0.09202453987730061, "14.0": 0.06134969325153374, "15.0": 0.006134969325153374, "17.0": 0.012269938650306749}, {"2.0": 0.02, "3.0": 0.02, "4.0": 0.02, "5.0": 0.1, "6.0": 0.1, "7.0": 0.1, "8.0": 0.22, "9.0": 0.22, "10.0": 0.14, "11.0": 0.04, "13.0": 0.02}, {"3.0": 0.047619047619047616, "4.0": 0.047619047619047616, "5.0": 0.14285714285714285, "6.0": 0.09523809523809523, "7.0": 0.09523809523809523, "8.0": 0.09523809523809523, "9.0": 0.19047619047619047, "10.0": 0.19047619047619047, "11.0": 0.09523809523809523}, {"4.0": 0.02197802197802198, "5.0": 0.03296703296703297, "6.0": 0.03296703296703297, "7.0": 0.06593406593406594, "8.0": 0.17582417582417584, "9.0": 0.2087912087912088, "10.0": 0.2087912087912088, "11.0": 0.07692307692307693, "12.0": 0.07692307692307693, "13.0": 0.04395604395604396, "14.0": 0.02197802197802198, "16.0": 0.01098901098901099, "17.0": 0.02197802197802198}, {"4.0": 0.022727272727272728, "5.0": 0.045454545454545456, "6.0": 0.11363636363636363, "7.0": 0.25, "8.0": 0.22727272727272727, "9.0": 0.11363636363636363, "10.0": 0.06818181818181818, "11.0": 0.13636363636363635, "12.0": 0.022727272727272728}, {"4.0": 0.1, "5.0": 0.1, "6.0": 0.3, "7.0": 0.3, "8.0": 0.1, "11.0": 0.1}, {"4.0": 0.125, "6.0": 0.125, "7.0": 0.375, "8.0": 0.125, "9.0": 0.25}, {"4.0": 0.2, "8.0": 0.2, "9.0": 0.4, "10.0": 0.2}, {"5.0": 0.03571428571428571, "6.0": 0.17857142857142858, "7.0": 0.17857142857142858, "8.0": 0.2857142857142857, "9.0": 0.21428571428571427, "10.0": 0.07142857142857142, "12.0": 0.03571428571428571}, {"5.0": 0.043478260869565216, "6.0": 0.043478260869565216, "7.0": 0.043478260869565216, "8.0": 0.13043478260869565, "9.0": 0.6956521739130435, "10.0": 0.021739130434782608, "11.0": 0.021739130434782608}, {"5.0": 0.014492753623188406, "6.0": 0.014492753623188406, "7.0": 0.15942028985507245, "8.0": 0.21739130434782608, "9.0": 0.2753623188405797, "10.0": 0.13043478260869565, "11.0": 0.057971014492753624, "12.0": 0.07246376811594203, "13.0": 0.014492753623188406, "14.0": 0.028985507246376812, "15.0": 0.014492753623188406}, {"5.0": 0.03508771929824561, "6.0": 0.07017543859649122, "7.0": 0.14035087719298245, "8.0": 0.24561403508771928, "9.0": 0.21052631578947367, "10.0": 0.12280701754385964, "11.0": 0.10526315789473684, "12.0": 0.03508771929824561, "13.0": 0.03508771929824561}, {"6.0": 0.16666666666666666, "7.0": 0.3333333333333333, "8.0": 0.3333333333333333, "9.0": 0.16666666666666666}, {"6.0": 0.14285714285714285, "7.0": 0.14285714285714285, "8.0": 0.42857142857142855, "9.0": 0.14285714285714285, "12.0": 0.14285714285714285}, {"6.0": 0.004273504273504274, "7.0": 0.017094017094017096, "9.0": 0.19230769230769232, "10.0": 0.0641025641025641, "11.0": 0.05982905982905983, "12.0": 0.18803418803418803, "13.0": 0.13247863247863248, "14.0": 0.1794871794871795, "15.0": 0.08547008547008547, "16.0": 0.05982905982905983, "17.0": 0.017094017094017096}], "Share of total companies with given credit rating in each cluter": [{"1.0": 0.5, "2.0": 0.3333333333333333, "3.0": 0.2, "4.0": 0.08333333333333333, "9.0": 0.005291005291005291}, {"1.0": 0.5, "3.0": 0.4, "4.0": 0.25, "6.0": 0.02631578947368421, "7.0": 0.02702702702702703, "8.0": 0.009615384615384616, "9.0": 0.010582010582010581}, {"2.0": 0.3333333333333333, "6.0": 0.07894736842105263, "7.0": 0.12162162162162163, "8.0": 0.125, "9.0": 0.14285714285714285, "10.0": 0.423728813559322, "11.0": 0.31746031746031744, "12.0": 0.1643835616438356, "13.0": 0.2777777777777778, "14.0": 0.17857142857142858, "15.0": 0.045454545454545456, "17.0": 0.25}, {"2.0": 0.3333333333333333, "3.0": 0.2, "4.0": 0.08333333333333333, "5.0": 0.25, "6.0": 0.13157894736842105, "7.0": 0.06756756756756757, "8.0": 0.10576923076923077, "9.0": 0.0582010582010582, "10.0": 0.059322033898305086, "11.0": 0.031746031746031744, "13.0": 0.018518518518518517}, {"3.0": 0.2, "4.0": 0.08333333333333333, "5.0": 0.15, "6.0": 0.05263157894736842, "7.0": 0.02702702702702703, "8.0": 0.019230769230769232, "9.0": 0.021164021164021163, "10.0": 0.03389830508474576, "11.0": 0.031746031746031744}, {"4.0": 0.16666666666666666, "5.0": 0.15, "6.0": 0.07894736842105263, "7.0": 0.08108108108108109, "8.0": 0.15384615384615385, "9.0": 0.10052910052910052, "10.0": 0.16101694915254236, "11.0": 0.1111111111111111, "12.0": 0.0958904109589041, "13.0": 0.07407407407407407, "14.0": 0.03571428571428571, "16.0": 0.06666666666666667, "17.0": 0.25}, {"4.0": 0.08333333333333333, "5.0": 0.1, "6.0": 0.13157894736842105, "7.0": 0.14864864864864866, "8.0": 0.09615384615384616, "9.0": 0.026455026455026454, "10.0": 0.025423728813559324, "11.0": 0.09523809523809523, "12.0": 0.0136986301369863}, {"4.0": 0.08333333333333333, "5.0": 0.05, "6.0": 0.07894736842105263, "7.0": 0.04054054054054054, "8.0": 0.009615384615384616, "11.0": 0.015873015873015872}, {"4.0": 0.08333333333333333, "6.0": 0.02631578947368421, "7.0": 0.04054054054054054, "8.0": 0.009615384615384616, "9.0": 0.010582010582010581}, {"4.0": 0.08333333333333333, "8.0": 0.009615384615384616, "9.0": 0.010582010582010581, "10.0": 0.00847457627118644}, {"5.0": 0.05, "6.0": 0.13157894736842105, "7.0": 0.06756756756756757, "8.0": 0.07692307692307693, "9.0": 0.031746031746031744, "10.0": 0.01694915254237288, "12.0": 0.0136986301369863}, {"5.0": 0.1, "6.0": 0.05263157894736842, "7.0": 0.02702702702702703, "8.0": 0.057692307692307696, "9.0": 0.1693121693121693, "10.0": 0.00847457627118644, "11.0": 0.015873015873015872}, {"5.0": 0.05, "6.0": 0.02631578947368421, "7.0": 0.14864864864864866, "8.0": 0.14423076923076922, "9.0": 0.10052910052910052, "10.0": 0.07627118644067797, "11.0": 0.06349206349206349,