{"Algorithm Parameters": {"C": 17}, "Algorithm Performance": {"WCSS": 32225359614.486786, "Silhouette Score": 0.5467829418042448, "Calinski Harabasz Index": 1018.2661860167151}, "Clusters Content Analysis": {"Predictive Power": {"Global": {"Metrics": {"Class: Upgrade": {"Accuracy": 0.375, "Precision": 0.36363636363636365, "Recall": 0.6, "F1-Score": 0.4528301886792453}, "Class: Downgrade": {"Accuracy": 0.3333333333333333, "Precision": 0.36363636363636365, "Recall": 0.16666666666666666, "F1-Score": 0.2285714285714286}}, "Confusion Matrix": {"predicted_down_AND_was_down": 1, "predicted_up_AND_was_up": 3, "predicted_no_change_AND_was_no_change": 1, "predicted_down_BUT_was_up": 2, "predicted_down_BUT_was_no_change": 460, "predicted_no_change_BUT_was_up": 0, "predicted_no_change_BUT_was_down": 0, "predicted_up_BUT_was_down": 5, "predicted_up_BUT_was_no_change": 384}}, "Restricted to jumps to or from below B-": {"Metrics": {"Class: Upgrade": "No element of this class", "Class: Downgrade": "No element of this class"}, "Confusion Matrix": {"predicted_down_AND_was_down": 0, "predicted_up_AND_was_up": 0, "predicted_no_change_AND_was_no_change": 1, "predicted_down_BUT_was_up": 0, "predicted_down_BUT_was_no_change": 463, "predicted_no_change_BUT_was_up": 0, "predicted_no_change_BUT_was_down": 0, "predicted_up_BUT_was_down": 0, "predicted_up_BUT_was_no_change": 392}}}, "Share of total companies in each clusters": [0.005841121495327103, 0.012850467289719626, 0.18691588785046728, 0.05724299065420561, 0.037383177570093455, 0.009345794392523364, 0.028037383177570093, 0.08761682242990654, 0.05023364485981308, 0.009345794392523364, 0.005841121495327103, 0.056074766355140186, 0.08761682242990654, 0.05841121495327103, 0.1483644859813084, 0.007009345794392523, 0.15186915887850466, {"SUM": 1.0}], "Clusters with significant ranges (count)": 16, "Significant Clusters (count)": 2, "Cluster Credit Ratings Shares": [{"1.0": 0.2, "2.0": 0.2, "3.0": 0.2, "4.0": 0.2, "9.0": 0.2}, {"1.0": 0.09090909090909091, "3.0": 0.18181818181818182, "4.0": 0.18181818181818182, "6.0": 0.09090909090909091, "7.0": 0.18181818181818182, "8.0": 0.09090909090909091, "9.0": 0.18181818181818182}, {"2.0": 0.00625, "6.0": 0.00625, "7.0": 0.0375, "8.0": 0.01875, "9.0": 0.35, "10.0": 0.10625, "11.0": 0.09375, "12.0": 0.15, "13.0": 0.075, "14.0": 0.1125, "15.0": 0.03125, "16.0": 0.0125}, {"2.0": 0.02040816326530612, "3.0": 0.02040816326530612, "4.0": 0.02040816326530612, "5.0": 0.10204081632653061, "6.0": 0.10204081632653061, "7.0": 0.10204081632653061, "8.0": 0.20408163265306123, "9.0": 0.22448979591836735, "10.0": 0.14285714285714285, "11.0": 0.04081632653061224, "13.0": 0.02040816326530612}, {"3.0": 0.03125, "5.0": 0.0625, "6.0": 0.1875, "7.0": 0.15625, "8.0": 0.25, "9.0": 0.1875, "10.0": 0.09375, "12.0": 0.03125}, {"4.0": 0.125, "6.0": 0.125, "7.0": 0.125, "8.0": 0.375, "9.0": 0.125, "12.0": 0.125}, {"4.0": 0.08333333333333333, "5.0": 0.125, "6.0": 0.125, "7.0": 0.16666666666666666, "8.0": 0.125, "9.0": 0.125, "10.0": 0.125, "11.0": 0.125}, {"4.0": 0.02666666666666667, "5.0": 0.04, "6.0": 0.02666666666666667, "7.0": 0.08, "8.0": 0.2, "9.0": 0.2, "10.0": 0.2, "11.0": 0.06666666666666667, "12.0": 0.06666666666666667, "13.0": 0.02666666666666667, "14.0": 0.013333333333333334, "15.0": 0.013333333333333334, "16.0": 0.013333333333333334, "17.0": 0.02666666666666667}, {"4.0": 0.023255813953488372, "5.0": 0.046511627906976744, "6.0": 0.11627906976744186, "7.0": 0.23255813953488372, "8.0": 0.20930232558139536, "9.0": 0.13953488372093023, "10.0": 0.06976744186046512, "11.0": 0.13953488372093023, "12.0": 0.023255813953488372}, {"4.0": 0.125, "6.0": 0.125, "7.0": 0.375, "8.0": 0.125, "9.0": 0.25}, {"4.0": 0.2, "8.0": 0.2, "9.0": 0.4, "10.0": 0.2}, {"5.0": 0.041666666666666664, "6.0": 0.0625, "7.0": 0.0625, "8.0": 0.125, "9.0": 0.6666666666666666, "10.0": 0.020833333333333332, "11.0": 0.020833333333333332}, {"5.0": 0.013333333333333334, "6.0": 0.02666666666666667, "7.0": 0.14666666666666667, "8.0": 0.21333333333333335, "9.0": 0.28, "10.0": 0.12, "11.0": 0.08, "12.0": 0.06666666666666667, "13.0": 0.02666666666666667, "14.0": 0.02666666666666667}, {"5.0": 0.04, "6.0": 0.06, "7.0": 0.18, "8.0": 0.24, "9.0": 0.2, "10.0": 0.14, "11.0": 0.08, "12.0": 0.04, "13.0": 0.02}, {"6.0": 0.031496062992125984, "7.0": 0.03937007874015748, "8.0": 0.11023622047244094, "9.0": 0.11811023622047244, "10.0": 0.36220472440944884, "11.0": 0.09448818897637795, "12.0": 0.07086614173228346, "13.0": 0.10236220472440945, "14.0": 0.05511811023622047, "17.0": 0.015748031496062992}, {"6.0": 0.16666666666666666, "7.0": 0.3333333333333333, "8.0": 0.3333333333333333, "9.0": 0.16666666666666666}, {"7.0": 0.015384615384615385, "9.0": 0.038461538461538464, "10.0": 0.046153846153846156, "11.0": 0.06923076923076923, "12.0": 0.19230769230769232, "13.0": 0.17692307692307693, "14.0": 0.2153846153846154, "15.0": 0.12307692307692308, "16.0": 0.09230769230769231, "17.0": 0.03076923076923077}], "Share of total companies with given credit rating in each cluter": [{"1.0": 0.5, "2.0": 0.3333333333333333, "3.0": 0.2, "4.0": 0.08333333333333333, "9.0": 0.005291005291005291}, {"1.0": 0.5, "3.0": 0.4, "4.0": 0.16666666666666666, "6.0": 0.02631578947368421, "7.0": 0.02702702702702703, "8.0": 0.009615384615384616, "9.0": 0.010582010582010581}, {"2.0": 0.3333333333333333, "6.0": 0.02631578947368421, "7.0": 0.08108108108108109, "8.0": 0.028846153846153848, "9.0": 0.2962962962962963, "10.0": 0.1440677966101695, "11.0": 0.23809523809523808, "12.0": 0.3287671232876712, "13.0": 0.2222222222222222, "14.0": 0.32142857142857145, "15.0": 0.22727272727272727, "16.0": 0.13333333333333333}, {"2.0": 0.3333333333333333, "3.0": 0.2, "4.0": 0.08333333333333333, "5.0": 0.25, "6.0": 0.13157894736842105, "7.0": 0.06756756756756757, "8.0": 0.09615384615384616, "9.0": 0.0582010582010582, "10.0": 0.059322033898305086, "11.0": 0.031746031746031744, "13.0": 0.018518518518518517}, {"3.0": 0.2, "5.0": 0.1, "6.0": 0.15789473684210525, "7.0": 0.06756756756756757, "8.0": 0.07692307692307693, "9.0": 0.031746031746031744, "10.0": 0.025423728813559324, "12.0": 0.0136986301369863}, {"4.0": 0.08333333333333333, "6.0": 0.02631578947368421, "7.0": 0.013513513513513514, "8.0": 0.028846153846153848, "9.0": 0.005291005291005291, "12.0": 0.0136986301369863}, {"4.0": 0.16666666666666666, "5.0": 0.15, "6.0": 0.07894736842105263, "7.0": 0.05405405405405406, "8.0": 0.028846153846153848, "9.0": 0.015873015873015872, "10.0": 0.025423728813559324, "11.0": 0.047619047619047616}, {"4.0": 0.16666666666666666, "5.0": 0.15, "6.0": 0.05263157894736842, "7.0": 0.08108108108108109, "8.0": 0.14423076923076922, "9.0": 0.07936507936507936, "10.0": 0.1271186440677966, "11.0": 0.07936507936507936, "12.0": 0.0684931506849315, "13.0": 0.037037037037037035, "14.0": 0.017857142857142856, "15.0": 0.045454545454545456, "16.0": 0.06666666666666667, "17.0": 0.25}, {"4.0": 0.08333333333333333, "5.0": 0.1, "6.0": 0.13157894736842105, "7.0": 0.13513513513513514, "8.0": 0.08653846153846154, "9.0": 0.031746031746031744, "10.0": 0.025423728813559324, "11.0": 0.09523809523809523, "12.0": 0.0136986301369863}, {"4.0": 0.08333333333333333, "6.0": 0.02631578947368421, "7.0": 0.04054054054054054, "8.0": 0.009615384615384616, "9.0": 0.010582010582010581}, {"4.0": 0.08333333333333333, "8.0": 0.009615384615384616, "9.0": 0.010582010582010581, "10.0": 0.00847457627118644}, {"5.0": 0.1, "6.0": 0.07894736842105263, "7.0": 0.04054054054054054, "8.0": 0.057692307692307696, "9.0": 0.1693121693121693, "10.0": 0.00847457627118644, "11.0": 0.015873015873015872}, {"5.0": 0.05, "6.0": 0.05263157894736842, "7.0": 0.14864864864864866, "8.0": 0.15384615384615385, "9.0": 0.1111111111111111, "10.0": 0.07627118644067797, "11.0": 0.09523809523809523, "12.0": 0.0684931506849315, "13.0": 0.037037037037037035, "14.0": 0.03571428571428571}, {"5.0": 0.1, "6.0": 0.07894736842105263, "7.0": 0.12162162162162163, "8.0": 0.11538461538461539, "9.0": 0.05291005291005291,