{"Algorithm Parameters": {"K": 17}, "Algorithm Performance": {"WCSS": 11258806067.739737, "Silhouette Score": 0.6403079516702886, "Calinski Harabasz Index": 2616.9493880073446}, "Clusters Content Analysis": {"Predictive Power": {"Global": {"Metrics": {"Class: Upgrade": {"Accuracy": 0.5, "Precision": 0.5454545454545454, "Recall": 0.8, "F1-Score": 0.6486486486486486}, "Class: Downgrade": {"Accuracy": 0.6666666666666666, "Precision": 0.5454545454545454, "Recall": 0.3333333333333333, "F1-Score": 0.41379310344827586}}, "Confusion Matrix": {"predicted_down_AND_was_down": 2, "predicted_up_AND_was_up": 4, "predicted_no_change_AND_was_no_change": 9, "predicted_down_BUT_was_up": 1, "predicted_down_BUT_was_no_change": 441, "predicted_no_change_BUT_was_up": 0, "predicted_no_change_BUT_was_down": 0, "predicted_up_BUT_was_down": 4, "predicted_up_BUT_was_no_change": 395}}, "Restricted to jumps to or from below B-": {"Metrics": {"Class: Upgrade": "No element of this class", "Class: Downgrade": "No element of this class"}, "Confusion Matrix": {"predicted_down_AND_was_down": 0, "predicted_up_AND_was_up": 0, "predicted_no_change_AND_was_no_change": 9, "predicted_down_BUT_was_up": 0, "predicted_down_BUT_was_no_change": 444, "predicted_no_change_BUT_was_up": 0, "predicted_no_change_BUT_was_down": 0, "predicted_up_BUT_was_down": 0, "predicted_up_BUT_was_no_change": 403}}}, "Share of total companies in each clusters": [0.0011682242990654205, 0.017523364485981307, 0.002336448598130841, 0.6612149532710281, 0.1939252336448598, 0.0011682242990654205, 0.08995327102803738, 0.0011682242990654205, 0.008177570093457943, 0.005841121495327103, 0.002336448598130841, 0.0011682242990654205, 0.004672897196261682, 0.0035046728971962616, 0.0011682242990654205, 0.002336448598130841, 0.002336448598130841, {"SUM": 1.0}], "Clusters with significant ranges (count)": 8, "Significant Clusters (count)": 1, "Cluster Credit Ratings Shares": [{"1.0": 1.0}, {"1.0": 0.06666666666666667, "3.0": 0.13333333333333333, "4.0": 0.13333333333333333, "6.0": 0.06666666666666667, "7.0": 0.2, "8.0": 0.2, "9.0": 0.13333333333333333, "10.0": 0.06666666666666667}, {"2.0": 0.5, "9.0": 0.5}, {"2.0": 0.0017667844522968198, "4.0": 0.0035335689045936395, "5.0": 0.007067137809187279, "6.0": 0.015901060070671377, "7.0": 0.053003533568904596, "8.0": 0.08480565371024736, "9.0": 0.196113074204947, "10.0": 0.16431095406360424, "11.0": 0.08303886925795052, "12.0": 0.12014134275618374, "13.0": 0.09187279151943463, "14.0": 0.0989399293286219, "15.0": 0.038869257950530034, "16.0": 0.026501766784452298, "17.0": 0.014134275618374558}, {"2.0": 0.006024096385542169, "3.0": 0.006024096385542169, "4.0": 0.012048192771084338, "5.0": 0.060240963855421686, "6.0": 0.0963855421686747, "7.0": 0.1746987951807229, "8.0": 0.2289156626506024, "9.0": 0.1927710843373494, "10.0": 0.1144578313253012, "11.0": 0.07228915662650602, "12.0": 0.024096385542168676, "13.0": 0.012048192771084338}, {"3.0": 1.0}, {"3.0": 0.012987012987012988, "4.0": 0.025974025974025976, "5.0": 0.07792207792207792, "6.0": 0.11688311688311688, "7.0": 0.07792207792207792, "8.0": 0.1038961038961039, "9.0": 0.4805194805194805, "10.0": 0.05194805194805195, "11.0": 0.05194805194805195}, {"4.0": 1.0}, {"4.0": 0.14285714285714285, "6.0": 0.14285714285714285, "8.0": 0.42857142857142855, "9.0": 0.14285714285714285, "12.0": 0.14285714285714285}, {"4.0": 0.2, "7.0": 0.4, "8.0": 0.2, "9.0": 0.2}, {"4.0": 0.5, "10.0": 0.5}, {"6.0": 1.0}, {"6.0": 0.25, "7.0": 0.5, "9.0": 0.25}, {"7.0": 0.6666666666666666, "8.0": 0.3333333333333333}, {"8.0": 1.0}, {"8.0": 0.5, "9.0": 0.5}, {"9.0": 1.0}], "Share of total companies with given credit rating in each cluter": [{"1.0": 0.5}, {"1.0": 0.5, "3.0": 0.4, "4.0": 0.16666666666666666, "6.0": 0.02631578947368421, "7.0": 0.04054054054054054, "8.0": 0.028846153846153848, "9.0": 0.010582010582010581, "10.0": 0.00847457627118644}, {"2.0": 0.3333333333333333, "9.0": 0.005291005291005291}, {"2.0": 0.3333333333333333, "4.0": 0.16666666666666666, "5.0": 0.2, "6.0": 0.23684210526315788, "7.0": 0.40540540540540543, "8.0": 0.46153846153846156, "9.0": 0.5873015873015873, "10.0": 0.788135593220339, "11.0": 0.746031746031746, "12.0": 0.9315068493150684, "13.0": 0.9629629629629629, "14.0": 1.0, "15.0": 1.0, "16.0": 1.0, "17.0": 1.0}, {"2.0": 0.3333333333333333, "3.0": 0.2, "4.0": 0.16666666666666666, "5.0": 0.5, "6.0": 0.42105263157894735, "7.0": 0.3918918918918919, "8.0": 0.36538461538461536, "9.0": 0.1693121693121693, "10.0": 0.16101694915254236, "11.0": 0.19047619047619047, "12.0": 0.0547945205479452, "13.0": 0.037037037037037035}, {"3.0": 0.2}, {"3.0": 0.2, "4.0": 0.16666666666666666, "5.0": 0.3, "6.0": 0.23684210526315788, "7.0": 0.08108108108108109, "8.0": 0.07692307692307693, "9.0": 0.19576719576719576, "10.0": 0.03389830508474576, "11.0": 0.06349206349206349}, {"4.0": 0.08333333333333333}, {"4.0": 0.08333333333333333, "6.0": 0.02631578947368421, "8.0": 0.028846153846153848, "9.0": 0.005291005291005291, "12.0": 0.0136986301369863}, {"4.0": 0.08333333333333333, "7.0": 0.02702702702702703, "8.0": 0.009615384615384616, "9.0": 0.005291005291005291}, {"4.0": 0.08333333333333333, "10.0": 0.00847457627118644}, {"6.0": 0.02631578947368421}, {"6.0": 0.02631578947368421, "7.0": 0.02702702702702703, "9.0": 0.005291005291005291}, {"7.0": 0.02702702702702703, "8.0": 0.009615384615384616}, {"8.0": 0.009615384615384616}, {"8.0": 0.009615384615384616, "9.0": 0.005291005291005291}, {"9.0": 0.010582010582010581}], "Cluster ranges": [0.0, 9.0, 7.0, 15.0, 11.0, 0.0, 8.0, 0.0, 8.0, 5.0, 6.0, 0.0, 3.0, 1.0, 0.0, 1.0, 0.0], "Cluster metrics of location and dispersion": [{"Mean": 1.0, "Median": 1.0, "1st Quartile": 1.0, "3rd Quartile": 1.0, "Standard Deviation": 0.0, "Is Signficant": false}, {"Mean": 6.266666666666667, "Median": 7.0, "1st Quartile": 4.0, "3rd Quartile": 8.0, "Standard Deviation": 2.5681813712344295, "Is Signficant": false}, {"Mean": 5.5, "Median": 5.5, "1st Quartile": 3.75, "3rd Quartile": 7.25, "Standard Deviation": 3.5, "Is Signficant": false}, {"Mean": 10.787985865724382, "Median": 10.0, "1st Quartile": 9.0, "3rd Quartile": 13.0, "Standard Deviation": 2.5796698722853866, "Is Signficant": true}, {"Mean": 8.132530120481928, "Median": 8.0, "1st Quartile": 7.0, "3rd Quartile": 9.0, "Standard Deviation": 1.9060530361990458, "Is Signficant": false}, {"Mean": 3.0, "Median": 3.0, "1st Quartile": 3.0, "3rd Quartile": 3.0, "Standard Deviation": 0.0, "Is Signficant": false}, {"Mean": 8.025974025974026, "Median": 9.0, "1st Quartile": 7.0, "3rd Quartile": 9.0, "Standard Deviation": 1.7726202336743884, "Is Signficant": false}, {"Mean": 4.0, "Median": 4.0, "1st Quartile": 4.0, "3rd Quartile": 4.0, "Standard Deviation": 0.0, "Is Signficant": false}, {"Mean": 7.857142857142857, "Median": 8.0, "1st Quartile": 7.0, "3rd Quartile": 8.5, "Standard Deviation": 2.2946254863155726, "Is Signficant": false}, {"Mean": 7.0, "Median": 7.0, "1st Quartile": 7.0, "3rd Quartile": 8.0, "Standard Deviation": 1.6733200530681511, "Is Signficant": false}, {"Mean": 7.0, "Median": 7.0, "1st Quartile": 5.5, "3rd Quartile": 8.5, "Standard Deviation": 3.0, "Is Signficant": false}, {"Mean": 6.0, "Median": 6.0, "1st Quartile": 6.0, "3rd Quartile": 6.0, "Standard Deviation": 0.0, "Is Signficant": false}, {"Mean": 7.25, "Median": 7.0, "1st Quartile": 6.75, "3rd Quartile": 7.5, "Standard Deviation": 1.0897247358851685, "Is Signficant": false}, {"Mean": 7.333333333333333, "Median": 7.0, "1st Quartile": 7.0, "3rd Quartile": 7.5, "Standard Deviation": 0.4714045207910317, "Is Signficant": false}, {"Mean": 8.0, "Median": 8.0, "1st Quartile": 8.0, "3rd Quartile": 8.0, "Standard Deviation": 0.0, "Is Signficant": false}, {"Mean": 8.5, "Median": 8.5, "1st Quartile": 8.25, "3rd Quartile": 8.75, "Standard Deviation": 0.5, "Is Signficant": false}, {"Mean": 9.0, "Median": 9.0, "1st Quartile": 9.0, "3rd Quartile": 9.0, "Standard Deviation": 0.0, "Is Signficant": false}],