{"Algorithm Parameters": {"Threshold Value": 0.8499999999999999, "Braching Factor": 12, "K": 2}, "Algorithm Performance": {"Calinski Harabasz Index": 55.05162873548185}, "Clusters Content Analysis": {"Predictive Power": {"Global": {"Metrics": {"Class: Upgrade": {"Accuracy": 0.7142857142857143, "Precision": 0.8, "Recall": 1.0, "F1-Score": 0.888888888888889}, "Class: Downgrade": {"Accuracy": 1.0, "Precision": 0.8, "Recall": 0.6, "F1-Score": 0.6857142857142857}}, "Confusion Matrix": {"predicted_down_AND_was_down": 3, "predicted_up_AND_was_up": 5, "predicted_no_change_AND_was_no_change": 0, "predicted_down_BUT_was_up": 0, "predicted_down_BUT_was_no_change": 303, "predicted_no_change_BUT_was_up": 0, "predicted_no_change_BUT_was_down": 0, "predicted_up_BUT_was_down": 2, "predicted_up_BUT_was_no_change": 283}}, "Restricted to jumps to or from below B-": {"Metrics": {"Class: Upgrade": "No element of this class", "Class: Downgrade": "No element of this class"}, "Confusion Matrix": {"predicted_down_AND_was_down": 0, "predicted_up_AND_was_up": 0, "predicted_no_change_AND_was_no_change": 0, "predicted_down_BUT_was_up": 0, "predicted_down_BUT_was_no_change": 306, "predicted_no_change_BUT_was_up": 0, "predicted_no_change_BUT_was_down": 0, "predicted_up_BUT_was_down": 0, "predicted_up_BUT_was_no_change": 290}}}, "Share of total companies in each clusters": [0.03523489932885906, 0.964765100671141, {"SUM": 1.0}], "Clusters with significant ranges (count)": 2, "Significant Clusters (count)": 1, "Cluster Credit Ratings Shares": [{"AAA": 0.047619047619047616, "AA": 0.047619047619047616, "AA-": 0.09523809523809523, "A": 0.047619047619047616, "A-": 0.23809523809523808, "BBB+": 0.23809523809523808, "BBB": 0.23809523809523808, "BB": 0.047619047619047616}, {"AAA": 0.0017391304347826088, "AA+": 0.0034782608695652175, "AA": 0.006956521739130435, "AA-": 0.01391304347826087, "A+": 0.020869565217391306, "A": 0.04869565217391304, "A-": 0.09217391304347826, "BBB+": 0.1443478260869565, "BBB": 0.1826086956521739, "BBB-": 0.11304347826086956, "BB+": 0.09217391304347826, "BB": 0.10086956521739131, "BB-": 0.0817391304347826, "B+": 0.06608695652173913, "B": 0.017391304347826087, "B-": 0.010434782608695653, "CCC": 0.0034782608695652175}], "Share of total companies with given credit rating in each cluter": [{"AAA": 0.5, "AA": 0.2, "AA-": 0.2, "A": 0.034482758620689655, "A-": 0.08620689655172414, "BBB+": 0.056818181818181816, "BBB": 0.045454545454545456, "BB": 0.01694915254237288}, {"AAA": 0.5, "AA+": 1.0, "AA": 0.8, "AA-": 0.8, "A+": 1.0, "A": 0.9655172413793104, "A-": 0.9137931034482759, "BBB+": 0.9431818181818182, "BBB": 0.9545454545454546, "BBB-": 1.0, "BB+": 1.0, "BB": 0.9830508474576272, "BB-": 1.0, "B+": 1.0, "B": 1.0, "B-": 1.0, "CCC": 1.0}], "Cluster ranges": [11.0, 17.0], "Cluster metrics of location and dispersion": [{"Mean": 7.142857142857143, "Median": 8.0, "1st Quartile": 7.0, "3rd Quartile": 9.0, "Standard Deviation": 2.3961420238874522, "Is Signficant": false}, {"Mean": 9.758260869565218, "Median": 9.0, "1st Quartile": 8.0, "3rd Quartile": 12.0, "Standard Deviation": 2.7127391133620757, "Is Signficant": true}], "Cluster entropies": [2.6385592597639778, 3.4363887697902453], "Maximum entropy": 3.4363887697902453, "Weighted average entropy": 3.408277327322877, "Incoherencies explanations": {"CLUSTER 0": {}, "CLUSTER 1": {"RATING A-": [{"Total Equity - Capital IQ [LTM] ($USDmm, Historical rate)": {"Comparison": "Cluster elements in highest 75%", "Credit Rating Statistics": {"Mean": 22799.265517241376, "Median": 12177.7, "1st Quartile": 7601.125, "3rd Quartile": 25660.975, "Standard Deviation": 25721.16969470835}, "Cluster Statistics": {"Mean": 82878.5, "Median": 85493.0, "1st Quartile": 83467.0, "3rd Quartile": 87503.3, "Standard Deviation": 17132.244417355247}}}, {"Return on Capital - Capital IQ [LTM]": {"Comparison": "Cluster elements in lower half", "Credit Rating Statistics": {"Mean": 12.591637931034482, "Median": 11.4, "1st Quartile": 5.6975, "3rd Quartile": 14.95, "Standard Deviation": 8.709703230817114}, "Cluster Statistics": {"Mean": 9.495999999999999, "Median": 6.42, "1st Quartile": 5.9, "3rd Quartile": 10.9, "Standard Deviation": 5.311457803654284}}}, {"Recurring Earnings / Total Assets - Capital IQ [LTM]": {"Comparison": "Cluster elements in lower half", "Credit Rating Statistics": {"Mean": 8.798965517241381, "Median": 7.855, "1st Quartile": 4.6025, "3rd Quartile": 11.674999999999999, "Standard Deviation": 5.52959492176515}, "Cluster Statistics": {"Mean": 6.595999999999999, "Median": 5.2, "1st Quartile": 4.1, "3rd Quartile": 8.8, "Standard Deviation": 2.771437172298878}}}, {"Net Working Capital / Revenue - Capital IQ [LTM]": {"Comparison": "Cluster elements in lowest 25%", "Credit Rating Statistics": {"Mean": 0.12825862068965518, "Median": 0.0755, "1st Quartile": 0.023, "3rd Quartile": 0.16325, "Standard Deviation": 0.26396496373734174}, "Cluster Statistics": {"Mean": -0.010800000000000004, "Median": -0.047, "1st Quartile": -0.069, "3rd Quartile": 0.087, "Standard Deviation": 0.10804887782850871}}}, {"Payables / Receivables - Capital IQ [LTM]": {"Comparison": "Cluster elements in highest 75%", "Credit Rating Statistics": {"Mean": 0.8022241379310344, "Median": 0.701, "1st Quartile": 0.5335000000000001, "3rd Quartile": 0.97075, "Standard Deviation": 0.5318011698416492}, "Cluster Statistics": {"Mean": 1.2693999999999999, "Median": 1.19, "1st Quartile": 0.967, "3rd Quartile": 1.32, "Standard Deviation": 0.38147272510626495}}}], "RATING BBB+": [{"Total Revenue - Capital IQ [LTM] ($USDmm, Historical rate)": {"Comparison": "Cluster elements in highest 75%", "Credit Rating Statistics": {"Mean": 29265.02045454545, "Median": 14567.4, "1st Quartile": 8405.825, "3rd Quartile": 30692.725, "Standard Deviation": 36595.66295696228}, "Cluster Statistics": {"Mean": 147245.4, "Median": 133974.0, "1st Quartile": 126818.8, "3rd Quartile": 147399.0, "Standard Deviation": 32542.847234807217}}}, {"Total Equity - Capital IQ [LTM] ($USDmm, Historical rate)": {"Comparison": "Cluster elements in highest 75%", "Credit Rating Statistics": {"Mean": 20373.988636363636, "Median": 12466.4, "1st Quartile": 6014.0, "3rd Quartile": 29664.075, "Standard Deviation": 21185.291470029348}, "Cluster Statistics": {"Mean": 78465.73999999999, "Median": 90770.4, "1st Quartile": 75261.5, "3rd Quartile": 93799.0, "Standard Deviation": 24857.39646669377}}}, {"Return on Capital - Capital IQ [LTM]": {"Comparison": "Cluster elements in upper half", "Credit Rating Statistics": {"Mean": 11.968068181818182, "Median": 10.055, "1st Quartile": 5.7625, "3rd Quartile": 16.325, "Standard Deviation": 7.7860847405008595}, "Cluster Statistics": {"Mean": 11.546, "Median": 9.51, "1st Quartile": 8.51, "3rd Quartile": 13.5, "Standard Deviation": 4.669683501052293}}}, {"Recurring Earnings / Total Assets - Capital IQ [LTM]": {"Comparison": "Cluster elements in upper half", "Credit Rating Statistics": {"Mean": 9.057613636363635, "Median": 7.455, "1st Quartile": 4.4525, "3rd Quartile": 12.15, "Standard Deviation": 5.970512197138341}, "Cluster Statistics": {"Mean": 8.581999999999999, "Median": 7.96, "1st Quartile": 7.58, "3rd Quartile": 10.6, "Standard Deviation": 2.178131309173072}}}, {"Payables / Receivables - Capital IQ [LTM]": {"Comparison": "Cluster elements in highest 75%", "Credit Rating Statistics": {"Mean": 1.1831704545454544, "Median": 0.746, "1st Quartile": 0.49524999999999997, "3rd Quartile": 1.17, "Standard Deviation": 1.6169806895849752}, "Cluster Statistics": {"Mean": 1.7475999999999998, "Median": 0.929, "1st Quartile": 0.58, "3rd Quartile": 1.69, "Standard Deviation": 1.7529297304798042}}}], "RATING BBB": [{"Total Revenue - Capital IQ [LTM] ($USDmm, Historical rate)": {"Comparison": "Cluster elements in highest 75%", "Credit Rating Statistics": {"Mean": 23774.116363636364, "Median": 11314.25, "1st Quartile": 5446.674999999999, "3rd Quartile": 19320.1, "Standard Deviation": 44268.06438351678},