{"Algorithm Parameters": {"K": 10}, "Algorithm Performance": {"WCSS": 12750.132519080658, "Silhouette Score": 0.11987384734827769, "Calinski Harabasz Index": 48.15442101451997}, "Clusters Content Analysis": {"Predictive Power": {"Global": {"Metrics": {"Class: Upgrade": {"Accuracy": 0.5, "Precision": 0.5, "Recall": 0.8, "F1-Score": 0.6153846153846154}, "Class: Downgrade": {"Accuracy": 0.5, "Precision": 0.5, "Recall": 0.2, "F1-Score": 0.28571428571428575}}, "Confusion Matrix": {"predicted_down_AND_was_down": 1, "predicted_up_AND_was_up": 4, "predicted_no_change_AND_was_no_change": 3, "predicted_down_BUT_was_up": 1, "predicted_down_BUT_was_no_change": 279, "predicted_no_change_BUT_was_up": 0, "predicted_no_change_BUT_was_down": 0, "predicted_up_BUT_was_down": 4, "predicted_up_BUT_was_no_change": 304}}, "Restricted to jumps to or from below B-": {"Metrics": {"Class: Upgrade": "No element of this class", "Class: Downgrade": "No element of this class"}, "Confusion Matrix": {"predicted_down_AND_was_down": 0, "predicted_up_AND_was_up": 0, "predicted_no_change_AND_was_no_change": 3, "predicted_down_BUT_was_up": 0, "predicted_down_BUT_was_no_change": 281, "predicted_no_change_BUT_was_up": 0, "predicted_no_change_BUT_was_down": 0, "predicted_up_BUT_was_down": 0, "predicted_up_BUT_was_no_change": 312}}}, "Share of total companies in each clusters": [0.003355704697986577, 0.04865771812080537, 0.575503355704698, 0.2600671140939597, 0.0016778523489932886, 0.07550335570469799, 0.020134228187919462, 0.006711409395973154, 0.006711409395973154, 0.0016778523489932886, {"SUM": 1.0}], "Clusters with significant ranges (count)": 5, "Significant Clusters (count)": 1, "Cluster Credit Ratings Shares": [{"AAA": 0.5, "AA-": 0.5}, {"AAA": 0.034482758620689655, "AA": 0.034482758620689655, "AA-": 0.10344827586206896, "A+": 0.06896551724137931, "A": 0.10344827586206896, "A-": 0.10344827586206896, "BBB+": 0.2413793103448276, "BBB": 0.1724137931034483, "BBB-": 0.06896551724137931, "BB+": 0.06896551724137931}, {"AA+": 0.0029154518950437317, "A": 0.011661807580174927, "A-": 0.04956268221574344, "BBB+": 0.09329446064139942, "BBB": 0.16909620991253643, "BBB-": 0.12536443148688048, "BB+": 0.10787172011661808, "BB": 0.15743440233236153, "BB-": 0.1282798833819242, "B+": 0.10204081632653061, "B": 0.029154518950437316, "B-": 0.01749271137026239, "CCC": 0.0058309037900874635}, {"AA+": 0.0064516129032258064, "AA": 0.0064516129032258064, "AA-": 0.012903225806451613, "A+": 0.04516129032258064, "A": 0.07741935483870968, "A-": 0.16774193548387098, "BBB+": 0.2064516129032258, "BBB": 0.24516129032258063, "BBB-": 0.1032258064516129, "BB+": 0.06451612903225806, "BB": 0.025806451612903226, "BB-": 0.01935483870967742, "B+": 0.01935483870967742}, {"AA": 1.0}, {"AA": 0.044444444444444446, "AA-": 0.044444444444444446, "A+": 0.06666666666666667, "A": 0.17777777777777778, "A-": 0.13333333333333333, "BBB+": 0.26666666666666666, "BBB": 0.08888888888888889, "BBB-": 0.08888888888888889, "BB+": 0.08888888888888889}, {"AA-": 0.16666666666666666, "A": 0.08333333333333333, "A-": 0.3333333333333333, "BBB+": 0.25, "BBB": 0.08333333333333333, "BB": 0.08333333333333333}, {"A": 0.25, "BBB+": 0.25, "BBB": 0.5}, {"A-": 0.5, "BBB+": 0.25, "BBB": 0.25}, {"BBB": 1.0}], "Share of total companies with given credit rating in each cluter": [{"AAA": 0.5, "AA-": 0.1}, {"AAA": 0.5, "AA": 0.2, "AA-": 0.3, "A+": 0.16666666666666666, "A": 0.10344827586206896, "A-": 0.05172413793103448, "BBB+": 0.07954545454545454, "BBB": 0.045454545454545456, "BBB-": 0.03076923076923077, "BB+": 0.03773584905660377}, {"AA+": 0.5, "A": 0.13793103448275862, "A-": 0.29310344827586204, "BBB+": 0.36363636363636365, "BBB": 0.5272727272727272, "BBB-": 0.6615384615384615, "BB+": 0.6981132075471698, "BB": 0.9152542372881356, "BB-": 0.9361702127659575, "B+": 0.9210526315789473, "B": 1.0, "B-": 1.0, "CCC": 1.0}, {"AA+": 0.5, "AA": 0.2, "AA-": 0.2, "A+": 0.5833333333333334, "A": 0.41379310344827586, "A-": 0.4482758620689655, "BBB+": 0.36363636363636365, "BBB": 0.34545454545454546, "BBB-": 0.24615384615384617, "BB+": 0.18867924528301888, "BB": 0.06779661016949153, "BB-": 0.06382978723404255, "B+": 0.07894736842105263}, {"AA": 0.2}, {"AA": 0.4, "AA-": 0.2, "A+": 0.25, "A": 0.27586206896551724, "A-": 0.10344827586206896, "BBB+": 0.13636363636363635, "BBB": 0.03636363636363636, "BBB-": 0.06153846153846154, "BB+": 0.07547169811320754}, {"AA-": 0.2, "A": 0.034482758620689655, "A-": 0.06896551724137931, "BBB+": 0.03409090909090909, "BBB": 0.00909090909090909, "BB": 0.01694915254237288}, {"A": 0.034482758620689655, "BBB+": 0.011363636363636364, "BBB": 0.01818181818181818}, {"A-": 0.034482758620689655, "BBB+": 0.011363636363636364, "BBB": 0.00909090909090909}, {"BBB": 0.00909090909090909}], "Cluster ranges": [3.0, 10.0, 16.0, 12.0, 0.0, 8.0, 8.0, 3.0, 2.0, 0.0], "Cluster metrics of location and dispersion": [{"Mean": 2.5, "Median": 2.5, "1st Quartile": 1.75, "3rd Quartile": 3.25, "Standard Deviation": 1.5, "Is Signficant": false}, {"Mean": 7.172413793103448, "Median": 8.0, "1st Quartile": 6.0, "3rd Quartile": 9.0, "Standard Deviation": 2.3935108467694177, "Is Signficant": false}, {"Mean": 10.938775510204081, "Median": 11.0, "1st Quartile": 9.0, "3rd Quartile": 13.0, "Standard Deviation": 2.395156851479739, "Is Signficant": true}, {"Mean": 8.380645161290323, "Median": 8.0, "1st Quartile": 7.0, "3rd Quartile": 9.0, "Standard Deviation": 2.0423609606150253, "Is Signficant": false}, {"Mean": 3.0, "Median": 3.0, "1st Quartile": 3.0, "3rd Quartile": 3.0, "Standard Deviation": 0.0, "Is Signficant": false}, {"Mean": 7.444444444444445, "Median": 8.0, "1st Quartile": 6.0, "3rd Quartile": 9.0, "Standard Deviation": 2.049992472133122, "Is Signficant": false}, {"Mean": 7.25, "Median": 7.0, "1st Quartile": 6.75, "3rd Quartile": 8.0, "Standard Deviation": 2.0463381929681126, "Is Signficant": false}, {"Mean": 8.0, "Median": 8.5, "1st Quartile": 7.5, "3rd Quartile": 9.0, "Standard Deviation": 1.224744871391589, "Is Signficant": false}, {"Mean": 7.75, "Median": 7.5, "1st Quartile": 7.0, "3rd Quartile": 8.25, "Standard Deviation": 0.82915619758885, "Is Signficant": false}, {"Mean": 9.0, "Median": 9.0, "1st Quartile": 9.0, "3rd Quartile": 9.0, "Standard Deviation": 0.0, "Is Signficant": false}], "Cluster entropies": [1.0, 3.0812297042541084, 3.2192606761370715, 3.011396865927255, 0, 2.929981707104247, 2.3553885422075336, 1.5, 1.5, 0], "Maximum entropy": 3.2192606761370715, "Weighted average entropy": 3.0779235350390786, "Incoherencies explanations": {"CLUSTER 0": {}, "CLUSTER 1": {"RATING BBB+": [{"Total Revenue - Capital IQ [LTM] ($USDmm, Historical rate)": {"Comparison": "Cluster elements in highest 75%", "Credit Rating Statistics": {"Mean": 29265.02045454545, "Median": 14567.4, "1st Quartile": 8405.825, "3rd Quartile": 30692.725, "Standard Deviation": 36595.66295696228}, "Cluster Statistics": {"Mean": 35726.05, "Median": 31933.25, "1st Quartile": 29332.275, "3rd Quartile": 42627.4, "Standard Deviation": 9449.586714992707}}}, {"Total Equity - Capital IQ [LTM] ($USDmm, Historical rate)": {"Comparison": "Cluster elements in highest 75%", "Credit Rating Statistics": {"Mean": 20373.988636363636, "Median": 12466.4, "1st Quartile": 6014.0, "3rd Quartile": 29664.075, "Standard Deviation": 21185.291470029348}, "Cluster Statistics": {"Mean": 40656.299999999996, "Median": 35599.95, "1st Quartile": 30675.199999999997, "3rd Quartile": 49167.375, "Standard Deviation": 12176.12466147036}}}, {"Return on Capital - Capital IQ [LTM]": {"Comparison": "Cluster elements in lower half", "Credit Rating Statistics": {"Mean": 11.968068181818182, "Median": 10.055, "1st Quartile": 5.7625, "3rd Quartile": 16.325, "Standard Deviation": 7.7860847405008595}, "Cluster Statistics": {"Mean": 6.3116666666666665, "Median": 5.324999999999999, "1st Quartile": 4.975, "3rd Quartile": 7.4725,