{"Algorithm Parameters": {"Threshold Value": 0.1, "Braching Factor": 27, "K": 19}, "Algorithm Performance": {"Calinski Harabasz Index": 1175.6330853028674}, "Clusters Content Analysis": {"Predictive Power": {"Global": {"Metrics": {"Class: Upgrade": {"Accuracy": 0.625, "Precision": 0.7142857142857143, "Recall": 0.8333333333333334, "F1-Score": 0.7692307692307692}, "Class: Downgrade": {"Accuracy": 0.8333333333333334, "Precision": 0.7142857142857143, "Recall": 0.625, "F1-Score": 0.6666666666666666}}, "Confusion Matrix": {"predicted_down_AND_was_down": 10, "predicted_up_AND_was_up": 10, "predicted_no_change_AND_was_no_change": 2, "predicted_down_BUT_was_up": 2, "predicted_down_BUT_was_no_change": 957, "predicted_no_change_BUT_was_up": 0, "predicted_no_change_BUT_was_down": 0, "predicted_up_BUT_was_down": 6, "predicted_up_BUT_was_no_change": 2771}}, "Restricted to jumps to or from below B-": {"Metrics": {"Class: Upgrade": "No element of this class", "Class: Downgrade": "No element of this class"}, "Confusion Matrix": {"predicted_down_AND_was_down": 0, "predicted_up_AND_was_up": 0, "predicted_no_change_AND_was_no_change": 2, "predicted_down_BUT_was_up": 0, "predicted_down_BUT_was_no_change": 969, "predicted_no_change_BUT_was_up": 0, "predicted_no_change_BUT_was_down": 0, "predicted_up_BUT_was_down": 0, "predicted_up_BUT_was_no_change": 2787}}}, "Share of total companies in each clusters": [0.050026609898882385, 0.17376263970196915, 0.032730175625332626, 0.008781266631186802, 0.0015965939329430547, 0.002394890899414582, 0.026343799893560404, 0.552421500798297, 0.009047365620010643, 0.0010643959552953698, 0.015965939329430547, 0.034326769558275676, 0.040713145290047895, 0.028738690792974985, 0.0021287919105907396, 0.01516764236295902, 0.003459286854709952, 0.0007982969664715274, 0.0005321979776476849, {"SUM": 0.9999999999999999}], "Clusters with significant ranges (count)": 17, "Significant Clusters (count)": 8, "Cluster Credit Ratings Shares": [{"1.0": 0.03723404255319149, "2.0": 0.026595744680851064, "3.0": 0.03723404255319149, "4.0": 0.026595744680851064, "5.0": 0.06382978723404255, "6.0": 0.05319148936170213, "7.0": 0.14361702127659576, "8.0": 0.1276595744680851, "9.0": 0.16489361702127658, "10.0": 0.07446808510638298, "11.0": 0.0425531914893617, "13.0": 0.03723404255319149, "14.0": 0.06382978723404255, "15.0": 0.05851063829787234, "17.0": 0.015957446808510637, "12.0": 0.010638297872340425, "16.0": 0.015957446808510637}, {"2.0": 0.010719754977029096, "3.0": 0.0015313935681470138, "4.0": 0.009188361408882083, "5.0": 0.01225114854517611, "6.0": 0.030627871362940276, "7.0": 0.11179173047473201, "8.0": 0.13476263399693722, "9.0": 0.1776416539050536, "10.0": 0.06584992343032159, "11.0": 0.05972434915773354, "12.0": 0.09188361408882083, "13.0": 0.08269525267993874, "14.0": 0.09494640122511486, "15.0": 0.05666156202143951, "16.0": 0.033690658499234305, "17.0": 0.019908116385911178, "18.0": 0.004594180704441042, "20.0": 0.0015313935681470138}, {"3.0": 0.008130081300813009, "4.0": 0.04065040650406504, "5.0": 0.13008130081300814, "6.0": 0.06504065040650407, "7.0": 0.11382113821138211, "8.0": 0.0975609756097561, "9.0": 0.15447154471544716, "10.0": 0.12195121951219512, "11.0": 0.06504065040650407, "12.0": 0.06504065040650407, "17.0": 0.032520325203252036, "2.0": 0.008130081300813009, "13.0": 0.04065040650406504, "14.0": 0.024390243902439025, "15.0": 0.024390243902439025, "16.0": 0.008130081300813009}, {"3.0": 0.09090909090909091, "5.0": 0.15151515151515152, "6.0": 0.12121212121212122, "7.0": 0.12121212121212122, "8.0": 0.12121212121212122, "9.0": 0.12121212121212122, "10.0": 0.06060606060606061, "11.0": 0.12121212121212122, "14.0": 0.06060606060606061, "15.0": 0.030303030303030304}, {"3.0": 0.16666666666666666, "4.0": 0.16666666666666666, "5.0": 0.16666666666666666, "6.0": 0.16666666666666666, "14.0": 0.16666666666666666, "15.0": 0.16666666666666666}, {"3.0": 0.1111111111111111, "5.0": 0.2222222222222222, "6.0": 0.2222222222222222, "7.0": 0.1111111111111111, "10.0": 0.1111111111111111, "4.0": 0.2222222222222222}, {"4.0": 0.04040404040404041, "6.0": 0.1111111111111111, "14.0": 0.010101010101010102, "3.0": 0.010101010101010102, "5.0": 0.06060606060606061, "7.0": 0.12121212121212122, "8.0": 0.10101010101010101, "9.0": 0.41414141414141414, "10.0": 0.0707070707070707, "11.0": 0.04040404040404041, "13.0": 0.020202020202020204}, {"5.0": 0.003371868978805395, "6.0": 0.003371868978805395, "7.0": 0.004335260115606936, "8.0": 0.0009633911368015414, "16.0": 0.9865125240847784, "4.0": 0.0004816955684007707, "11.0": 0.0004816955684007707, "12.0": 0.0004816955684007707}, {"5.0": 0.08823529411764706, "6.0": 0.17647058823529413, "1.0": 0.029411764705882353, "3.0": 0.058823529411764705, "4.0": 0.11764705882352941, "7.0": 0.20588235294117646, "8.0": 0.23529411764705882, "9.0": 0.08823529411764706}, {"5.0": 0.25, "2.0": 0.25, "4.0": 0.25, "7.0": 0.25}, {"5.0": 0.016666666666666666, "6.0": 0.05, "8.0": 0.08333333333333333, "9.0": 0.23333333333333334, "10.0": 0.2, "11.0": 0.13333333333333333, "12.0": 0.08333333333333333, "13.0": 0.1, "14.0": 0.016666666666666666, "15.0": 0.016666666666666666, "7.0": 0.05, "20.0": 0.016666666666666666}, {"5.0": 0.023255813953488372, "7.0": 0.10852713178294573, "8.0": 0.08527131782945736, "9.0": 0.2248062015503876, "10.0": 0.13953488372093023, "11.0": 0.10077519379844961, "14.0": 0.06976744186046512, "16.0": 0.015503875968992248, "4.0": 0.015503875968992248, "6.0": 0.031007751937984496, "12.0": 0.08527131782945736, "13.0": 0.046511627906976744, "15.0": 0.023255813953488372, "17.0": 0.023255813953488372, "18.0": 0.007751937984496124}, {"6.0": 0.0457516339869281, "7.0": 0.058823529411764705, "8.0": 0.13725490196078433, "9.0": 0.1895424836601307, "10.0": 0.16339869281045752, "15.0": 0.0196078431372549, "16.0": 0.032679738562091505, "2.0": 0.006535947712418301, "4.0": 0.006535947712418301, "5.0": 0.0196078431372549, "11.0": 0.09803921568627451, "12.0": 0.10457516339869281, "13.0": 0.058823529411764705, "14.0": 0.0457516339869281, "17.0": 0.013071895424836602}, {"6.0": 0.06481481481481481, "7.0": 0.06481481481481481, "9.0": 0.09259259259259259, "10.0": 0.3425925925925926, "13.0": 0.06481481481481481, "15.0": 0.037037037037037035, "3.0": 0.009259259259259259, "5.0": 0.009259259259259259, "8.0": 0.1111111111111111, "11.0": 0.07407407407407407, "12.0": 0.027777777777777776, "14.0": 0.06481481481481481, "16.0": 0.037037037037037035}, {"8.0": 0.25, "6.0": 0.125, "9.0": 0.375, "10.0": 0.25}, {"9.0": 0.05263157894736842, "12.0": 0.3684210526315789, "13.0": 0.2807017543859649, "16.0": 0.03508771929824561, "17.0": 0.017543859649122806, "8.0": 0.03508771929824561, "10.0": 0.08771929824561403, "11.0": 0.07017543859649122, "14.0": 0.017543859649122806, "15.0": 0.017543859649122806, "20.0": 0.017543859649122806}, {"12.0": 0.15384615384615385, "13.0": 0.3076923076923077, "15.0": 0.15384615384615385, "7.0": 0.07692307692307693, "11.0": 0.07692307692307693, "14.0": 0.07692307692307693, "16.0": 0.15384615384615385}, {"1.0": 0.3333333333333333, "3.0": 0.3333333333333333, "9.0": 0.3333333333333333}, {"9.0": 1.0}], "Share of total companies with given credit rating in each cluter": [{"1.0": 0.7777777777777778, "2.0": 0.3333333333333333, "3.0": 0.3684210526315789, "4.0": 0.15625, "5.0": 0.17391304347826086, "6.0": 0.10989010989010989, "7.0": 0.14835164835164835, "8.0": 0.11940298507462686, "9.0": 0.10163934426229508, "10.0": 0.07734806629834254, "11.0": 0.07079646017699115, "13.0": 0.0603448275862069, "14.0": 0.11214953271028037, "15.0": 0.16417910447761194, "17.0": 0.11538461538461539, "12.0": 0.015503875968992248, "16.0": 0.0014360938247965534}, {"2.0": 0.4666666666666667, "3.0": 0.05263157894736842, "4.0": 0.1875, "5.0": 0.11594202898550725, "6.0": 0.21978021978021978, "7.0": 0.4010989010989011, "8.0": 0.43781094527363185, "9.0": 0.380327868852459, "10.0": 0.23756906077348067, "11.0": 0.34513274336283184, "12.0": 0.46511627906976744, "13.0": 0.46551724137931033,