{"Algorithm Parameters": {"Threshold Value": 6.6, "Braching Factor": 67, "K": 19}, "Algorithm Performance": {"Silhouette Score": 0.7441457833492343}, "Clusters Content Analysis": {"Predictive Power": {"Global": {"Metrics": {"Class: Upgrade": {"Accuracy": 0.3333333333333333, "Precision": 0.5, "Recall": 0.16666666666666666, "F1-Score": 0.25}, "Class: Downgrade": {"Accuracy": 0.5454545454545454, "Precision": 0.5, "Recall": 0.75, "F1-Score": 0.6}}, "Confusion Matrix": {"predicted_down_AND_was_down": 12, "predicted_up_AND_was_up": 2, "predicted_no_change_AND_was_no_change": 1, "predicted_down_BUT_was_up": 10, "predicted_down_BUT_was_no_change": 1439, "predicted_no_change_BUT_was_up": 0, "predicted_no_change_BUT_was_down": 0, "predicted_up_BUT_was_down": 4, "predicted_up_BUT_was_no_change": 2290}}, "Restricted to jumps to or from below B-": {"Metrics": {"Class: Upgrade": "No element of this class", "Class: Downgrade": "No element of this class"}, "Confusion Matrix": {"predicted_down_AND_was_down": 0, "predicted_up_AND_was_up": 0, "predicted_no_change_AND_was_no_change": 1, "predicted_down_BUT_was_up": 0, "predicted_down_BUT_was_no_change": 1461, "predicted_no_change_BUT_was_up": 0, "predicted_no_change_BUT_was_down": 0, "predicted_up_BUT_was_down": 0, "predicted_up_BUT_was_no_change": 2296}}}, "Share of total companies in each clusters": [0.9984034060670569, 0.0013304949441192123, 0.00026609898882384245, {"SUM": 0.9999999999999999}], "Clusters with significant ranges (count)": 2, "Significant Clusters (count)": 2, "Cluster Credit Ratings Shares": [{"1.0": 0.002398720682302772, "2.0": 0.003997867803837953, "3.0": 0.004797441364605544, "4.0": 0.00826226012793177, "5.0": 0.01812366737739872, "6.0": 0.02398720682302772, "7.0": 0.048507462686567165, "8.0": 0.05357142857142857, "9.0": 0.08128997867803837, "10.0": 0.0482409381663113, "11.0": 0.03011727078891258, "12.0": 0.034381663113006396, "13.0": 0.03091684434968017, "14.0": 0.028251599147121536, "15.0": 0.017590618336886993, "16.0": 0.5567697228144989, "17.0": 0.006929637526652452, "18.0": 0.0010660980810234541, "20.0": 0.0007995735607675906}, {"3.0": 0.2, "5.0": 0.2, "6.0": 0.2, "14.0": 0.2, "15.0": 0.2}, {"4.0": 1.0}], "Share of total companies with given credit rating in each cluter": [{"1.0": 1.0, "2.0": 1.0, "3.0": 0.9473684210526315, "4.0": 0.96875, "5.0": 0.9855072463768116, "6.0": 0.989010989010989, "7.0": 1.0, "8.0": 1.0, "9.0": 1.0, "10.0": 1.0, "11.0": 1.0, "12.0": 1.0, "13.0": 1.0, "14.0": 0.9906542056074766, "15.0": 0.9850746268656716, "16.0": 1.0, "17.0": 1.0, "18.0": 1.0, "20.0": 1.0}, {"3.0": 0.05263157894736842, "5.0": 0.014492753623188406, "6.0": 0.01098901098901099, "14.0": 0.009345794392523364, "15.0": 0.014925373134328358}, {"4.0": 0.03125}], "Cluster ranges": [19.0, 12.0, 0.0], "Cluster metrics of location and dispersion": [{"Mean": 13.140991471215353, "Median": 16.0, "1st Quartile": 10.0, "3rd Quartile": 16.0, "Standard Deviation": 3.815103510422283, "Is Signficant": true}, {"Mean": 8.6, "Median": 6.0, "1st Quartile": 5.0, "3rd Quartile": 14.0, "Standard Deviation": 4.923413450036469, "Is Signficant": true}, {"Mean": 4.0, "Median": 4.0, "1st Quartile": 4.0, "3rd Quartile": 4.0, "Standard Deviation": 0.0, "Is Signficant": false}], "Cluster entropies": [2.585264568262188, 2.321928094887362, 0], "Maximum entropy": 2.585264568262188, "Weighted average entropy": 2.584226264128304, "Incoherencies explanations": {"CLUSTER 0": {"RATING 16.0": [{"0": {"Comparison": "Cluster elements in highest 75%", "Credit Rating Statistics": {"Mean": -1.725295877921751, "Median": -1.803591740081048, "1st Quartile": -1.803591740081048, "3rd Quartile": -1.803591740081048, "Standard Deviation": 0.5820937373710962}, "Cluster Statistics": {"Mean": -1.725295877921751, "Median": -1.803591740081048, "1st Quartile": -1.803591740081048, "3rd Quartile": -1.803591740081048, "Standard Deviation": 0.5820937373710962}}}, {"1": {"Comparison": "Cluster elements in lowest 25%", "Credit Rating Statistics": {"Mean": 0.04249643593308455, "Median": 0.06588543106590976, "1st Quartile": 0.06588543106590976, "3rd Quartile": 0.06588543106590976, "Standard Deviation": 0.22185473128022773}, "Cluster Statistics": {"Mean": 0.04249643593308455, "Median": 0.06588543106590976, "1st Quartile": 0.06588543106590976, "3rd Quartile": 0.06588543106590976, "Standard Deviation": 0.22185473128022773}}}, {"2": {"Comparison": "Cluster elements in lowest 25%", "Credit Rating Statistics": {"Mean": 0.35764642518861994, "Median": 0.38102486616873, "1st Quartile": 0.38102486616873, "3rd Quartile": 0.38102486616873, "Standard Deviation": 0.3813555825028565}, "Cluster Statistics": {"Mean": 0.35764642518861994, "Median": 0.38102486616873, "1st Quartile": 0.38102486616873, "3rd Quartile": 0.38102486616873, "Standard Deviation": 0.3813555825028565}}}, {"3": {"Comparison": "Cluster elements in highest 75%", "Credit Rating Statistics": {"Mean": -0.2539142908769833, "Median": -0.26969114222802854, "1st Quartile": -0.26969114222802854, "3rd Quartile": -0.26969114222802854, "Standard Deviation": 0.14843578303059396}, "Cluster Statistics": {"Mean": -0.2539142908769833, "Median": -0.26969114222802854, "1st Quartile": -0.26969114222802854, "3rd Quartile": -0.26969114222802854, "Standard Deviation": 0.14843578303059396}}}, {"4": {"Comparison": "Cluster elements in lowest 25%", "Credit Rating Statistics": {"Mean": 0.15886709001862812, "Median": 0.170751509167593, "1st Quartile": 0.170751509167593, "3rd Quartile": 0.170751509167593, "Standard Deviation": 0.32063081993661274}, "Cluster Statistics": {"Mean": 0.15886709001862812, "Median": 0.170751509167593, "1st Quartile": 0.170751509167593, "3rd Quartile": 0.170751509167593, "Standard Deviation": 0.32063081993661274}}}]}, "CLUSTER 1": {}}}}