{"Algorithm Parameters": {"Threshold Value": 10.1, "Braching Factor": 67, "K": 12}, "Algorithm Performance": {"Silhouette Score": 0.5428996723268129}, "Clusters Content Analysis": {"Clusters with significant ranges (count)": 1, "Significant Clusters (count)": 1, "Cluster Credit Ratings Counts": [{"1.0": 9, "2.0": 15, "3.0": 19, "4.0": 32, "5.0": 69, "6.0": 91, "7.0": 182, "8.0": 201, "9.0": 305, "10.0": 181, "11.0": 113, "12.0": 129, "13.0": 116, "14.0": 107, "15.0": 67, "16.0": 2089, "17.0": 26, "18.0": 4, "20.0": 3}], "Cluster ranges": [19.0], "Cluster metrics of location and dispersion": [{"Mean": 13.132517296434273, "Median": 16.0, "1st Quartile": 10.0, "3rd Quartile": 16.0, "Standard Deviation": 3.822777258438674, "Is Signficant": true}], "Cluster entropies": [2.5908956664038882], "Maximum entropy": 2.5908956664038882, "Weighted average entropy": 2.5908956664038882, "Incoherencies explanations": {"CLUSTER 0": {"RATING 16.0": [{"1": {"Comparison": "Cluster elements in highest 75%", "Credit Rating Statistics": {"Mean": -0.5330210154679904, "Median": -0.5548412631903489, "1st Quartile": -0.5548412631903489, "3rd Quartile": -0.5548412631903489, "Standard Deviation": 0.5085639639045618}, "Cluster Statistics": {"Mean": -0.5330210154679904, "Median": -0.5548412631903489, "1st Quartile": -0.5548412631903489, "3rd Quartile": -0.5548412631903489, "Standard Deviation": 0.5085639639045618}}}, {"5": {"Comparison": "Cluster elements in lowest 25%", "Credit Rating Statistics": {"Mean": -0.0963203400177835, "Median": -0.09093536978636951, "1st Quartile": -0.09093536978636951, "3rd Quartile": -0.09093536978636951, "Standard Deviation": 0.3215651786662177}, "Cluster Statistics": {"Mean": -0.0963203400177835, "Median": -0.09093536978636951, "1st Quartile": -0.09093536978636951, "3rd Quartile": -0.09093536978636951, "Standard Deviation": 0.3215651786662177}}}, {"6": {"Comparison": "Cluster elements in highest 75%", "Credit Rating Statistics": {"Mean": -0.16961176168984152, "Median": -0.18084564465884959, "1st Quartile": -0.18084564465884959, "3rd Quartile": -0.18084564465884959, "Standard Deviation": 0.20008802831106784}, "Cluster Statistics": {"Mean": -0.16961176168984152, "Median": -0.18084564465884959, "1st Quartile": -0.18084564465884959, "3rd Quartile": -0.18084564465884959, "Standard Deviation": 0.20008802831106784}}}, {"7": {"Comparison": "Cluster elements in highest 75%", "Credit Rating Statistics": {"Mean": -0.02308011525609254, "Median": -0.02891201671885681, "1st Quartile": -0.02891201671885681, "3rd Quartile": -0.02891201671885681, "Standard Deviation": 0.18765961286188507}, "Cluster Statistics": {"Mean": -0.02308011525609254, "Median": -0.02891201671885681, "1st Quartile": -0.02891201671885681, "3rd Quartile": -0.02891201671885681, "Standard Deviation": 0.18765961286188507}}}, {"10": {"Comparison": "Cluster elements in highest 75%", "Credit Rating Statistics": {"Mean": 0.010273082047079636, "Median": -0.002439231831901922, "1st Quartile": -0.002439231831901922, "3rd Quartile": -0.002439231831901922, "Standard Deviation": 0.32234458165817576}, "Cluster Statistics": {"Mean": 0.010273082047079636, "Median": -0.002439231831901922, "1st Quartile": -0.002439231831901922, "3rd Quartile": -0.002439231831901922, "Standard Deviation": 0.32234458165817576}}}]}}}}