{"Algorithm Parameters": {"Threshold Value": 0.1, "Braching Factor": 2, "K": 2}, "Algorithm Performance": {"Silhouette Score": 0.31664017650472454}, "Clusters Content Analysis": {"Predictive Power": {"Global": {"Metrics": {"Class: Upgrade": "No correct predictions for this class 1 false positives and 0 false negatives.", "Class: Downgrade": "No element of this class"}, "Confusion Matrix": {"predicted_down_AND_was_down": 0, "predicted_up_AND_was_up": 0, "predicted_no_change_AND_was_no_change": 0, "predicted_down_BUT_was_up": 0, "predicted_down_BUT_was_no_change": 51, "predicted_no_change_BUT_was_up": 0, "predicted_no_change_BUT_was_down": 0, "predicted_up_BUT_was_down": 1, "predicted_up_BUT_was_no_change": 34}}, "Restricted to jumps to or from below B-": {"Metrics": {"Class: Upgrade": "No element of this class", "Class: Downgrade": "No element of this class"}, "Confusion Matrix": {"predicted_down_AND_was_down": 0, "predicted_up_AND_was_up": 0, "predicted_no_change_AND_was_no_change": 0, "predicted_down_BUT_was_up": 0, "predicted_down_BUT_was_no_change": 51, "predicted_no_change_BUT_was_up": 0, "predicted_no_change_BUT_was_down": 0, "predicted_up_BUT_was_down": 0, "predicted_up_BUT_was_no_change": 35}}}, "Share of total companies in each clusters": [0.7674418604651163, 0.23255813953488372, {"SUM": 1.0}], "Clusters with significant ranges (count)": 2, "Significant Clusters (count)": 2, "Cluster Credit Ratings Shares": [{"AA-": 0.06060606060606061, "A-": 0.10606060606060606, "BBB+": 0.10606060606060606, "BBB": 0.22727272727272727, "A+": 0.045454545454545456, "A": 0.06060606060606061, "BBB-": 0.12121212121212122, "BB+": 0.045454545454545456, "BB": 0.07575757575757576, "BB-": 0.06060606060606061, "B+": 0.030303030303030304, "B": 0.015151515151515152, "B-": 0.015151515151515152, "CCC": 0.015151515151515152, "CC": 0.015151515151515152}, {"BBB-": 0.05, "BB": 0.1, "B": 0.25, "A-": 0.05, "BBB+": 0.1, "BBB": 0.2, "BB+": 0.15, "BB-": 0.05, "B+": 0.05}], "Share of total companies with given credit rating in each cluter": [{"AA-": 1.0, "A-": 0.875, "BBB+": 0.7777777777777778, "BBB": 0.7894736842105263, "A+": 1.0, "A": 1.0, "BBB-": 0.8888888888888888, "BB+": 0.5, "BB": 0.7142857142857143, "BB-": 0.8, "B+": 0.6666666666666666, "B": 0.16666666666666666, "B-": 1.0, "CCC": 1.0, "CC": 1.0}, {"BBB-": 0.1111111111111111, "BB": 0.2857142857142857, "B": 0.8333333333333334, "A-": 0.125, "BBB+": 0.2222222222222222, "BBB": 0.21052631578947367, "BB+": 0.5, "BB-": 0.2, "B+": 0.3333333333333333}], "Cluster ranges": [16.0, 8.0], "Cluster metrics of location and dispersion": [{"Mean": 9.348484848484848, "Median": 9.0, "1st Quartile": 7.0, "3rd Quartile": 11.0, "Standard Deviation": 3.202709195222752, "Is Signficant": true}, {"Mean": 11.4, "Median": 11.0, "1st Quartile": 9.0, "3rd Quartile": 14.25, "Standard Deviation": 2.6720778431774774, "Is Signficant": true}], "Cluster entropies": [3.4833980084236362, 2.9037016960573485], "Maximum entropy": 3.4833980084236362, "Weighted average entropy": 3.3485849125244993, "Incoherencies explanations": {"CLUSTER 0": {"RATING B": [{"Leverage": {"Comparison": "Cluster elements in upper half", "Credit Rating Statistics": {"Mean": 0.11276733388985939, "Median": 0.09379630000597902, "1st Quartile": 0.09050977445760575, "3rd Quartile": 0.10116707460025906, "Standard Deviation": 0.042132845145541914}, "Cluster Statistics": {"Mean": 0.09403550346205078, "Median": 0.09238490702977808, "1st Quartile": 0.08988473026688162, "3rd Quartile": 0.09520769298217996, "Standard Deviation": 0.004992308184877678}}}, {"Profitability": {"Comparison": "Cluster elements in lower half", "Credit Rating Statistics": {"Mean": 0.21149764687014105, "Median": 0.14902009541289735, "1st Quartile": 0.12074264418878337, "3rd Quartile": 0.16448380984659583, "Standard Deviation": 0.16535644017917292}, "Cluster Statistics": {"Mean": 0.138111416246151, "Median": 0.14186386963629055, "1st Quartile": 0.11370223570628098, "3rd Quartile": 0.15617632118950417, "Standard Deviation": 0.02231747519970235}}}, {"Financial Statement Lines": {"Comparison": "Cluster elements in highest 75%", "Credit Rating Statistics": {"Mean": 0.009705289323850712, "Median": 0.00824376909222341, "1st Quartile": 0.0077062188819317255, "3rd Quartile": 0.010905445187792916, "Standard Deviation": 0.004859177825850683}, "Cluster Statistics": {"Mean": 0.010981971852499006, "Median": 0.008625792067998166, "1st Quartile": 0.007861746116448652, "3rd Quartile": 0.011665329561057834, "Standard Deviation": 0.00430748433521841}}}, {"Liquidity": {"Comparison": "Cluster elements in lower half", "Credit Rating Statistics": {"Mean": 0.2557933677922567, "Median": 0.274966368877714, "1st Quartile": 0.17583243237469387, "3rd Quartile": 0.3300217232518784, "Standard Deviation": 0.08286813405449897}, "Cluster Statistics": {"Mean": 0.2370737527198786, "Median": 0.24850082822173247, "1st Quartile": 0.15160963375901435, "3rd Quartile": 0.30143190953369553, "Standard Deviation": 0.0783454481081145}}}, {"Efficiency": {"Comparison": "Cluster elements in lower half", "Credit Rating Statistics": {"Mean": 0.147770998686526, "Median": 0.12641325754281116, "1st Quartile": 0.10818573222054137, "3rd Quartile": 0.14386573510408696, "Standard Deviation": 0.05904763558322212}, "Cluster Statistics": {"Mean": 0.12229584064282487, "Median": 0.1115216864843847, "1st Quartile": 0.10707374746592692, "3rd Quartile": 0.14130482860123764, "Standard Deviation": 0.017030732733898872}}}]}, "CLUSTER 1": {"RATING BBB": [{"Leverage": {"Comparison": "Cluster elements in lower half", "Credit Rating Statistics": {"Mean": 0.09319466073978834, "Median": 0.09563636296115344, "1st Quartile": 0.08245380249473319, "3rd Quartile": 0.1034377056048901, "Standard Deviation": 0.01877950962043207}, "Cluster Statistics": {"Mean": 0.08785186779722795, "Median": 0.09253318745384465, "1st Quartile": 0.07814261886590841, "3rd Quartile": 0.09714507149057416, "Standard Deviation": 0.01673001739569101}}}, {"Profitability": {"Comparison": "Cluster elements in lower half", "Credit Rating Statistics": {"Mean": 0.1760321527778622, "Median": 0.18727393876618434, "1st Quartile": 0.13271172341075904, "3rd Quartile": 0.21562626448644953, "Standard Deviation": 0.05697029937094374}, "Cluster Statistics": {"Mean": 0.17898705936565812, "Median": 0.2108151932060026, "1st Quartile": 0.1314593640728252, "3rd Quartile": 0.21797992186223356, "Standard Deviation": 0.06199951381613188}}}, {"Financial Statement Lines": {"Comparison": "Cluster elements in upper half", "Credit Rating Statistics": {"Mean": 0.1292279306648767, "Median": 0.08372399423468455, "1st Quartile": 0.04223574921884174, "3rd Quartile": 0.17801677066673038, "Standard Deviation": 0.12206541354087816}, "Cluster Statistics": {"Mean": 0.11900978684430827, "Median": 0.1248537334617922, "1st Quartile": 0.04791492215646054, "3rd Quartile": 0.17801677066673038, "Standard Deviation": 0.07906422814060583}}}, {"Liquidity": {"Comparison": "Cluster elements in upper half", "Credit Rating Statistics": {"Mean": 0.14676231744044954, "Median": 0.13102414878834204, "1st Quartile": 0.09582615116782492, "3rd Quartile": 0.159914491623087, "Standard Deviation": 0.08696680367461473}, "Cluster Statistics": {"Mean": 0.15032449734038292, "Median": 0.1326751027170947, "1st Quartile": 0.09582615116782492, "3rd Quartile": 0.159914491623087, "Standard Deviation": 0.09284713490669118}}}, {"Efficiency": {"Comparison": "Cluster elements in lower half", "Credit Rating Statistics": {"Mean": 0.1359863583246704, "Median": 0.12814038333603586, "1st Quartile": 0.10271460980404298, "3rd Quartile": 0.15790169775708696, "Standard Deviation": 0.058872598515049376}, "Cluster Statistics": {"Mean": 0.12176857599473292, "Median": 0.12676535758901206, "1st Quartile": 0.09355264221511989, "3rd Quartile": 0.14589791281596204, "Standard Deviation": 0.03785551084426332}}}]}}}}