{"Algorithm Parameters": {"Eps": 0.6, "MinPts": 30, "K": 1}, "Algorithm Performance": {"Silhouette Score": 0.323}, "Clusters Content Analysis": {"Predictive Power": {"Global": {"Metrics": {"Class: Upgrade": "No correct predictions for this class 1 false positives and 0 false negatives.", "Class: Downgrade": "No element of this class"}, "Confusion Matrix": {"predicted_down_AND_was_down": 0, "predicted_up_AND_was_up": 0, "predicted_no_change_AND_was_no_change": 0, "predicted_down_BUT_was_up": 0, "predicted_down_BUT_was_no_change": 47, "predicted_no_change_BUT_was_up": 0, "predicted_no_change_BUT_was_down": 0, "predicted_up_BUT_was_down": 1, "predicted_up_BUT_was_no_change": 38}}, "Restricted to jumps to or from below B-": {"Metrics": {"Class: Upgrade": "No element of this class", "Class: Downgrade": "No element of this class"}, "Confusion Matrix": {"predicted_down_AND_was_down": 0, "predicted_up_AND_was_up": 0, "predicted_no_change_AND_was_no_change": 0, "predicted_down_BUT_was_up": 0, "predicted_down_BUT_was_no_change": 47, "predicted_no_change_BUT_was_up": 0, "predicted_no_change_BUT_was_down": 0, "predicted_up_BUT_was_down": 0, "predicted_up_BUT_was_no_change": 39}}}, "Share of total companies in each clusters": [0.9651162790697675, 0.03488372093023256, {"SUM": 1.0}], "Clusters with significant ranges (count)": 2, "Significant Clusters (count)": 2, "Cluster Credit Ratings Shares": [{"AA-": 0.04819277108433735, "A-": 0.0963855421686747, "BBB+": 0.10843373493975904, "BBB": 0.21686746987951808, "BBB-": 0.10843373493975904, "BB": 0.08433734939759036, "B": 0.060240963855421686, "A+": 0.024096385542168676, "A": 0.04819277108433735, "BB+": 0.07228915662650602, "BB-": 0.060240963855421686, "B+": 0.03614457831325301, "B-": 0.012048192771084338, "CCC": 0.012048192771084338, "CC": 0.012048192771084338}, {"A+": 0.3333333333333333, "BBB": 0.3333333333333333, "B": 0.3333333333333333}], "Share of total companies with given credit rating in each cluter": [{"AA-": 1.0, "A-": 1.0, "BBB+": 1.0, "BBB": 0.9473684210526315, "BBB-": 1.0, "BB": 1.0, "B": 0.8333333333333334, "A+": 0.6666666666666666, "A": 1.0, "BB+": 1.0, "BB-": 1.0, "B+": 1.0, "B-": 1.0, "CCC": 1.0, "CC": 1.0}, {"A+": 0.3333333333333333, "BBB": 0.05263157894736842, "B": 0.16666666666666666}], "Cluster ranges": [16.0, 10.0], "Cluster metrics of location and dispersion": [{"Mean": 9.831325301204819, "Median": 9.0, "1st Quartile": 8.0, "3rd Quartile": 12.0, "Standard Deviation": 3.1692014771252492, "Is Signficant": true}, {"Mean": 9.666666666666666, "Median": 9.0, "1st Quartile": 7.0, "3rd Quartile": 12.0, "Standard Deviation": 4.109609335312651, "Is Signficant": true}], "Cluster entropies": [3.5165728293988465, 1.584962500721156], "Maximum entropy": 3.5165728293988465, "Weighted average entropy": 3.4491910737472993, "Incoherencies explanations": {"CLUSTER 0": {"RATING A+": [{"Leverage": {"Comparison": "Cluster elements are located around median", "Credit Rating Statistics": {"Mean": 0.109907252486087, "Median": 0.10610061027925488, "1st Quartile": 0.09549941498283256, "3rd Quartile": 0.12241176888592538, "Standard Deviation": 0.022138092153171078}, "Cluster Statistics": {"Mean": 0.10610061027925488, "Median": 0.10610061027925488, "1st Quartile": 0.10610061027925488, "3rd Quartile": 0.10610061027925488, "Standard Deviation": 0.0}}}, {"Profitability": {"Comparison": "Cluster elements are located around median", "Credit Rating Statistics": {"Mean": 0.2209092042981452, "Median": 0.24961093491995193, "1st Quartile": 0.19547062782167085, "3rd Quartile": 0.2606986460855229, "Standard Deviation": 0.056994364470793556}, "Cluster Statistics": {"Mean": 0.24961093491995193, "Median": 0.24961093491995193, "1st Quartile": 0.24961093491995193, "3rd Quartile": 0.24961093491995193, "Standard Deviation": 0.0}}}, {"Financial Statement Lines": {"Comparison": "Cluster elements are located around median", "Credit Rating Statistics": {"Mean": 0.309624506101196, "Median": 0.2873529005270893, "1st Quartile": 0.28421411804743973, "3rd Quartile": 0.32389909136789896, "Standard Deviation": 0.03602698450311928}, "Cluster Statistics": {"Mean": 0.2873529005270893, "Median": 0.2873529005270893, "1st Quartile": 0.2873529005270893, "3rd Quartile": 0.2873529005270893, "Standard Deviation": 0.0}}}, {"Liquidity": {"Comparison": "Cluster elements in lowest 25%", "Credit Rating Statistics": {"Mean": 0.10598843856153821, "Median": 0.0988307875536088, "1st Quartile": 0.08930481386237853, "3rd Quartile": 0.1190932377567332, "Standard Deviation": 0.024843163701821405}, "Cluster Statistics": {"Mean": 0.07977884017114825, "Median": 0.07977884017114825, "1st Quartile": 0.07977884017114825, "3rd Quartile": 0.07977884017114825, "Standard Deviation": 0.0}}}, {"Efficiency": {"Comparison": "Cluster elements in highest 75%", "Credit Rating Statistics": {"Mean": 0.10040020917609503, "Median": 0.11255538038802815, "1st Quartile": 0.08316211267412114, "3rd Quartile": 0.12371589128403547, "Standard Deviation": 0.0342093564193141}, "Cluster Statistics": {"Mean": 0.1348764021800428, "Median": 0.1348764021800428, "1st Quartile": 0.1348764021800428, "3rd Quartile": 0.1348764021800428, "Standard Deviation": 0.0}}}], "RATING BBB": [{"Leverage": {"Comparison": "Cluster elements in highest 75%", "Credit Rating Statistics": {"Mean": 0.09319466073978834, "Median": 0.09563636296115344, "1st Quartile": 0.08245380249473319, "3rd Quartile": 0.1034377056048901, "Standard Deviation": 0.01877950962043207}, "Cluster Statistics": {"Mean": 0.12945446111373016, "Median": 0.12945446111373016, "1st Quartile": 0.12945446111373016, "3rd Quartile": 0.12945446111373016, "Standard Deviation": 0.0}}}, {"Profitability": {"Comparison": "Cluster elements in lower half", "Credit Rating Statistics": {"Mean": 0.1760321527778622, "Median": 0.18727393876618434, "1st Quartile": 0.13271172341075904, "3rd Quartile": 0.21562626448644953, "Standard Deviation": 0.05697029937094374}, "Cluster Statistics": {"Mean": 0.1333960998437939, "Median": 0.1333960998437939, "1st Quartile": 0.1333960998437939, "3rd Quartile": 0.1333960998437939, "Standard Deviation": 0.0}}}, {"Financial Statement Lines": {"Comparison": "Cluster elements in highest 75%", "Credit Rating Statistics": {"Mean": 0.1292279306648767, "Median": 0.08372399423468455, "1st Quartile": 0.04223574921884174, "3rd Quartile": 0.17801677066673038, "Standard Deviation": 0.12206541354087816}, "Cluster Statistics": {"Mean": 0.5357606261138743, "Median": 0.5357606261138743, "1st Quartile": 0.5357606261138743, "3rd Quartile": 0.5357606261138743, "Standard Deviation": 0.0}}}, {"Liquidity": {"Comparison": "Cluster elements in lowest 25%", "Credit Rating Statistics": {"Mean": 0.14676231744044954, "Median": 0.13102414878834204, "1st Quartile": 0.09582615116782492, "3rd Quartile": 0.159914491623087, "Standard Deviation": 0.08696680367461473}, "Cluster Statistics": {"Mean": 0.06455405679202678, "Median": 0.06455405679202678, "1st Quartile": 0.06455405679202678, "3rd Quartile": 0.06455405679202678, "Standard Deviation": 0.0}}}, {"Efficiency": {"Comparison": "Cluster elements in highest 75%", "Credit Rating Statistics": {"Mean": 0.1359863583246704, "Median": 0.12814038333603586, "1st Quartile": 0.10271460980404298, "3rd Quartile": 0.15790169775708696, "Standard Deviation": 0.058872598515049376}, "Cluster Statistics": {"Mean": 0.33449960617570246, "Median": 0.33449960617570246, "1st Quartile": 0.33449960617570246, "3rd Quartile": 0.33449960617570246, "Standard Deviation": 0.0}}}], "RATING B": [{"Leverage": {"Comparison": "Cluster elements in highest 75%", "Credit Rating Statistics": {"Mean": 0.11276733388985939, "Median": 0.09379630000597902, "1st Quartile": 0.09050977445760575, "3rd Quartile": 0.10116707460025906, "Standard Deviation": 0.042132845145541914}, "Cluster Statistics": {"Mean": 0.2064264860289025, "Median": 0.2064264860289025, "1st Quartile": 0.2064264860289025, "3rd Quartile": 0.2064264860289025,