{"Algorithm Parameters": {"Threshold Value": 9.85, "Braching Factor": 17, "K": 27}, "Algorithm Performance": {"Calinski Harabasz Index": 24851.487001499063}, "Clusters Content Analysis": {"Predictive Power": {"Global": {"Metrics": {"Class: Upgrade": {"Accuracy": 0.4444444444444444, "Precision": 0.5, "Recall": 1.0, "F1-Score": 0.6666666666666666}, "Class: Downgrade": {"Accuracy": 1.0, "Precision": 0.5, "Recall": 0.16666666666666666, "F1-Score": 0.25}}, "Confusion Matrix": {"predicted_down_AND_was_down": 1, "predicted_up_AND_was_up": 4, "predicted_no_change_AND_was_no_change": 22, "predicted_down_BUT_was_up": 0, "predicted_down_BUT_was_no_change": 415, "predicted_no_change_BUT_was_up": 1, "predicted_no_change_BUT_was_down": 0, "predicted_up_BUT_was_down": 5, "predicted_up_BUT_was_no_change": 408}}, "Restricted to jumps to or from below B-": {"Metrics": {"Class: Upgrade": "No element of this class", "Class: Downgrade": "No element of this class"}, "Confusion Matrix": {"predicted_down_AND_was_down": 0, "predicted_up_AND_was_up": 0, "predicted_no_change_AND_was_no_change": 23, "predicted_down_BUT_was_up": 0, "predicted_down_BUT_was_no_change": 416, "predicted_no_change_BUT_was_up": 0, "predicted_no_change_BUT_was_down": 0, "predicted_up_BUT_was_down": 0, "predicted_up_BUT_was_no_change": 417}}}, "Share of total companies in each clusters": [0.002336448598130841, 0.004672897196261682, 0.0011682242990654205, 0.19626168224299065, 0.05724299065420561, 0.0011682242990654205, 0.008177570093457943, 0.008177570093457943, 0.10163551401869159, 0.012850467289719626, 0.0011682242990654205, 0.010514018691588784, 0.21495327102803738, 0.030373831775700934, 0.005841121495327103, 0.038551401869158876, 0.008177570093457943, 0.0011682242990654205, 0.029205607476635514, 0.09929906542056074, 0.01985981308411215, 0.12733644859813084, 0.0035046728971962616, 0.004672897196261682, 0.007009345794392523, 0.002336448598130841, 0.002336448598130841, {"SUM": 0.9999999999999999}], "Clusters with significant ranges (count)": 17, "Significant Clusters (count)": 3, "Cluster Credit Ratings Shares": [{"1.0": 0.5, "9.0": 0.5}, {"1.0": 0.25, "3.0": 0.25, "4.0": 0.25, "8.0": 0.25}, {"2.0": 1.0}, {"2.0": 0.005952380952380952, "5.0": 0.011904761904761904, "6.0": 0.005952380952380952, "7.0": 0.02976190476190476, "8.0": 0.023809523809523808, "9.0": 0.11904761904761904, "10.0": 0.30952380952380953, "11.0": 0.10714285714285714, "12.0": 0.15476190476190477, "13.0": 0.08928571428571429, "14.0": 0.10714285714285714, "15.0": 0.023809523809523808, "16.0": 0.005952380952380952, "17.0": 0.005952380952380952}, {"2.0": 0.02040816326530612, "5.0": 0.02040816326530612, "6.0": 0.04081632653061224, "7.0": 0.16326530612244897, "8.0": 0.2653061224489796, "9.0": 0.30612244897959184, "10.0": 0.061224489795918366, "11.0": 0.061224489795918366, "12.0": 0.02040816326530612, "13.0": 0.04081632653061224}, {"3.0": 1.0}, {"3.0": 0.14285714285714285, "4.0": 0.14285714285714285, "6.0": 0.14285714285714285, "7.0": 0.2857142857142857, "8.0": 0.14285714285714285, "9.0": 0.14285714285714285}, {"3.0": 0.14285714285714285, "5.0": 0.14285714285714285, "7.0": 0.14285714285714285, "8.0": 0.14285714285714285, "9.0": 0.14285714285714285, "11.0": 0.2857142857142857}, {"3.0": 0.011494252873563218, "4.0": 0.011494252873563218, "5.0": 0.011494252873563218, "6.0": 0.04597701149425287, "7.0": 0.11494252873563218, "8.0": 0.21839080459770116, "9.0": 0.1839080459770115, "10.0": 0.21839080459770116, "11.0": 0.06896551724137931, "12.0": 0.04597701149425287, "13.0": 0.04597701149425287, "15.0": 0.011494252873563218, "17.0": 0.011494252873563218}, {"4.0": 0.09090909090909091, "5.0": 0.18181818181818182, "6.0": 0.18181818181818182, "7.0": 0.18181818181818182, "8.0": 0.09090909090909091, "10.0": 0.18181818181818182, "11.0": 0.09090909090909091}, {"4.0": 1.0}, {"4.0": 0.1111111111111111, "6.0": 0.1111111111111111, "7.0": 0.3333333333333333, "8.0": 0.3333333333333333, "9.0": 0.1111111111111111}, {"4.0": 0.005434782608695652, "7.0": 0.016304347826086956, "8.0": 0.005434782608695652, "9.0": 0.23369565217391305, "10.0": 0.03804347826086957, "11.0": 0.05434782608695652, "12.0": 0.15217391304347827, "13.0": 0.14130434782608695, "14.0": 0.16847826086956522, "15.0": 0.09239130434782608, "16.0": 0.07065217391304347, "17.0": 0.021739130434782608}, {"4.0": 0.038461538461538464, "5.0": 0.07692307692307693, "6.0": 0.15384615384615385, "7.0": 0.23076923076923078, "8.0": 0.23076923076923078, "9.0": 0.11538461538461539, "10.0": 0.11538461538461539, "11.0": 0.038461538461538464}, {"4.0": 0.2, "6.0": 0.2, "7.0": 0.2, "8.0": 0.4}, {"4.0": 0.030303030303030304, "5.0": 0.15151515151515152, "6.0": 0.15151515151515152, "7.0": 0.18181818181818182, "8.0": 0.21212121212121213, "9.0": 0.12121212121212122, "10.0": 0.06060606060606061, "11.0": 0.09090909090909091}, {"4.0": 0.14285714285714285, "6.0": 0.14285714285714285, "8.0": 0.14285714285714285, "9.0": 0.42857142857142855, "12.0": 0.14285714285714285}, {"4.0": 1.0}, {"5.0": 0.08, "6.0": 0.16, "7.0": 0.12, "8.0": 0.28, "9.0": 0.2, "10.0": 0.12, "11.0": 0.04}, {"5.0": 0.03529411764705882, "6.0": 0.03529411764705882, "7.0": 0.09411764705882353, "8.0": 0.11764705882352941, "9.0": 0.5176470588235295, "10.0": 0.11764705882352941, "11.0": 0.058823529411764705, "12.0": 0.023529411764705882}, {"5.0": 0.058823529411764705, "6.0": 0.17647058823529413, "7.0": 0.17647058823529413, "8.0": 0.17647058823529413, "9.0": 0.23529411764705882, "10.0": 0.058823529411764705, "11.0": 0.058823529411764705, "12.0": 0.058823529411764705}, {"6.0": 0.03669724770642202, "7.0": 0.07339449541284404, "8.0": 0.1651376146788991, "9.0": 0.22935779816513763, "10.0": 0.13761467889908258, "11.0": 0.11009174311926606, "12.0": 0.09174311926605505, "13.0": 0.06422018348623854, "14.0": 0.06422018348623854, "16.0": 0.009174311926605505, "17.0": 0.01834862385321101}, {"6.0": 0.3333333333333333, "8.0": 0.3333333333333333, "10.0": 0.3333333333333333}, {"6.0": 0.25, "8.0": 0.5, "9.0": 0.25}, {"7.0": 0.6666666666666666, "8.0": 0.3333333333333333}, {"7.0": 0.5, "8.0": 0.5}, {"9.0": 1.0}], "Share of total companies with given credit rating in each cluter": [{"1.0": 0.5, "9.0": 0.005291005291005291}, {"1.0": 0.5, "3.0": 0.2, "4.0": 0.08333333333333333, "8.0": 0.009615384615384616}, {"2.0": 0.3333333333333333}, {"2.0": 0.3333333333333333, "5.0": 0.1, "6.0": 0.02631578947368421, "7.0": 0.06756756756756757, "8.0": 0.038461538461538464, "9.0": 0.10582010582010581, "10.0": 0.4406779661016949, "11.0": 0.2857142857142857, "12.0": 0.3561643835616438, "13.0": 0.2777777777777778, "14.0": 0.32142857142857145, "15.0": 0.18181818181818182, "16.0": 0.06666666666666667, "17.0": 0.125}, {"2.0": 0.3333333333333333, "5.0": 0.05, "6.0": 0.05263157894736842, "7.0": 0.10810810810810811, "8.0": 0.125, "9.0": 0.07936507936507936, "10.0": 0.025423728813559324, "11.0": 0.047619047619047616, "12.0": 0.0136986301369863, "13.0": 0.037037037037037035}, {"3.0": 0.2}, {"3.0": 0.2, "4.0": 0.08333333333333333, "6.0": 0.02631578947368421, "7.0": 0.02702702702702703, "8.0": 0.009615384615384616, "9.0": 0.005291005291005291}, {"3.0": 0.2, "5.0": 0.05, "7.0": 0.013513513513513514, "8.0": 0.009615384615384616, "9.0": 0.005291005291005291, "11.0": 0.031746031746031744}, {"3.0": 0.2, "4.0": 0.08333333333333333, "5.0": 0.05, "6.0": 0.10526315789473684, "7.0": 0.13513513513513514, "8.0": 0.18269230769230768, "9.0": 0.08465608465608465, "10.0": 0.16101694915254236, "11.0": 0.09523809523809523, "12.0": 0.0547945205479452, "13.0": 0.07407407407407407, "15.0": 0.045454545454545456, "17.0": 0.125}, {"4.0": 0.08333333333333333, "5.0": 0.1, "6.0": 0.05263157894736842, "7.0": 0.02702702702702703, "8.0": 0.009615384615384616, "10.0": 0.01694915254237288, "11.0": 0.015873015873015872}, {"4.0": 0.08333333333333333}, {"4.0": 0.08333333333333333, "6.0": 0.02631578947368421, "7.0": 0.04054054054054054, "8.0": 0.028846153846153848, "9.0": 0.005291005291005291}, {"4.0": 0.08333333333333333, "7.0": 0.04054054054054054,