{"Algorithm Parameters": {"Threshold Value": 9.85, "Braching Factor": 57, "K": 2}, "Algorithm Performance": {"Silhouette Score": 0.9386055681321698}, "Clusters Content Analysis": {"Predictive Power": {"Metrics": {"Class: Upgrade": {"Accuracy": 0.625, "Precision": 0.7272727272727273, "Recall": 1.0, "F1-Score": 0.8421052631578948}, "Class: Downgrade": {"Accuracy": 1.0, "Precision": 0.7272727272727273, "Recall": 0.5, "F1-Score": 0.5925925925925926}}, "Confusion Matrix": {"predicted_down_AND_was_down": 3, "predicted_up_AND_was_up": 5, "predicted_no_change_AND_was_no_change": 0, "predicted_down_BUT_was_up": 0, "predicted_down_BUT_was_no_change": 442, "predicted_no_change_BUT_was_up": 0, "predicted_no_change_BUT_was_down": 0, "predicted_up_BUT_was_down": 3, "predicted_up_BUT_was_no_change": 403}}, "Share of total companies in each clusters": [0.005841121495327103, 0.9941588785046729, {"SUM": 1.0}], "Clusters with significant ranges (count)": 2, "Significant Clusters (count)": 1, "Cluster Credit Ratings Shares": [{"1.0": 0.2, "2.0": 0.2, "3.0": 0.2, "4.0": 0.2, "9.0": 0.2}, {"1.0": 0.0011750881316098707, "2.0": 0.0023501762632197414, "3.0": 0.004700352526439483, "4.0": 0.012925969447708578, "5.0": 0.023501762632197415, "6.0": 0.04465334900117509, "7.0": 0.08695652173913043, "8.0": 0.12220916568742655, "9.0": 0.2209165687426557, "10.0": 0.13866039952996476, "11.0": 0.07403055229142186, "12.0": 0.08578143360752057, "13.0": 0.06345475910693302, "14.0": 0.06580493537015276, "15.0": 0.025851938895417155, "16.0": 0.01762632197414806, "17.0": 0.009400705052878966}], "Share of total companies with given credit rating in each cluter": [{"1.0": 0.5, "2.0": 0.3333333333333333, "3.0": 0.2, "4.0": 0.08333333333333333, "9.0": 0.005291005291005291}, {"1.0": 0.5, "2.0": 0.6666666666666666, "3.0": 0.8, "4.0": 0.9166666666666666, "5.0": 1.0, "6.0": 1.0, "7.0": 1.0, "8.0": 1.0, "9.0": 0.9947089947089947, "10.0": 1.0, "11.0": 1.0, "12.0": 1.0, "13.0": 1.0, "14.0": 1.0, "15.0": 1.0, "16.0": 1.0, "17.0": 1.0}], "Cluster ranges": [8.0, 16.0], "Cluster metrics of location and dispersion": [{"Mean": 3.8, "Median": 3.0, "1st Quartile": 2.0, "3rd Quartile": 4.0, "Standard Deviation": 2.785677655436824, "Is Signficant": false}, {"Mean": 9.837837837837839, "Median": 9.0, "1st Quartile": 8.0, "3rd Quartile": 12.0, "Standard Deviation": 2.7371366972080238, "Is Signficant": true}], "Cluster entropies": [2.321928094887362, 3.4253938150210272], "Maximum entropy": 3.4253938150210272, "Weighted average entropy": 3.4189483376837977, "Incoherencies explanations": {"CLUSTER 0": {"RATING 9.0": [{"Leverage": {"Comparison": "Cluster elements in lower half", "Credit Rating Statistics": {"Mean": 12.308439153439155, "Median": 12.82, "1st Quartile": 6.94, "3rd Quartile": 16.200000000000003, "Standard Deviation": 6.252935676491486}, "Cluster Statistics": {"Mean": 12.338297872340428, "Median": 12.82, "1st Quartile": 7.01875, "3rd Quartile": 16.200000000000003, "Standard Deviation": 6.2560912255105725}}}, {"Performance": {"Comparison": "Cluster elements in highest 75%", "Credit Rating Statistics": {"Mean": 46.98010582010582, "Median": 26.7, "1st Quartile": 16.6, "3rd Quartile": 37.2, "Standard Deviation": 107.75001460115749}, "Cluster Statistics": {"Mean": 46.62468085106382, "Median": 26.7, "1st Quartile": 16.6, "3rd Quartile": 35.85, "Standard Deviation": 107.9256481525752}}}, {"Country Risk": {"Comparison": "Cluster elements in lowest 25%", "Credit Rating Statistics": {"Mean": 0.09265962115220593, "Median": 0.10126463110670045, "1st Quartile": 0.0963405581353387, "3rd Quartile": 0.10126463110670045, "Standard Deviation": 0.03561179710936884}, "Cluster Statistics": {"Mean": 0.09261384982266073, "Median": 0.10126463110670045, "1st Quartile": 0.09572237539201818, "3rd Quartile": 0.10126463110670045, "Standard Deviation": 0.03570083865647019}}}, {"Country Diversification": {"Comparison": "Cluster elements in upper half", "Credit Rating Statistics": {"Mean": 0.8826716730436723, "Median": 0.6237033156294504, "1st Quartile": 0.0, "3rd Quartile": 1.5936540238940187, "Standard Deviation": 0.9946986517234709}, "Cluster Statistics": {"Mean": 0.8873667351343303, "Median": 0.623937414338726, "1st Quartile": 0.0, "3rd Quartile": 1.599987531881633, "Standard Deviation": 0.9952497510307919}}}, {"Industry Diversification": {"Comparison": "Cluster elements in upper half", "Credit Rating Statistics": {"Mean": 0.7181607411876776, "Median": 0.626870765649736, "1st Quartile": 0.0, "3rd Quartile": 1.4512341231967891, "Standard Deviation": 0.7796232539334974}, "Cluster Statistics": {"Mean": 0.7138076570400637, "Median": 0.5948842783973496, "1st Quartile": 0.0, "3rd Quartile": 1.4206520706162897, "Standard Deviation": 0.7793997929747992}}}]}, "CLUSTER 1": {"RATING 1.0": [{"Financial Statement Lines": {"Comparison": "Cluster elements in highest 75%", "Credit Rating Statistics": {"Mean": 148178.5, "Median": 148178.5, "1st Quartile": 108476.25, "3rd Quartile": 187880.75, "Standard Deviation": 79404.5}, "Cluster Statistics": {"Mean": 227583.0, "Median": 227583.0, "1st Quartile": 227583.0, "3rd Quartile": 227583.0, "Standard Deviation": 0.0}}}, {"Performance": {"Comparison": "Cluster elements in lowest 25%", "Credit Rating Statistics": {"Mean": 184.05, "Median": 184.05, "1st Quartile": 139.075, "3rd Quartile": 229.025, "Standard Deviation": 89.95}, "Cluster Statistics": {"Mean": 94.1, "Median": 94.1, "1st Quartile": 94.1, "3rd Quartile": 94.1, "Standard Deviation": 0.0}}}, {"Industry Risk": {"Comparison": "Cluster elements in highest 75%", "Credit Rating Statistics": {"Mean": 4.0, "Median": 4.0, "1st Quartile": 3.5, "3rd Quartile": 4.5, "Standard Deviation": 1.0}, "Cluster Statistics": {"Mean": 5.0, "Median": 5.0, "1st Quartile": 5.0, "3rd Quartile": 5.0, "Standard Deviation": 0.0}}}, {"Country Diversification": {"Comparison": "Cluster elements in lowest 25%", "Credit Rating Statistics": {"Mean": 1.310655826242754, "Median": 1.310655826242754, "1st Quartile": 1.1552918451442078, "3rd Quartile": 1.4660198073413002, "Standard Deviation": 0.31072796219709253}, "Cluster Statistics": {"Mean": 0.9999278640456615, "Median": 0.9999278640456615, "1st Quartile": 0.9999278640456615, "3rd Quartile": 0.9999278640456615, "Standard Deviation": 0.0}}}, {"Industry Diversification": {"Comparison": "Cluster elements in highest 75%", "Credit Rating Statistics": {"Mean": 1.2470488165506004, "Median": 1.2470488165506004, "1st Quartile": 1.0936067843412143, "3rd Quartile": 1.4004908487599865, "Standard Deviation": 0.3068840644187722}, "Cluster Statistics": {"Mean": 1.5539328809693727, "Median": 1.5539328809693727, "1st Quartile": 1.5539328809693727, "3rd Quartile": 1.5539328809693727, "Standard Deviation": 0.0}}}], "RATING 2.0": [{"Profitability": {"Comparison": "Cluster elements in highest 75%", "Credit Rating Statistics": {"Mean": 13.120000000000003, "Median": 8.27, "1st Quartile": 5.63, "3rd Quartile": 18.185000000000002, "Standard Deviation": 10.809560583113452}, "Cluster Statistics": {"Mean": 28.1, "Median": 28.1, "1st Quartile": 28.1, "3rd Quartile": 28.1, "Standard Deviation": 0.0}}}, {"Financial Statement Lines": {"Comparison": "Cluster elements in highest 75%", "Credit Rating Statistics": {"Mean": 100016.5, "Median": 14675.95, "1st Quartile": 8335.25, "3rd Quartile": 149027.475, "Standard Deviation": 129760.18722031679}, "Cluster Statistics": {"Mean": 283379.0, "Median": 283379.0, "1st Quartile": 283379.0, "3rd Quartile": 283379.0, "Standard Deviation": 0.0}}}, {"Industry Risk": {"Comparison": "Cluster elements in highest 75%", "Credit Rating Statistics": {"Mean": 1.6666666666666667, "Median": 1.0, "1st Quartile": 0.5, "3rd Quartile": 2.5, "Standard Deviation": 1.699673171197595}, "Cluster Statistics": {"Mean": 4.0, "Median": 4.0, "1st Quartile": 4.0, "3rd Quartile": 4.0, "Standard Deviation": 0.0}}}, {"Country Risk": {"Comparison": "Cluster elements in highest 75%", "Credit Rating Statistics": {"Mean": 0.06184691336871787,