{"Algorithm Parameters": {"K": 7}, "Algorithm Performance": {"WCSS": 18943336650.51441, "Silhouette Score": 0.6601118786116511, "Calinski Harabasz Index": 4594.541153971222}, "Clusters Content Analysis": {"Predictive Power": {"Global": {"Metrics": {"Class: Upgrade": {"Accuracy": 0.4444444444444444, "Precision": 0.45454545454545453, "Recall": 0.8, "F1-Score": 0.5797101449275363}, "Class: Downgrade": {"Accuracy": 0.5, "Precision": 0.45454545454545453, "Recall": 0.16666666666666666, "F1-Score": 0.2439024390243902}}, "Confusion Matrix": {"predicted_down_AND_was_down": 1, "predicted_up_AND_was_up": 4, "predicted_no_change_AND_was_no_change": 2, "predicted_down_BUT_was_up": 1, "predicted_down_BUT_was_no_change": 409, "predicted_no_change_BUT_was_up": 0, "predicted_no_change_BUT_was_down": 0, "predicted_up_BUT_was_down": 5, "predicted_up_BUT_was_no_change": 434}}, "Restricted to jumps to or from below B-": {"Metrics": {"Class: Upgrade": "No element of this class", "Class: Downgrade": "No element of this class"}, "Confusion Matrix": {"predicted_down_AND_was_down": 0, "predicted_up_AND_was_up": 0, "predicted_no_change_AND_was_no_change": 2, "predicted_down_BUT_was_up": 0, "predicted_down_BUT_was_no_change": 411, "predicted_no_change_BUT_was_up": 0, "predicted_no_change_BUT_was_down": 0, "predicted_up_BUT_was_down": 0, "predicted_up_BUT_was_no_change": 443}}}, "Share of total companies in each clusters": [0.004672897196261682, 0.03271028037383177, 0.6156542056074766, 0.2616822429906542, 0.0011682242990654205, 0.07476635514018691, 0.009345794392523364, {"SUM": 0.9999999999999999}], "Clusters with significant ranges (count)": 6, "Significant Clusters (count)": 1, "Cluster Credit Ratings Shares": [{"1.0": 0.25, "2.0": 0.25, "4.0": 0.25, "9.0": 0.25}, {"1.0": 0.03571428571428571, "3.0": 0.07142857142857142, "4.0": 0.10714285714285714, "6.0": 0.10714285714285714, "7.0": 0.21428571428571427, "8.0": 0.25, "9.0": 0.17857142857142858, "12.0": 0.03571428571428571}, {"2.0": 0.0018975332068311196, "3.0": 0.0018975332068311196, "4.0": 0.003795066413662239, "5.0": 0.0056925996204933585, "6.0": 0.017077798861480076, "7.0": 0.04364326375711575, "8.0": 0.07210626185958255, "9.0": 0.1840607210626186, "10.0": 0.16888045540796964, "11.0": 0.08538899430740038, "12.0": 0.12903225806451613, "13.0": 0.0967741935483871, "14.0": 0.1062618595825427, "15.0": 0.03984819734345351, "16.0": 0.028462998102466792, "17.0": 0.015180265654648957}, {"2.0": 0.004464285714285714, "4.0": 0.008928571428571428, "5.0": 0.05357142857142857, "6.0": 0.07142857142857142, "7.0": 0.15178571428571427, "8.0": 0.18303571428571427, "9.0": 0.33482142857142855, "10.0": 0.10267857142857142, "11.0": 0.05803571428571429, "12.0": 0.013392857142857142, "13.0": 0.013392857142857142, "15.0": 0.004464285714285714}, {"3.0": 1.0}, {"3.0": 0.015625, "4.0": 0.046875, "5.0": 0.078125, "6.0": 0.140625, "7.0": 0.15625, "8.0": 0.25, "9.0": 0.140625, "10.0": 0.078125, "11.0": 0.078125, "12.0": 0.015625}, {"4.0": 0.125, "6.0": 0.125, "7.0": 0.125, "8.0": 0.25, "9.0": 0.25, "10.0": 0.125}], "Share of total companies with given credit rating in each cluter": [{"1.0": 0.5, "2.0": 0.3333333333333333, "4.0": 0.08333333333333333, "9.0": 0.005291005291005291}, {"1.0": 0.5, "3.0": 0.4, "4.0": 0.25, "6.0": 0.07894736842105263, "7.0": 0.08108108108108109, "8.0": 0.0673076923076923, "9.0": 0.026455026455026454, "12.0": 0.0136986301369863}, {"2.0": 0.3333333333333333, "3.0": 0.2, "4.0": 0.16666666666666666, "5.0": 0.15, "6.0": 0.23684210526315788, "7.0": 0.3108108108108108, "8.0": 0.36538461538461536, "9.0": 0.5132275132275133, "10.0": 0.7542372881355932, "11.0": 0.7142857142857143, "12.0": 0.9315068493150684, "13.0": 0.9444444444444444, "14.0": 1.0, "15.0": 0.9545454545454546, "16.0": 1.0, "17.0": 1.0}, {"2.0": 0.3333333333333333, "4.0": 0.16666666666666666, "5.0": 0.6, "6.0": 0.42105263157894735, "7.0": 0.4594594594594595, "8.0": 0.3942307692307692, "9.0": 0.3968253968253968, "10.0": 0.19491525423728814, "11.0": 0.20634920634920634, "12.0": 0.0410958904109589, "13.0": 0.05555555555555555, "15.0": 0.045454545454545456}, {"3.0": 0.2}, {"3.0": 0.2, "4.0": 0.25, "5.0": 0.25, "6.0": 0.23684210526315788, "7.0": 0.13513513513513514, "8.0": 0.15384615384615385, "9.0": 0.047619047619047616, "10.0": 0.0423728813559322, "11.0": 0.07936507936507936, "12.0": 0.0136986301369863}, {"4.0": 0.08333333333333333, "6.0": 0.02631578947368421, "7.0": 0.013513513513513514, "8.0": 0.019230769230769232, "9.0": 0.010582010582010581, "10.0": 0.00847457627118644}], "Cluster ranges": [8.0, 11.0, 15.0, 13.0, 0.0, 9.0, 6.0], "Cluster metrics of location and dispersion": [{"Mean": 4.0, "Median": 3.0, "1st Quartile": 1.75, "3rd Quartile": 5.25, "Standard Deviation": 3.082207001484488, "Is Signficant": false}, {"Mean": 6.857142857142857, "Median": 7.0, "1st Quartile": 6.0, "3rd Quartile": 8.0, "Standard Deviation": 2.3101373755423187, "Is Signficant": false}, {"Mean": 10.927893738140417, "Median": 11.0, "1st Quartile": 9.0, "3rd Quartile": 13.0, "Standard Deviation": 2.5900334308207564, "Is Signficant": true}, {"Mean": 8.348214285714286, "Median": 9.0, "1st Quartile": 7.0, "3rd Quartile": 9.0, "Standard Deviation": 1.771348464490559, "Is Signficant": false}, {"Mean": 3.0, "Median": 3.0, "1st Quartile": 3.0, "3rd Quartile": 3.0, "Standard Deviation": 0.0, "Is Signficant": false}, {"Mean": 7.65625, "Median": 8.0, "1st Quartile": 6.0, "3rd Quartile": 9.0, "Standard Deviation": 1.96229099205495, "Is Signficant": false}, {"Mean": 7.625, "Median": 8.0, "1st Quartile": 6.75, "3rd Quartile": 9.0, "Standard Deviation": 1.79843682124227, "Is Signficant": false}], "Cluster entropies": [2.0, 2.725902245718536, 3.3382290577252896, 2.7606060965345214, 0, 2.9709103140576696, 2.5], "Maximum entropy": 3.3382290577252896, "Weighted average entropy": 3.1215957967579095, "Incoherencies explanations": {"CLUSTER 0": {}, "CLUSTER 1": {}, "CLUSTER 2": {}, "CLUSTER 3": {}, "CLUSTER 4": {}, "CLUSTER 5": {}}}}