{"Algorithm Parameters": {"K": 7}, "Algorithm Performance": {"WCSS": 18943336650.51441, "Silhouette Score": 0.6601118786116511, "Calinski Harabasz Index": 4594.541153971222}, "Clusters Content Analysis": {"Predictive Power": {"Global": {"Metrics": {"Class: Upgrade": {"Accuracy": 0.42857142857142855, "Precision": 0.45454545454545453, "Recall": 0.6, "F1-Score": 0.5172413793103449}, "Class: Downgrade": {"Accuracy": 0.5, "Precision": 0.45454545454545453, "Recall": 0.3333333333333333, "F1-Score": 0.3846153846153846}}, "Confusion Matrix": {"predicted_down_AND_was_down": 2, "predicted_up_AND_was_up": 3, "predicted_no_change_AND_was_no_change": 2, "predicted_down_BUT_was_up": 2, "predicted_down_BUT_was_no_change": 429, "predicted_no_change_BUT_was_up": 0, "predicted_no_change_BUT_was_down": 0, "predicted_up_BUT_was_down": 4, "predicted_up_BUT_was_no_change": 414}}, "Restricted to jumps to or from below B-": {"Metrics": {"Class: Upgrade": "No element of this class", "Class: Downgrade": "No element of this class"}, "Confusion Matrix": {"predicted_down_AND_was_down": 0, "predicted_up_AND_was_up": 0, "predicted_no_change_AND_was_no_change": 2, "predicted_down_BUT_was_up": 0, "predicted_down_BUT_was_no_change": 433, "predicted_no_change_BUT_was_up": 0, "predicted_no_change_BUT_was_down": 0, "predicted_up_BUT_was_down": 0, "predicted_up_BUT_was_no_change": 421}}}, "Share of total companies in each clusters": [0.004672897196261682, 0.04672897196261682, 0.572429906542056, 0.2558411214953271, 0.0011682242990654205, 0.09462616822429906, 0.02453271028037383, {"SUM": 0.9999999999999999}], "Clusters with significant ranges (count)": 6, "Significant Clusters (count)": 1, "Cluster Credit Ratings Shares": [{"1.0": 0.25, "2.0": 0.25, "4.0": 0.25, "9.0": 0.25}, {"1.0": 0.025, "3.0": 0.05, "4.0": 0.125, "5.0": 0.05, "6.0": 0.15, "7.0": 0.2, "8.0": 0.25, "9.0": 0.075, "10.0": 0.05, "11.0": 0.025}, {"2.0": 0.0020408163265306124, "4.0": 0.0020408163265306124, "5.0": 0.006122448979591836, "6.0": 0.014285714285714285, "7.0": 0.036734693877551024, "8.0": 0.05714285714285714, "9.0": 0.18775510204081633, "10.0": 0.1673469387755102, "11.0": 0.08979591836734693, "12.0": 0.1326530612244898, "13.0": 0.1, "14.0": 0.11428571428571428, "15.0": 0.04285714285714286, "16.0": 0.030612244897959183, "17.0": 0.0163265306122449}, {"2.0": 0.0045662100456621, "3.0": 0.0045662100456621, "4.0": 0.0091324200913242, "5.0": 0.0273972602739726, "6.0": 0.0547945205479452, "7.0": 0.136986301369863, "8.0": 0.1963470319634703, "9.0": 0.3378995433789954, "10.0": 0.1232876712328767, "11.0": 0.0502283105022831, "12.0": 0.0273972602739726, "13.0": 0.0228310502283105, "15.0": 0.0045662100456621}, {"3.0": 1.0}, {"3.0": 0.012345679012345678, "4.0": 0.012345679012345678, "5.0": 0.1111111111111111, "6.0": 0.13580246913580246, "7.0": 0.16049382716049382, "8.0": 0.2222222222222222, "9.0": 0.1728395061728395, "10.0": 0.07407407407407407, "11.0": 0.08641975308641975, "12.0": 0.012345679012345678}, {"4.0": 0.09523809523809523, "6.0": 0.09523809523809523, "7.0": 0.23809523809523808, "8.0": 0.23809523809523808, "9.0": 0.23809523809523808, "10.0": 0.047619047619047616, "12.0": 0.047619047619047616}], "Share of total companies with given credit rating in each cluter": [{"1.0": 0.5, "2.0": 0.3333333333333333, "4.0": 0.08333333333333333, "9.0": 0.005291005291005291}, {"1.0": 0.5, "3.0": 0.4, "4.0": 0.4166666666666667, "5.0": 0.1, "6.0": 0.15789473684210525, "7.0": 0.10810810810810811, "8.0": 0.09615384615384616, "9.0": 0.015873015873015872, "10.0": 0.01694915254237288, "11.0": 0.015873015873015872}, {"2.0": 0.3333333333333333, "4.0": 0.08333333333333333, "5.0": 0.15, "6.0": 0.18421052631578946, "7.0": 0.24324324324324326, "8.0": 0.2692307692307692, "9.0": 0.48677248677248675, "10.0": 0.6949152542372882, "11.0": 0.6984126984126984, "12.0": 0.8904109589041096, "13.0": 0.9074074074074074, "14.0": 1.0, "15.0": 0.9545454545454546, "16.0": 1.0, "17.0": 1.0}, {"2.0": 0.3333333333333333, "3.0": 0.2, "4.0": 0.16666666666666666, "5.0": 0.3, "6.0": 0.3157894736842105, "7.0": 0.40540540540540543, "8.0": 0.41346153846153844, "9.0": 0.3915343915343915, "10.0": 0.2288135593220339, "11.0": 0.1746031746031746, "12.0": 0.0821917808219178, "13.0": 0.09259259259259259, "15.0": 0.045454545454545456}, {"3.0": 0.2}, {"3.0": 0.2, "4.0": 0.08333333333333333, "5.0": 0.45, "6.0": 0.2894736842105263, "7.0": 0.17567567567567569, "8.0": 0.17307692307692307, "9.0": 0.07407407407407407, "10.0": 0.05084745762711865, "11.0": 0.1111111111111111, "12.0": 0.0136986301369863}, {"4.0": 0.16666666666666666, "6.0": 0.05263157894736842, "7.0": 0.06756756756756757, "8.0": 0.04807692307692308, "9.0": 0.026455026455026454, "10.0": 0.00847457627118644, "12.0": 0.0136986301369863}], "Cluster ranges": [8.0, 10.0, 15.0, 13.0, 0.0, 9.0, 8.0], "Cluster metrics of location and dispersion": [{"Mean": 4.0, "Median": 3.0, "1st Quartile": 1.75, "3rd Quartile": 5.25, "Standard Deviation": 3.082207001484488, "Is Signficant": false}, {"Mean": 6.675, "Median": 7.0, "1st Quartile": 5.75, "3rd Quartile": 8.0, "Standard Deviation": 2.114089638591514, "Is Signficant": false}, {"Mean": 11.095918367346938, "Median": 11.0, "1st Quartile": 9.0, "3rd Quartile": 13.0, "Standard Deviation": 2.5404851845519483, "Is Signficant": true}, {"Mean": 8.575342465753424, "Median": 9.0, "1st Quartile": 8.0, "3rd Quartile": 9.0, "Standard Deviation": 1.792305789349172, "Is Signficant": false}, {"Mean": 3.0, "Median": 3.0, "1st Quartile": 3.0, "3rd Quartile": 3.0, "Standard Deviation": 0.0, "Is Signficant": false}, {"Mean": 7.753086419753086, "Median": 8.0, "1st Quartile": 6.0, "3rd Quartile": 9.0, "Standard Deviation": 1.8956145893994305, "Is Signficant": false}, {"Mean": 7.714285714285714, "Median": 8.0, "1st Quartile": 7.0, "3rd Quartile": 9.0, "Standard Deviation": 1.8032472598820466, "Is Signficant": false}], "Cluster entropies": [2.0, 2.944588496642341, 3.2990838450998914, 2.778804857627856, 0, 2.905138057855939, 2.543321164525882], "Maximum entropy": 3.2990838450998914, "Weighted average entropy": 3.0836668398674245, "Incoherencies explanations": {"CLUSTER 0": {}, "CLUSTER 1": {}, "CLUSTER 2": {}, "CLUSTER 3": {}, "CLUSTER 4": {}, "CLUSTER 5": {}}}}