{"Algorithm Parameters": {"C": 5}, "Algorithm Performance": {"WCSS": 44187009320.792564, "Silhouette Score": 0.6515422102057067, "Calinski Harabasz Index": 2818.371208454018}, "Clusters Content Analysis": {"Predictive Power": {"Global": {"Metrics": {"Class: Upgrade": {"Accuracy": 0.4444444444444444, "Precision": 0.45454545454545453, "Recall": 0.8, "F1-Score": 0.5797101449275363}, "Class: Downgrade": {"Accuracy": 0.5, "Precision": 0.45454545454545453, "Recall": 0.16666666666666666, "F1-Score": 0.2439024390243902}}, "Confusion Matrix": {"predicted_down_AND_was_down": 1, "predicted_up_AND_was_up": 4, "predicted_no_change_AND_was_no_change": 0, "predicted_down_BUT_was_up": 1, "predicted_down_BUT_was_no_change": 425, "predicted_no_change_BUT_was_up": 0, "predicted_no_change_BUT_was_down": 0, "predicted_up_BUT_was_down": 5, "predicted_up_BUT_was_no_change": 420}}, "Restricted to jumps to or from below B-": {"Metrics": {"Class: Upgrade": "No element of this class", "Class: Downgrade": "No element of this class"}, "Confusion Matrix": {"predicted_down_AND_was_down": 0, "predicted_up_AND_was_up": 0, "predicted_no_change_AND_was_no_change": 0, "predicted_down_BUT_was_up": 0, "predicted_down_BUT_was_no_change": 427, "predicted_no_change_BUT_was_up": 0, "predicted_no_change_BUT_was_down": 0, "predicted_up_BUT_was_down": 0, "predicted_up_BUT_was_no_change": 429}}}, "Share of total companies in each clusters": [0.005841121495327103, 0.029205607476635514, 0.6261682242990654, 0.2651869158878505, 0.07359813084112149, {"SUM": 1.0}], "Clusters with significant ranges (count)": 5, "Significant Clusters (count)": 1, "Cluster Credit Ratings Shares": [{"1.0": 0.2, "2.0": 0.2, "3.0": 0.2, "4.0": 0.2, "9.0": 0.2}, {"1.0": 0.04, "3.0": 0.04, "4.0": 0.12, "6.0": 0.08, "7.0": 0.2, "8.0": 0.24, "9.0": 0.2, "10.0": 0.04, "12.0": 0.04}, {"2.0": 0.0018656716417910447, "3.0": 0.0018656716417910447, "4.0": 0.0037313432835820895, "5.0": 0.005597014925373134, "6.0": 0.016791044776119403, "7.0": 0.04664179104477612, "8.0": 0.07276119402985075, "9.0": 0.1884328358208955, "10.0": 0.16977611940298507, "11.0": 0.08395522388059702, "12.0": 0.12686567164179105, "13.0": 0.09514925373134328, "14.0": 0.1044776119402985, "15.0": 0.03917910447761194, "16.0": 0.027985074626865673, "17.0": 0.014925373134328358}, {"2.0": 0.004405286343612335, "4.0": 0.00881057268722467, "5.0": 0.05286343612334802, "6.0": 0.08370044052863436, "7.0": 0.14537444933920704, "8.0": 0.1894273127753304, "9.0": 0.32599118942731276, "10.0": 0.09251101321585903, "11.0": 0.06167400881057269, "12.0": 0.01762114537444934, "13.0": 0.013215859030837005, "15.0": 0.004405286343612335}, {"3.0": 0.031746031746031744, "4.0": 0.06349206349206349, "5.0": 0.07936507936507936, "6.0": 0.12698412698412698, "7.0": 0.1746031746031746, "8.0": 0.25396825396825395, "9.0": 0.12698412698412698, "10.0": 0.07936507936507936, "11.0": 0.06349206349206349}], "Share of total companies with given credit rating in each cluter": [{"1.0": 0.5, "2.0": 0.3333333333333333, "3.0": 0.2, "4.0": 0.08333333333333333, "9.0": 0.005291005291005291}, {"1.0": 0.5, "3.0": 0.2, "4.0": 0.25, "6.0": 0.05263157894736842, "7.0": 0.06756756756756757, "8.0": 0.057692307692307696, "9.0": 0.026455026455026454, "10.0": 0.00847457627118644, "12.0": 0.0136986301369863}, {"2.0": 0.3333333333333333, "3.0": 0.2, "4.0": 0.16666666666666666, "5.0": 0.15, "6.0": 0.23684210526315788, "7.0": 0.33783783783783783, "8.0": 0.375, "9.0": 0.5343915343915344, "10.0": 0.7711864406779662, "11.0": 0.7142857142857143, "12.0": 0.9315068493150684, "13.0": 0.9444444444444444, "14.0": 1.0, "15.0": 0.9545454545454546, "16.0": 1.0, "17.0": 1.0}, {"2.0": 0.3333333333333333, "4.0": 0.16666666666666666, "5.0": 0.6, "6.0": 0.5, "7.0": 0.44594594594594594, "8.0": 0.41346153846153844, "9.0": 0.3915343915343915, "10.0": 0.17796610169491525, "11.0": 0.2222222222222222, "12.0": 0.0547945205479452, "13.0": 0.05555555555555555, "15.0": 0.045454545454545456}, {"3.0": 0.4, "4.0": 0.3333333333333333, "5.0": 0.25, "6.0": 0.21052631578947367, "7.0": 0.14864864864864866, "8.0": 0.15384615384615385, "9.0": 0.042328042328042326, "10.0": 0.0423728813559322, "11.0": 0.06349206349206349}], "Cluster ranges": [8.0, 11.0, 15.0, 13.0, 8.0], "Cluster metrics of location and dispersion": [{"Mean": 3.8, "Median": 3.0, "1st Quartile": 2.0, "3rd Quartile": 4.0, "Standard Deviation": 2.785677655436824, "Is Signficant": false}, {"Mean": 7.12, "Median": 8.0, "1st Quartile": 6.0, "3rd Quartile": 9.0, "Standard Deviation": 2.371834732859775, "Is Signficant": false}, {"Mean": 10.889925373134329, "Median": 10.0, "1st Quartile": 9.0, "3rd Quartile": 13.0, "Standard Deviation": 2.588185555952813, "Is Signficant": true}, {"Mean": 8.330396475770925, "Median": 9.0, "1st Quartile": 7.0, "3rd Quartile": 9.0, "Standard Deviation": 1.7960066622684585, "Is Signficant": false}, {"Mean": 7.396825396825397, "Median": 8.0, "1st Quartile": 6.0, "3rd Quartile": 9.0, "Standard Deviation": 1.964281705944283, "Is Signficant": false}], "Cluster entropies": [2.321928094887362, 2.8244984515601628, 3.33357346053377, 2.7898937097536134, 2.9412001020096956], "Maximum entropy": 3.33357346053377, "Weighted average entropy": 3.1397417700353065, "Incoherencies explanations": {"CLUSTER 0": {}, "CLUSTER 1": {}, "CLUSTER 2": {}, "CLUSTER 3": {}, "CLUSTER 4": {}}}}