{"Algorithm Parameters": {"Threshold Value": 0.1, "Braching Factor": 67, "K": 2}, "Algorithm Performance": {"Silhouette Score": 0.3538938159212314}, "Clusters Content Analysis": {"Predictive Power": {"Global": {"Metrics": {"Class: Upgrade": "No element of this class", "Class: Downgrade": "No element of this class"}, "Confusion Matrix": {"predicted_down_AND_was_down": 0, "predicted_up_AND_was_up": 0, "predicted_no_change_AND_was_no_change": 0, "predicted_down_BUT_was_up": 0, "predicted_down_BUT_was_no_change": 42, "predicted_no_change_BUT_was_up": 0, "predicted_no_change_BUT_was_down": 0, "predicted_up_BUT_was_down": 0, "predicted_up_BUT_was_no_change": 47}}, "Restricted to jumps to or from below B-": {"Metrics": {"Class: Upgrade": "No element of this class", "Class: Downgrade": "No element of this class"}, "Confusion Matrix": {"predicted_down_AND_was_down": 0, "predicted_up_AND_was_up": 0, "predicted_no_change_AND_was_no_change": 0, "predicted_down_BUT_was_up": 0, "predicted_down_BUT_was_no_change": 42, "predicted_no_change_BUT_was_up": 0, "predicted_no_change_BUT_was_down": 0, "predicted_up_BUT_was_down": 0, "predicted_up_BUT_was_no_change": 47}}}, "Share of total companies in each clusters": [0.797752808988764, 0.20224719101123595, {"SUM": 1.0}], "Clusters with significant ranges (count)": 2, "Significant Clusters (count)": 2, "Cluster Credit Ratings Shares": [{"A": 0.014084507042253521, "A-": 0.04225352112676056, "BBB+": 0.056338028169014086, "BBB-": 0.1267605633802817, "B+": 0.18309859154929578, "AA": 0.014084507042253521, "AA-": 0.028169014084507043, "BBB": 0.056338028169014086, "BB+": 0.056338028169014086, "BB": 0.056338028169014086, "BB-": 0.09859154929577464, "B": 0.16901408450704225, "B-": 0.056338028169014086, "CCC": 0.04225352112676056}, {"BBB-": 0.1111111111111111, "AA-": 0.1111111111111111, "A+": 0.05555555555555555, "A": 0.05555555555555555, "A-": 0.1111111111111111, "BBB+": 0.2222222222222222, "BBB": 0.05555555555555555, "BB+": 0.05555555555555555, "BB": 0.05555555555555555, "B+": 0.1111111111111111, "B": 0.05555555555555555}], "Share of total companies with given credit rating in each cluter": [{"A": 0.5, "A-": 0.6, "BBB+": 0.5, "BBB-": 0.8181818181818182, "B+": 0.8666666666666667, "AA": 1.0, "AA-": 0.5, "BBB": 0.8, "BB+": 0.8, "BB": 0.8, "BB-": 1.0, "B": 0.9230769230769231, "B-": 1.0, "CCC": 1.0}, {"BBB-": 0.18181818181818182, "AA-": 0.5, "A+": 1.0, "A": 0.5, "A-": 0.4, "BBB+": 0.5, "BBB": 0.2, "BB+": 0.2, "BB": 0.2, "B+": 0.13333333333333333, "B": 0.07692307692307693}], "Cluster ranges": [15.0, 11.0], "Cluster metrics of location and dispersion": [{"Mean": 12.098591549295774, "Median": 13.0, "1st Quartile": 10.0, "3rd Quartile": 15.0, "Standard Deviation": 3.353177721679544, "Is Signficant": true}, {"Mean": 8.88888888888889, "Median": 8.0, "1st Quartile": 7.0, "3rd Quartile": 10.75, "Standard Deviation": 3.2298759674996957, "Is Signficant": true}], "Cluster entropies": [3.4621999249103292, 3.2810361125534233], "Maximum entropy": 3.4621999249103292, "Weighted average entropy": 3.425560052748258, "Incoherencies explanations": {"CLUSTER 0": {"RATING BBB+": [{"Leverage": {"Comparison": "Cluster elements in lowest 25%", "Credit Rating Statistics": {"Mean": 0.14108578628711077, "Median": 0.10882423366860386, "1st Quartile": 0.10200239934940465, "3rd Quartile": 0.14886859460252322, "Standard Deviation": 0.0721289531853811}, "Cluster Statistics": {"Mean": 0.09873233065225218, "Median": 0.09709139331175451, "1st Quartile": 0.08297028559636739, "3rd Quartile": 0.11285343836763928, "Standard Deviation": 0.019587858806156246}}}, {"Profitability": {"Comparison": "Cluster elements in lower half", "Credit Rating Statistics": {"Mean": 0.4256290078455394, "Median": 0.402358236775878, "1st Quartile": 0.36856749713415465, "3rd Quartile": 0.4977313284630392, "Standard Deviation": 0.06058848044650233}, "Cluster Statistics": {"Mean": 0.38341501497597386, "Median": 0.38013933583253945, "1st Quartile": 0.36665175439799386, "3rd Quartile": 0.3969025964105194, "Standard Deviation": 0.020685215435445898}}}, {"Financial Statement Lines": {"Comparison": "Cluster elements in highest 75%", "Credit Rating Statistics": {"Mean": 0.15867753053095696, "Median": 0.14731413028768803, "1st Quartile": 0.12246293902865946, "3rd Quartile": 0.17736745789841488, "Standard Deviation": 0.04908973766369435}, "Cluster Statistics": {"Mean": 0.19000088466861487, "Median": 0.18598056659019727, "1st Quartile": 0.15815744036748983, "3rd Quartile": 0.21782401089132233, "Standard Deviation": 0.04952877117473975}}}, {"Liquidity": {"Comparison": "Cluster elements in upper half", "Credit Rating Statistics": {"Mean": 0.12075239777163113, "Median": 0.09305769496785218, "1st Quartile": 0.07831543786120873, "3rd Quartile": 0.13393214306280765, "Standard Deviation": 0.0744297844674037}, "Cluster Statistics": {"Mean": 0.11963961495114564, "Median": 0.11078743682157333, "1st Quartile": 0.09649490870991131, "3rd Quartile": 0.13393214306280765, "Standard Deviation": 0.032129202476321395}}}, {"Efficiency": {"Comparison": "Cluster elements in upper half", "Credit Rating Statistics": {"Mean": 0.2458562153143136, "Median": 0.19061292744608882, "1st Quartile": 0.17063609757828488, "3rd Quartile": 0.31654924865730205, "Standard Deviation": 0.11581017383953501}, "Cluster Statistics": {"Mean": 0.3010730203536382, "Median": 0.2699079825028118, "1st Quartile": 0.192893667943477, "3rd Quartile": 0.37808733491297297, "Standard Deviation": 0.12495047861334446}}}]}, "CLUSTER 1": {}}}}