{"Algorithm Parameters": {"Threshold Value": 0.1, "Braching Factor": 2, "K": 2}, "Algorithm Performance": {"Calinski Harabasz Index": 41.993361121608096}, "Clusters Content Analysis": {"Predictive Power": {"Global": {"Metrics": {"Class: Upgrade": "No element of this class", "Class: Downgrade": "No element of this class"}, "Confusion Matrix": {"predicted_down_AND_was_down": 0, "predicted_up_AND_was_up": 0, "predicted_no_change_AND_was_no_change": 0, "predicted_down_BUT_was_up": 0, "predicted_down_BUT_was_no_change": 41, "predicted_no_change_BUT_was_up": 0, "predicted_no_change_BUT_was_down": 0, "predicted_up_BUT_was_down": 0, "predicted_up_BUT_was_no_change": 48}}, "Restricted to jumps to or from below B-": {"Metrics": {"Class: Upgrade": "No element of this class", "Class: Downgrade": "No element of this class"}, "Confusion Matrix": {"predicted_down_AND_was_down": 0, "predicted_up_AND_was_up": 0, "predicted_no_change_AND_was_no_change": 0, "predicted_down_BUT_was_up": 0, "predicted_down_BUT_was_no_change": 41, "predicted_no_change_BUT_was_up": 0, "predicted_no_change_BUT_was_down": 0, "predicted_up_BUT_was_down": 0, "predicted_up_BUT_was_no_change": 48}}}, "Share of total companies in each clusters": [0.6741573033707865, 0.3258426966292135, {"SUM": 1.0}], "Clusters with significant ranges (count)": 2, "Significant Clusters (count)": 2, "Cluster Credit Ratings Shares": [{"A": 0.016666666666666666, "A-": 0.05, "BBB+": 0.05, "BBB-": 0.13333333333333333, "B+": 0.15, "AA": 0.016666666666666666, "AA-": 0.03333333333333333, "BBB": 0.06666666666666667, "BB+": 0.06666666666666667, "BB": 0.06666666666666667, "BB-": 0.1, "B": 0.15, "B-": 0.06666666666666667, "CCC": 0.03333333333333333}, {"BBB-": 0.10344827586206896, "AA-": 0.06896551724137931, "A+": 0.034482758620689655, "A": 0.034482758620689655, "A-": 0.06896551724137931, "BBB+": 0.1724137931034483, "BBB": 0.034482758620689655, "BB+": 0.034482758620689655, "BB": 0.034482758620689655, "BB-": 0.034482758620689655, "B+": 0.20689655172413793, "B": 0.13793103448275862, "CCC": 0.034482758620689655}], "Share of total companies with given credit rating in each cluter": [{"A": 0.5, "A-": 0.6, "BBB+": 0.375, "BBB-": 0.7272727272727273, "B+": 0.6, "AA": 1.0, "AA-": 0.5, "BBB": 0.8, "BB+": 0.8, "BB": 0.8, "BB-": 0.8571428571428571, "B": 0.6923076923076923, "B-": 1.0, "CCC": 0.6666666666666666}, {"BBB-": 0.2727272727272727, "AA-": 0.5, "A+": 1.0, "A": 0.5, "A-": 0.4, "BBB+": 0.625, "BBB": 0.2, "BB+": 0.2, "BB": 0.2, "BB-": 0.14285714285714285, "B+": 0.4, "B": 0.3076923076923077, "CCC": 0.3333333333333333}], "Cluster ranges": [15.0, 14.0], "Cluster metrics of location and dispersion": [{"Mean": 11.816666666666666, "Median": 12.5, "1st Quartile": 10.0, "3rd Quartile": 14.25, "Standard Deviation": 3.4082823957073876, "Is Signficant": true}, {"Mean": 10.689655172413794, "Median": 10.0, "1st Quartile": 8.0, "3rd Quartile": 14.0, "Standard Deviation": 3.7701499858197542, "Is Signficant": true}], "Cluster entropies": [3.5389205950315934, 3.345073995785255], "Maximum entropy": 3.5389205950315934, "Weighted average entropy": 3.475757096400764, "Incoherencies explanations": {"CLUSTER 0": {}, "CLUSTER 1": {"RATING B+": [{"Leverage": {"Comparison": "Cluster elements in lower half", "Credit Rating Statistics": {"Mean": 0.13460622943012748, "Median": 0.14073235398451572, "1st Quartile": 0.09998390520877534, "3rd Quartile": 0.1526994009829998, "Standard Deviation": 0.03168420562638999}, "Cluster Statistics": {"Mean": 0.13498028027745604, "Median": 0.14015620774054255, "1st Quartile": 0.10513460558035581, "3rd Quartile": 0.14942735932769108, "Standard Deviation": 0.03621131029179822}}}, {"Profitability": {"Comparison": "Cluster elements in lower half", "Credit Rating Statistics": {"Mean": 0.5738236693664795, "Median": 0.5765892010183498, "1st Quartile": 0.5016865874059678, "3rd Quartile": 0.6188665475177852, "Standard Deviation": 0.09093666297871944}, "Cluster Statistics": {"Mean": 0.5603584484519071, "Median": 0.5828625976678328, "1st Quartile": 0.5044539436981509, "3rd Quartile": 0.6087957715690988, "Standard Deviation": 0.0600366153223401}}}, {"Financial Statement Lines": {"Comparison": "Cluster elements in lower half", "Credit Rating Statistics": {"Mean": 0.106248428539555, "Median": 0.10594583862814749, "1st Quartile": 0.1048166173180144, "3rd Quartile": 0.10751630486280049, "Standard Deviation": 0.00213955044810845}, "Cluster Statistics": {"Mean": 0.1052098848155671, "Median": 0.10547771016520366, "1st Quartile": 0.10490190587980884, "3rd Quartile": 0.10585661883953794, "Standard Deviation": 0.0012958966447410897}}}, {"Liquidity": {"Comparison": "Cluster elements in upper half", "Credit Rating Statistics": {"Mean": 0.07986722647821416, "Median": 0.07290162747732251, "1st Quartile": 0.06390376372157328, "3rd Quartile": 0.09306913950655546, "Standard Deviation": 0.02754279446509726}, "Cluster Statistics": {"Mean": 0.0784818007238804, "Median": 0.06841750821470104, "1st Quartile": 0.057179086828300724, "3rd Quartile": 0.09330711519178153, "Standard Deviation": 0.03020609950073377}}}, {"Efficiency": {"Comparison": "Cluster elements in upper half", "Credit Rating Statistics": {"Mean": 0.1747859788945859, "Median": 0.11052753617593149, "1st Quartile": 0.09588332745032072, "3rd Quartile": 0.2030689189182978, "Standard Deviation": 0.13888114694279685}, "Cluster Statistics": {"Mean": 0.19833519823750545, "Median": 0.11002515318361909, "1st Quartile": 0.0956269969358187, "3rd Quartile": 0.18051494658638192, "Standard Deviation": 0.18817127324073551}}}]}}}}