{"Algorithm Parameters": {"Eps": 23.6, "MinPts": 1, "K": 58}, "Algorithm Performance": {"Calinski Harabasz Index": 19340983.171}, "Clusters Content Analysis": {"Predictive Power": {"Global": {"Metrics": {"Class: Upgrade": "No element of this class", "Class: Downgrade": "No element of this class"}, "Confusion Matrix": {"predicted_down_AND_was_down": 0, "predicted_up_AND_was_up": 0, "predicted_no_change_AND_was_no_change": 57, "predicted_down_BUT_was_up": 0, "predicted_down_BUT_was_no_change": 1, "predicted_no_change_BUT_was_up": 0, "predicted_no_change_BUT_was_down": 0, "predicted_up_BUT_was_down": 0, "predicted_up_BUT_was_no_change": 1}}, "Restricted to jumps to or from below B-": {"Metrics": {"Class: Upgrade": "No element of this class", "Class: Downgrade": "No element of this class"}, "Confusion Matrix": {"predicted_down_AND_was_down": 0, "predicted_up_AND_was_up": 0, "predicted_no_change_AND_was_no_change": 57, "predicted_down_BUT_was_up": 0, "predicted_down_BUT_was_no_change": 1, "predicted_no_change_BUT_was_up": 0, "predicted_no_change_BUT_was_down": 0, "predicted_up_BUT_was_down": 0, "predicted_up_BUT_was_no_change": 1}}}, "Share of total companies in each clusters": [0.01694915254237288, 0.01694915254237288, 0.01694915254237288, 0.01694915254237288, 0.01694915254237288, 0.01694915254237288, 0.01694915254237288, 0.01694915254237288, 0.01694915254237288, 0.01694915254237288, 0.01694915254237288, 0.01694915254237288, 0.01694915254237288, 0.01694915254237288, 0.01694915254237288, 0.01694915254237288, 0.01694915254237288, 0.01694915254237288, 0.01694915254237288, 0.01694915254237288, 0.01694915254237288, 0.01694915254237288, 0.01694915254237288, 0.01694915254237288, 0.01694915254237288, 0.01694915254237288, 0.01694915254237288, 0.01694915254237288, 0.01694915254237288, 0.01694915254237288, 0.01694915254237288, 0.01694915254237288, 0.01694915254237288, 0.03389830508474576, 0.01694915254237288, 0.01694915254237288, 0.01694915254237288, 0.01694915254237288, 0.01694915254237288, 0.01694915254237288, 0.01694915254237288, 0.01694915254237288, 0.01694915254237288, 0.01694915254237288, 0.01694915254237288, 0.01694915254237288, 0.01694915254237288, 0.01694915254237288, 0.01694915254237288, 0.01694915254237288, 0.01694915254237288, 0.01694915254237288, 0.01694915254237288, 0.01694915254237288, 0.01694915254237288, 0.01694915254237288, 0.01694915254237288, 0.01694915254237288, {"SUM": 0.999999999999999}], "Clusters with significant ranges (count)": 0, "Significant Clusters (count)": 0, "Cluster Credit Ratings Shares": [{"AA": 1.0}, {"AA-": 1.0}, {"AA-": 1.0}, {"AA-": 1.0}, {"AA-": 1.0}, {"A+": 1.0}, {"A": 1.0}, {"A-": 1.0}, {"A-": 1.0}, {"A-": 1.0}, {"A-": 1.0}, {"BBB+": 1.0}, {"BBB+": 1.0}, {"BBB+": 1.0}, {"BBB+": 1.0}, {"BBB+": 1.0}, {"BBB+": 1.0}, {"BBB": 1.0}, {"BBB": 1.0}, {"BBB": 1.0}, {"BBB": 1.0}, {"BBB": 1.0}, {"BBB-": 1.0}, {"BBB-": 1.0}, {"BBB-": 1.0}, {"BBB-": 1.0}, {"BBB-": 1.0}, {"BBB-": 1.0}, {"BBB-": 1.0}, {"BBB-": 1.0}, {"BB+": 1.0}, {"BB+": 1.0}, {"BB+": 1.0}, {"BB": 0.5, "B+": 0.5}, {"BB": 1.0}, {"BB": 1.0}, {"BB-": 1.0}, {"BB-": 1.0}, {"BB-": 1.0}, {"BB-": 1.0}, {"BB-": 1.0}, {"BB-": 1.0}, {"B+": 1.0}, {"B+": 1.0}, {"B+": 1.0}, {"B+": 1.0}, {"B+": 1.0}, {"B+": 1.0}, {"B+": 1.0}, {"B+": 1.0}, {"B+": 1.0}, {"B": 1.0}, {"B": 1.0}, {"B": 1.0}, {"B": 1.0}, {"B": 1.0}, {"B": 1.0}, {"B": 1.0}], "Share of total companies with given credit rating in each cluter": [{"AA": 1.0}, {"AA-": 0.25}, {"AA-": 0.25}, {"AA-": 0.25}, {"AA-": 0.25}, {"A+": 1.0}, {"A": 1.0}, {"A-": 0.25}, {"A-": 0.25}, {"A-": 0.25}, {"A-": 0.25}, {"BBB+": 0.16666666666666666}, {"BBB+": 0.16666666666666666}, {"BBB+": 0.16666666666666666}, {"BBB+": 0.16666666666666666}, {"BBB+": 0.16666666666666666}, {"BBB+": 0.16666666666666666}, {"BBB": 0.2}, {"BBB": 0.2}, {"BBB": 0.2}, {"BBB": 0.2}, {"BBB": 0.2}, {"BBB-": 0.125}, {"BBB-": 0.125}, {"BBB-": 0.125}, {"BBB-": 0.125}, {"BBB-": 0.125}, {"BBB-": 0.125}, {"BBB-": 0.125}, {"BBB-": 0.125}, {"BB+": 0.3333333333333333}, {"BB+": 0.3333333333333333}, {"BB+": 0.3333333333333333}, {"BB": 0.3333333333333333, "B+": 0.1}, {"BB": 0.3333333333333333}, {"BB": 0.3333333333333333}, {"BB-": 0.16666666666666666}, {"BB-": 0.16666666666666666}, {"BB-": 0.16666666666666666}, {"BB-": 0.16666666666666666}, {"BB-": 0.16666666666666666}, {"BB-": 0.16666666666666666}, {"B+": 0.1}, {"B+": 0.1}, {"B+": 0.1}, {"B+": 0.1}, {"B+": 0.1}, {"B+": 0.1}, {"B+": 0.1}, {"B+": 0.1}, {"B+": 0.1}, {"B": 0.14285714285714285}, {"B": 0.14285714285714285}, {"B": 0.14285714285714285}, {"B": 0.14285714285714285}, {"B": 0.14285714285714285}, {"B": 0.14285714285714285}, {"B": 0.14285714285714285}], "Cluster ranges": [0.0, 0.0, 0.0, 0.0, 0.0, 0.0, 0.0, 0.0, 0.0, 0.0, 0.0, 0.0, 0.0, 0.0, 0.0, 0.0, 0.0, 0.0, 0.0, 0.0, 0.0, 0.0, 0.0, 0.0, 0.0, 0.0, 0.0, 0.0, 0.0, 0.0, 0.0, 0.0, 0.0, 2.0, 0.0, 0.0, 0.0, 0.0, 0.0, 0.0, 0.0, 0.0, 0.0, 0.0, 0.0, 0.0, 0.0, 0.0, 0.0, 0.0, 0.0, 0.0, 0.0, 0.0, 0.0, 0.0, 0.0, 0.0], "Cluster metrics of location and dispersion": [{"Mean": 3.0, "Median": 3.0, "1st Quartile": 3.0, "3rd Quartile": 3.0, "Standard Deviation": 0.0, "Is Signficant": false}, {"Mean": 4.0, "Median": 4.0, "1st Quartile": 4.0, "3rd Quartile": 4.0, "Standard Deviation": 0.0, "Is Signficant": false}, {"Mean": 4.0, "Median": 4.0, "1st Quartile": 4.0, "3rd Quartile": 4.0, "Standard Deviation": 0.0, "Is Signficant": false}, {"Mean": 4.0, "Median": 4.0, "1st Quartile": 4.0, "3rd Quartile": 4.0, "Standard Deviation": 0.0, "Is Signficant": false}, {"Mean": 4.0, "Median": 4.0, "1st Quartile": 4.0, "3rd Quartile": 4.0, "Standard Deviation": 0.0, "Is Signficant": false}, {"Mean": 5.0, "Median": 5.0, "1st Quartile": 5.0, "3rd Quartile": 5.0, "Standard Deviation": 0.0, "Is Signficant": false}, {"Mean": 6.0, "Median": 6.0, "1st Quartile": 6.0, "3rd Quartile": 6.0, "Standard Deviation": 0.0, "Is Signficant": false}, {"Mean": 7.0, "Median": 7.0, "1st Quartile": 7.0, "3rd Quartile": 7.0, "Standard Deviation": 0.0, "Is Signficant": false}, {"Mean": 7.0, "Median": 7.0, "1st Quartile": 7.0, "3rd Quartile": 7.0, "Standard Deviation": 0.0, "Is Signficant": false}, {"Mean": 7.0, "Median": 7.0, "1st Quartile": 7.0, "3rd Quartile": 7.0, "Standard Deviation": 0.0, "Is Signficant": false}, {"Mean": 7.0, "Median": 7.0, "1st Quartile": 7.0, "3rd Quartile": 7.0, "Standard Deviation": 0.0, "Is Signficant": false}, {"Mean": 8.0, "Median": 8.0, "1st Quartile": 8.0, "3rd Quartile": 8.0, "Standard Deviation": 0.0, "Is Signficant": false}, {"Mean": 8.0, "Median": 8.0, "1st Quartile": 8.0, "3rd Quartile": 8.0, "Standard Deviation": 0.0, "Is Signficant": false}, {"Mean": 8.0, "Median": 8.0, "1st Quartile": 8.0, "3rd Quartile": 8.0, "Standard Deviation": 0.0, "Is Signficant": false}, {"Mean": 8.0, "Median": 8.0, "1st Quartile": 8.0, "3rd Quartile": 8.0, "Standard Deviation": 0.0, "Is Signficant": false}, {"Mean": 8.0, "Median": 8.0, "1st Quartile": 8.0, "3rd Quartile": 8.0, "Standard Deviation": 0.0, "Is Signficant": false}, {"Mean": 8.0, "Median": 8.0, "1st Quartile": 8.0, "3rd Quartile": 8.0, "Standard Deviation": 0.0, "Is Signficant": false}, {"Mean": 9.0, "Median": 9.0, "1st Quartile": 9.0, "3rd Quartile": 9.0, "Standard Deviation": 0.0, "Is Signficant": false}, {"Mean": 9.0, "Median": 9.0, "1st Quartile": 9.0, "3rd Quartile": 9.0, "Standard Deviation": 0.0, "Is Signficant": false}, {"Mean": 9.0, "Median": 9.0, "1st Quartile": 9.0, "3rd Quartile": 9.0, "Standard Deviation": 0.0, "Is Signficant": false}, {"Mean": 9.0, "Median": 9.0, "1st Quartile": 9.0, "3rd Quartile": 9.0, "Standard Deviation": 0.0, "Is Signficant": false}, {"Mean": 9.0, "Median": 9.0, "1st Quartile": 9.0, "3rd Quartile": 9.0, "Standard Deviation": 0.0, "Is Signficant": false}, {"Mean": 10.0, "Median": 10.0, "1st Quartile": 10.0, "3rd Quartile": 10.0, "Standard Deviation": 0.0, "Is Signficant": false}, {"Mean": 10.0, "Median": 10.0, "1st Quartile": 10.0, "3rd Quartile": 10.0, "Standard Deviation": 0.0, "Is Signficant": false}, {"Mean": 10.0, "Median": 10.0,