{"Algorithm Parameters": {"K": 17}, "Algorithm Performance": {"WCSS": 2295971256.175683, "Silhouette Score": 0.57201455237007, "Calinski Harabasz Index": 14161.07479392517}, "Clusters Content Analysis": {"Predictive Power": {"Global": {"Metrics": {"Class: Upgrade": {"Accuracy": 0.4444444444444444, "Precision": 0.45454545454545453, "Recall": 0.8, "F1-Score": 0.5797101449275363}, "Class: Downgrade": {"Accuracy": 0.5, "Precision": 0.45454545454545453, "Recall": 0.16666666666666666, "F1-Score": 0.2439024390243902}}, "Confusion Matrix": {"predicted_down_AND_was_down": 1, "predicted_up_AND_was_up": 4, "predicted_no_change_AND_was_no_change": 3, "predicted_down_BUT_was_up": 1, "predicted_down_BUT_was_no_change": 411, "predicted_no_change_BUT_was_up": 0, "predicted_no_change_BUT_was_down": 0, "predicted_up_BUT_was_down": 5, "predicted_up_BUT_was_no_change": 431}}, "Restricted to jumps to or from below B-": {"Metrics": {"Class: Upgrade": "No element of this class", "Class: Downgrade": "No element of this class"}, "Confusion Matrix": {"predicted_down_AND_was_down": 0, "predicted_up_AND_was_up": 0, "predicted_no_change_AND_was_no_change": 3, "predicted_down_BUT_was_up": 0, "predicted_down_BUT_was_no_change": 413, "predicted_no_change_BUT_was_up": 0, "predicted_no_change_BUT_was_down": 0, "predicted_up_BUT_was_down": 0, "predicted_up_BUT_was_no_change": 440}}}, "Share of total companies in each clusters": [0.0035046728971962616, 0.012850467289719626, 0.0011682242990654205, 0.35630841121495327, 0.05957943925233645, 0.0011682242990654205, 0.012850467289719626, 0.035046728971962614, 0.11448598130841121, 0.014018691588785047, 0.017523364485981307, 0.04205607476635514, 0.0011682242990654205, 0.1822429906542056, 0.1308411214953271, 0.005841121495327103, 0.009345794392523364, {"SUM": 0.9999999999999999}], "Clusters with significant ranges (count)": 12, "Significant Clusters (count)": 2, "Cluster Credit Ratings Shares": [{"1.0": 0.3333333333333333, "4.0": 0.3333333333333333, "9.0": 0.3333333333333333}, {"1.0": 0.09090909090909091, "3.0": 0.09090909090909091, "4.0": 0.18181818181818182, "6.0": 0.09090909090909091, "8.0": 0.18181818181818182, "9.0": 0.2727272727272727, "12.0": 0.09090909090909091}, {"2.0": 1.0}, {"2.0": 0.003278688524590164, "4.0": 0.003278688524590164, "6.0": 0.003278688524590164, "7.0": 0.019672131147540985, "8.0": 0.003278688524590164, "9.0": 0.18688524590163935, "10.0": 0.15737704918032788, "11.0": 0.07213114754098361, "12.0": 0.15737704918032788, "13.0": 0.12131147540983607, "14.0": 0.14754098360655737, "15.0": 0.06557377049180328, "16.0": 0.04590163934426229, "17.0": 0.013114754098360656}, {"2.0": 0.0196078431372549, "4.0": 0.0196078431372549, "5.0": 0.09803921568627451, "6.0": 0.11764705882352941, "7.0": 0.13725490196078433, "8.0": 0.21568627450980393, "9.0": 0.17647058823529413, "10.0": 0.09803921568627451, "11.0": 0.09803921568627451, "13.0": 0.0196078431372549}, {"3.0": 1.0}, {"3.0": 0.09090909090909091, "4.0": 0.09090909090909091, "6.0": 0.18181818181818182, "7.0": 0.18181818181818182, "8.0": 0.2727272727272727, "9.0": 0.18181818181818182}, {"3.0": 0.03333333333333333, "5.0": 0.06666666666666667, "6.0": 0.13333333333333333, "7.0": 0.13333333333333333, "8.0": 0.26666666666666666, "9.0": 0.2, "10.0": 0.1, "11.0": 0.06666666666666667}, {"3.0": 0.01020408163265306, "4.0": 0.01020408163265306, "5.0": 0.01020408163265306, "6.0": 0.04081632653061224, "7.0": 0.12244897959183673, "8.0": 0.23469387755102042, "9.0": 0.1836734693877551, "10.0": 0.22448979591836735, "11.0": 0.061224489795918366, "12.0": 0.04081632653061224, "13.0": 0.04081632653061224, "15.0": 0.01020408163265306, "17.0": 0.01020408163265306}, {"4.0": 0.16666666666666666, "5.0": 0.08333333333333333, "6.0": 0.25, "7.0": 0.16666666666666666, "8.0": 0.16666666666666666, "10.0": 0.08333333333333333, "11.0": 0.08333333333333333}, {"4.0": 0.06666666666666667, "5.0": 0.13333333333333333, "6.0": 0.06666666666666667, "7.0": 0.26666666666666666, "8.0": 0.26666666666666666, "9.0": 0.06666666666666667, "10.0": 0.06666666666666667, "11.0": 0.06666666666666667}, {"4.0": 0.027777777777777776, "5.0": 0.08333333333333333, "6.0": 0.16666666666666666, "7.0": 0.2222222222222222, "8.0": 0.19444444444444445, "9.0": 0.16666666666666666, "10.0": 0.05555555555555555, "11.0": 0.05555555555555555, "12.0": 0.027777777777777776}, {"4.0": 1.0}, {"5.0": 0.01282051282051282, "6.0": 0.02564102564102564, "7.0": 0.0641025641025641, "8.0": 0.14102564102564102, "9.0": 0.1987179487179487, "10.0": 0.16666666666666666, "11.0": 0.11538461538461539, "12.0": 0.10256410256410256, "13.0": 0.07051282051282051, "14.0": 0.07051282051282051, "15.0": 0.00641025641025641, "16.0": 0.00641025641025641, "17.0": 0.019230769230769232}, {"5.0": 0.03571428571428571, "6.0": 0.044642857142857144, "7.0": 0.125, "8.0": 0.15178571428571427, "9.0": 0.4732142857142857, "10.0": 0.08035714285714286, "11.0": 0.05357142857142857, "12.0": 0.026785714285714284, "13.0": 0.008928571428571428}, {"6.0": 0.2, "8.0": 0.2, "9.0": 0.4, "10.0": 0.2}, {"7.0": 0.625, "8.0": 0.375}], "Share of total companies with given credit rating in each cluter": [{"1.0": 0.5, "4.0": 0.08333333333333333, "9.0": 0.005291005291005291}, {"1.0": 0.5, "3.0": 0.2, "4.0": 0.16666666666666666, "6.0": 0.02631578947368421, "8.0": 0.019230769230769232, "9.0": 0.015873015873015872, "12.0": 0.0136986301369863}, {"2.0": 0.3333333333333333}, {"2.0": 0.3333333333333333, "4.0": 0.08333333333333333, "6.0": 0.02631578947368421, "7.0": 0.08108108108108109, "8.0": 0.009615384615384616, "9.0": 0.30158730158730157, "10.0": 0.4067796610169492, "11.0": 0.3492063492063492, "12.0": 0.6575342465753424, "13.0": 0.6851851851851852, "14.0": 0.8035714285714286, "15.0": 0.9090909090909091, "16.0": 0.9333333333333333, "17.0": 0.5}, {"2.0": 0.3333333333333333, "4.0": 0.08333333333333333, "5.0": 0.25, "6.0": 0.15789473684210525, "7.0": 0.0945945945945946, "8.0": 0.10576923076923077, "9.0": 0.047619047619047616, "10.0": 0.0423728813559322, "11.0": 0.07936507936507936, "13.0": 0.018518518518518517}, {"3.0": 0.2}, {"3.0": 0.2, "4.0": 0.08333333333333333, "6.0": 0.05263157894736842, "7.0": 0.02702702702702703, "8.0": 0.028846153846153848, "9.0": 0.010582010582010581}, {"3.0": 0.2, "5.0": 0.1, "6.0": 0.10526315789473684, "7.0": 0.05405405405405406, "8.0": 0.07692307692307693, "9.0": 0.031746031746031744, "10.0": 0.025423728813559324, "11.0": 0.031746031746031744}, {"3.0": 0.2, "4.0": 0.08333333333333333, "5.0": 0.05, "6.0": 0.10526315789473684, "7.0": 0.16216216216216217, "8.0": 0.22115384615384615, "9.0": 0.09523809523809523, "10.0": 0.1864406779661017, "11.0": 0.09523809523809523, "12.0": 0.0547945205479452, "13.0": 0.07407407407407407, "15.0": 0.045454545454545456, "17.0": 0.125}, {"4.0": 0.16666666666666666, "5.0": 0.05, "6.0": 0.07894736842105263, "7.0": 0.02702702702702703, "8.0": 0.019230769230769232, "10.0": 0.00847457627118644, "11.0": 0.015873015873015872}, {"4.0": 0.08333333333333333, "5.0": 0.1, "6.0": 0.02631578947368421, "7.0": 0.05405405405405406, "8.0": 0.038461538461538464, "9.0": 0.005291005291005291, "10.0": 0.00847457627118644, "11.0": 0.015873015873015872}, {"4.0": 0.08333333333333333, "5.0": 0.15, "6.0": 0.15789473684210525, "7.0": 0.10810810810810811, "8.0": 0.0673076923076923, "9.0": 0.031746031746031744, "10.0": 0.01694915254237288, "11.0": 0.031746031746031744, "12.0": 0.0136986301369863}, {"4.0": 0.08333333333333333}, {"5.0": 0.1, "6.0": 0.10526315789473684, "7.0": 0.13513513513513514, "8.0": 0.21153846153846154, "9.0": 0.164021164021164, "10.0": 0.22033898305084745, "11.0": 0.2857142857142857, "12.0": 0.2191780821917808, "13.0": 0.2037037037037037, "14.0": 0.19642857142857142, "15.0": 0.045454545454545456, "16.0": 0.06666666666666667, "17.0": 0.375}, {"5.0": 0.2, "6.0": 0.13157894736842105, "7.0": 0.1891891891891892, "8.0": 0.16346153846153846, "9.0": 0.2804232804232804, "10.0": 0.07627118644067797, "11.0": 0.09523809523809523, "12.0": 0.0410958904109589,