{"Algorithm Parameters": {"C": 17}, "Algorithm Performance": {"WCSS": 25550146772.201725, "Silhouette Score": 0.5554957864551817, "Calinski Harabasz Index": 1444.5730939216432}, "Clusters Content Analysis": {"Predictive Power": {"Global": {"Metrics": {"Class: Upgrade": {"Accuracy": 0.5, "Precision": 0.5454545454545454, "Recall": 1.0, "F1-Score": 0.7058823529411764}, "Class: Downgrade": {"Accuracy": 1.0, "Precision": 0.5454545454545454, "Recall": 0.16666666666666666, "F1-Score": 0.2553191489361702}}, "Confusion Matrix": {"predicted_down_AND_was_down": 1, "predicted_up_AND_was_up": 5, "predicted_no_change_AND_was_no_change": 1, "predicted_down_BUT_was_up": 0, "predicted_down_BUT_was_no_change": 414, "predicted_no_change_BUT_was_up": 0, "predicted_no_change_BUT_was_down": 0, "predicted_up_BUT_was_down": 5, "predicted_up_BUT_was_no_change": 430}}, "Restricted to jumps to or from below B-": {"Metrics": {"Class: Upgrade": "No element of this class", "Class: Downgrade": "No element of this class"}, "Confusion Matrix": {"predicted_down_AND_was_down": 0, "predicted_up_AND_was_up": 0, "predicted_no_change_AND_was_no_change": 1, "predicted_down_BUT_was_up": 0, "predicted_down_BUT_was_no_change": 415, "predicted_no_change_BUT_was_up": 0, "predicted_no_change_BUT_was_down": 0, "predicted_up_BUT_was_down": 0, "predicted_up_BUT_was_no_change": 440}}}, "Share of total companies in each clusters": [0.005841121495327103, 0.018691588785046728, 0.16238317757009346, 0.04906542056074766, 0.028037383177570093, 0.08294392523364486, 0.029205607476635514, 0.21378504672897197, 0.04439252336448598, 0.036214953271028034, 0.015186915887850467, 0.0011682242990654205, 0.09929906542056074, 0.09462616822429906, 0.09462616822429906, 0.007009345794392523, 0.017523364485981307, {"SUM": 1.0}], "Clusters with significant ranges (count)": 15, "Significant Clusters (count)": 4, "Cluster Credit Ratings Shares": [{"1.0": 0.2, "2.0": 0.2, "3.0": 0.2, "4.0": 0.2, "9.0": 0.2}, {"1.0": 0.0625, "3.0": 0.125, "4.0": 0.125, "6.0": 0.125, "7.0": 0.125, "8.0": 0.25, "9.0": 0.1875}, {"2.0": 0.007194244604316547, "6.0": 0.007194244604316547, "7.0": 0.03597122302158273, "8.0": 0.014388489208633094, "9.0": 0.11510791366906475, "10.0": 0.31654676258992803, "11.0": 0.11510791366906475, "12.0": 0.1510791366906475, "13.0": 0.09352517985611511, "14.0": 0.1079136690647482, "15.0": 0.02877697841726619, "16.0": 0.007194244604316547}, {"2.0": 0.023809523809523808, "5.0": 0.023809523809523808, "6.0": 0.047619047619047616, "7.0": 0.16666666666666666, "8.0": 0.2619047619047619, "9.0": 0.2857142857142857, "10.0": 0.047619047619047616, "11.0": 0.07142857142857142, "12.0": 0.023809523809523808, "13.0": 0.047619047619047616}, {"3.0": 0.041666666666666664, "5.0": 0.125, "6.0": 0.041666666666666664, "7.0": 0.125, "8.0": 0.2916666666666667, "9.0": 0.125, "10.0": 0.125, "11.0": 0.125}, {"3.0": 0.014084507042253521, "4.0": 0.014084507042253521, "6.0": 0.028169014084507043, "7.0": 0.15492957746478872, "8.0": 0.2535211267605634, "9.0": 0.19718309859154928, "10.0": 0.2112676056338028, "11.0": 0.028169014084507043, "12.0": 0.04225352112676056, "13.0": 0.04225352112676056, "15.0": 0.014084507042253521}, {"4.0": 0.12, "5.0": 0.08, "6.0": 0.16, "7.0": 0.24, "8.0": 0.24, "9.0": 0.04, "10.0": 0.08, "11.0": 0.04}, {"4.0": 0.00546448087431694, "7.0": 0.01639344262295082, "8.0": 0.00546448087431694, "9.0": 0.23497267759562843, "10.0": 0.03825136612021858, "11.0": 0.04918032786885246, "12.0": 0.15300546448087432, "13.0": 0.14207650273224043, "14.0": 0.16939890710382513, "15.0": 0.09289617486338798, "16.0": 0.07103825136612021, "17.0": 0.02185792349726776}, {"4.0": 0.02631578947368421, "5.0": 0.10526315789473684, "6.0": 0.15789473684210525, "7.0": 0.18421052631578946, "8.0": 0.23684210526315788, "9.0": 0.10526315789473684, "10.0": 0.10526315789473684, "11.0": 0.07894736842105263}, {"4.0": 0.03225806451612903, "5.0": 0.12903225806451613, "6.0": 0.16129032258064516, "7.0": 0.25806451612903225, "8.0": 0.16129032258064516, "9.0": 0.16129032258064516, "10.0": 0.06451612903225806, "11.0": 0.03225806451612903}, {"4.0": 0.07692307692307693, "6.0": 0.07692307692307693, "7.0": 0.38461538461538464, "8.0": 0.23076923076923078, "9.0": 0.15384615384615385, "12.0": 0.07692307692307693}, {"4.0": 1.0}, {"5.0": 0.023529411764705882, "6.0": 0.047058823529411764, "7.0": 0.03529411764705882, "8.0": 0.15294117647058825, "9.0": 0.17647058823529413, "10.0": 0.17647058823529413, "11.0": 0.11764705882352941, "12.0": 0.10588235294117647, "13.0": 0.07058823529411765, "14.0": 0.07058823529411765, "17.0": 0.023529411764705882}, {"5.0": 0.037037037037037035, "6.0": 0.037037037037037035, "7.0": 0.08641975308641975, "8.0": 0.09876543209876543, "9.0": 0.5555555555555556, "10.0": 0.09876543209876543, "11.0": 0.06172839506172839, "12.0": 0.024691358024691357}, {"5.0": 0.012345679012345678, "6.0": 0.024691358024691357, "7.0": 0.07407407407407407, "8.0": 0.14814814814814814, "9.0": 0.2222222222222222, "10.0": 0.18518518518518517, "11.0": 0.1111111111111111, "12.0": 0.08641975308641975, "13.0": 0.04938271604938271, "14.0": 0.04938271604938271, "16.0": 0.012345679012345678, "17.0": 0.024691358024691357}, {"6.0": 0.16666666666666666, "8.0": 0.3333333333333333, "9.0": 0.3333333333333333, "10.0": 0.16666666666666666}, {"6.0": 0.26666666666666666, "7.0": 0.06666666666666667, "8.0": 0.2, "9.0": 0.3333333333333333, "11.0": 0.06666666666666667, "12.0": 0.06666666666666667}], "Share of total companies with given credit rating in each cluter": [{"1.0": 0.5, "2.0": 0.3333333333333333, "3.0": 0.2, "4.0": 0.08333333333333333, "9.0": 0.005291005291005291}, {"1.0": 0.5, "3.0": 0.4, "4.0": 0.16666666666666666, "6.0": 0.05263157894736842, "7.0": 0.02702702702702703, "8.0": 0.038461538461538464, "9.0": 0.015873015873015872}, {"2.0": 0.3333333333333333, "6.0": 0.02631578947368421, "7.0": 0.06756756756756757, "8.0": 0.019230769230769232, "9.0": 0.08465608465608465, "10.0": 0.3728813559322034, "11.0": 0.25396825396825395, "12.0": 0.2876712328767123, "13.0": 0.24074074074074073, "14.0": 0.26785714285714285, "15.0": 0.18181818181818182, "16.0": 0.06666666666666667}, {"2.0": 0.3333333333333333, "5.0": 0.05, "6.0": 0.05263157894736842, "7.0": 0.0945945945945946, "8.0": 0.10576923076923077, "9.0": 0.06349206349206349, "10.0": 0.01694915254237288, "11.0": 0.047619047619047616, "12.0": 0.0136986301369863, "13.0": 0.037037037037037035}, {"3.0": 0.2, "5.0": 0.15, "6.0": 0.02631578947368421, "7.0": 0.04054054054054054, "8.0": 0.0673076923076923, "9.0": 0.015873015873015872, "10.0": 0.025423728813559324, "11.0": 0.047619047619047616}, {"3.0": 0.2, "4.0": 0.08333333333333333, "6.0": 0.05263157894736842, "7.0": 0.14864864864864866, "8.0": 0.17307692307692307, "9.0": 0.07407407407407407, "10.0": 0.1271186440677966, "11.0": 0.031746031746031744, "12.0": 0.0410958904109589, "13.0": 0.05555555555555555, "15.0": 0.045454545454545456}, {"4.0": 0.25, "5.0": 0.1, "6.0": 0.10526315789473684, "7.0": 0.08108108108108109, "8.0": 0.057692307692307696, "9.0": 0.005291005291005291, "10.0": 0.01694915254237288, "11.0": 0.015873015873015872}, {"4.0": 0.08333333333333333, "7.0": 0.04054054054054054, "8.0": 0.009615384615384616, "9.0": 0.2275132275132275, "10.0": 0.059322033898305086, "11.0": 0.14285714285714285, "12.0": 0.3835616438356164, "13.0": 0.48148148148148145, "14.0": 0.5535714285714286, "15.0": 0.7727272727272727, "16.0": 0.8666666666666667, "17.0": 0.5}, {"4.0": 0.08333333333333333, "5.0": 0.2, "6.0": 0.15789473684210525, "7.0": 0.0945945945945946, "8.0": 0.08653846153846154, "9.0": 0.021164021164021163, "10.0": 0.03389830508474576, "11.0": 0.047619047619047616}, {"4.0": 0.08333333333333333, "5.0": 0.2, "6.0": 0.13157894736842105, "7.0": 0.10810810810810811, "8.0": 0.04807692307692308, "9.0": 0.026455026455026454, "10.0": 0.01694915254237288, "11.0": 0.015873015873015872}, {"4.0": 0.08333333333333333, "6.0": 0.02631578947368421, "7.0": 0.06756756756756757, "8.0": 0.028846153846153848, "9.0": 0.010582010582010581,