{"Algorithm Parameters": {"K": 17}, "Algorithm Performance": {"WCSS": 5864065028.084314, "Silhouette Score": 0.6473121077167966, "Calinski Harabasz Index": 5507.036167098981}, "Clusters Content Analysis": {"Predictive Power": {"Global": {"Metrics": {"Class: Upgrade": {"Accuracy": 0.42857142857142855, "Precision": 0.45454545454545453, "Recall": 0.6, "F1-Score": 0.5172413793103449}, "Class: Downgrade": {"Accuracy": 0.5, "Precision": 0.45454545454545453, "Recall": 0.3333333333333333, "F1-Score": 0.3846153846153846}}, "Confusion Matrix": {"predicted_down_AND_was_down": 2, "predicted_up_AND_was_up": 3, "predicted_no_change_AND_was_no_change": 9, "predicted_down_BUT_was_up": 2, "predicted_down_BUT_was_no_change": 432, "predicted_no_change_BUT_was_up": 0, "predicted_no_change_BUT_was_down": 0, "predicted_up_BUT_was_down": 4, "predicted_up_BUT_was_no_change": 404}}, "Restricted to jumps to or from below B-": {"Metrics": {"Class: Upgrade": "No element of this class", "Class: Downgrade": "No element of this class"}, "Confusion Matrix": {"predicted_down_AND_was_down": 0, "predicted_up_AND_was_up": 0, "predicted_no_change_AND_was_no_change": 9, "predicted_down_BUT_was_up": 0, "predicted_down_BUT_was_no_change": 436, "predicted_no_change_BUT_was_up": 0, "predicted_no_change_BUT_was_down": 0, "predicted_up_BUT_was_down": 0, "predicted_up_BUT_was_no_change": 411}}}, "Share of total companies in each clusters": [0.0011682242990654205, 0.010514018691588784, 0.0011682242990654205, 0.572429906542056, 0.2546728971962617, 0.0011682242990654205, 0.012850467289719626, 0.0911214953271028, 0.03387850467289719, 0.0011682242990654205, 0.0011682242990654205, 0.002336448598130841, 0.009345794392523364, 0.002336448598130841, 0.0011682242990654205, 0.0011682242990654205, 0.002336448598130841, {"SUM": 0.9999999999999998}], "Clusters with significant ranges (count)": 6, "Significant Clusters (count)": 1, "Cluster Credit Ratings Shares": [{"1.0": 1.0}, {"1.0": 0.1111111111111111, "3.0": 0.1111111111111111, "4.0": 0.2222222222222222, "6.0": 0.1111111111111111, "8.0": 0.2222222222222222, "9.0": 0.1111111111111111, "12.0": 0.1111111111111111}, {"2.0": 1.0}, {"2.0": 0.0020408163265306124, "4.0": 0.0020408163265306124, "5.0": 0.006122448979591836, "6.0": 0.014285714285714285, "7.0": 0.036734693877551024, "8.0": 0.05714285714285714, "9.0": 0.18775510204081633, "10.0": 0.1673469387755102, "11.0": 0.08979591836734693, "12.0": 0.1326530612244898, "13.0": 0.1, "14.0": 0.11428571428571428, "15.0": 0.04285714285714286, "16.0": 0.030612244897959183, "17.0": 0.0163265306122449}, {"2.0": 0.0045871559633027525, "3.0": 0.0045871559633027525, "4.0": 0.009174311926605505, "5.0": 0.027522935779816515, "6.0": 0.05045871559633028, "7.0": 0.13761467889908258, "8.0": 0.19724770642201836, "9.0": 0.3394495412844037, "10.0": 0.12385321100917432, "11.0": 0.05045871559633028, "12.0": 0.027522935779816515, "13.0": 0.022935779816513763, "15.0": 0.0045871559633027525}, {"3.0": 1.0}, {"3.0": 0.09090909090909091, "4.0": 0.09090909090909091, "6.0": 0.18181818181818182, "7.0": 0.18181818181818182, "8.0": 0.2727272727272727, "9.0": 0.18181818181818182}, {"3.0": 0.01282051282051282, "4.0": 0.01282051282051282, "5.0": 0.10256410256410256, "6.0": 0.15384615384615385, "7.0": 0.16666666666666666, "8.0": 0.23076923076923078, "9.0": 0.16666666666666666, "10.0": 0.07692307692307693, "11.0": 0.0641025641025641, "12.0": 0.01282051282051282}, {"4.0": 0.10344827586206896, "5.0": 0.10344827586206896, "6.0": 0.13793103448275862, "7.0": 0.20689655172413793, "8.0": 0.20689655172413793, "9.0": 0.06896551724137931, "10.0": 0.06896551724137931, "11.0": 0.10344827586206896}, {"4.0": 1.0}, {"4.0": 1.0}, {"6.0": 0.5, "10.0": 0.5}, {"7.0": 0.5, "8.0": 0.25, "9.0": 0.25}, {"7.0": 0.5, "8.0": 0.5}, {"8.0": 1.0}, {"9.0": 1.0}, {"9.0": 1.0}], "Share of total companies with given credit rating in each cluter": [{"1.0": 0.5}, {"1.0": 0.5, "3.0": 0.2, "4.0": 0.16666666666666666, "6.0": 0.02631578947368421, "8.0": 0.019230769230769232, "9.0": 0.005291005291005291, "12.0": 0.0136986301369863}, {"2.0": 0.3333333333333333}, {"2.0": 0.3333333333333333, "4.0": 0.08333333333333333, "5.0": 0.15, "6.0": 0.18421052631578946, "7.0": 0.24324324324324326, "8.0": 0.2692307692307692, "9.0": 0.48677248677248675, "10.0": 0.6949152542372882, "11.0": 0.6984126984126984, "12.0": 0.8904109589041096, "13.0": 0.9074074074074074, "14.0": 1.0, "15.0": 0.9545454545454546, "16.0": 1.0, "17.0": 1.0}, {"2.0": 0.3333333333333333, "3.0": 0.2, "4.0": 0.16666666666666666, "5.0": 0.3, "6.0": 0.2894736842105263, "7.0": 0.40540540540540543, "8.0": 0.41346153846153844, "9.0": 0.3915343915343915, "10.0": 0.2288135593220339, "11.0": 0.1746031746031746, "12.0": 0.0821917808219178, "13.0": 0.09259259259259259, "15.0": 0.045454545454545456}, {"3.0": 0.2}, {"3.0": 0.2, "4.0": 0.08333333333333333, "6.0": 0.05263157894736842, "7.0": 0.02702702702702703, "8.0": 0.028846153846153848, "9.0": 0.010582010582010581}, {"3.0": 0.2, "4.0": 0.08333333333333333, "5.0": 0.4, "6.0": 0.3157894736842105, "7.0": 0.17567567567567569, "8.0": 0.17307692307692307, "9.0": 0.06878306878306878, "10.0": 0.05084745762711865, "11.0": 0.07936507936507936, "12.0": 0.0136986301369863}, {"4.0": 0.25, "5.0": 0.15, "6.0": 0.10526315789473684, "7.0": 0.08108108108108109, "8.0": 0.057692307692307696, "9.0": 0.010582010582010581, "10.0": 0.01694915254237288, "11.0": 0.047619047619047616}, {"4.0": 0.08333333333333333}, {"4.0": 0.08333333333333333}, {"6.0": 0.02631578947368421, "10.0": 0.00847457627118644}, {"7.0": 0.05405405405405406, "8.0": 0.019230769230769232, "9.0": 0.010582010582010581}, {"7.0": 0.013513513513513514, "8.0": 0.009615384615384616}, {"8.0": 0.009615384615384616}, {"9.0": 0.005291005291005291}, {"9.0": 0.010582010582010581}], "Cluster ranges": [0.0, 11.0, 0.0, 15.0, 13.0, 0.0, 6.0, 9.0, 7.0, 0.0, 0.0, 4.0, 2.0, 1.0, 0.0, 0.0, 0.0], "Cluster metrics of location and dispersion": [{"Mean": 1.0, "Median": 1.0, "1st Quartile": 1.0, "3rd Quartile": 1.0, "Standard Deviation": 0.0, "Is Signficant": false}, {"Mean": 6.111111111111111, "Median": 6.0, "1st Quartile": 4.0, "3rd Quartile": 8.0, "Standard Deviation": 3.2470309324894346, "Is Signficant": false}, {"Mean": 2.0, "Median": 2.0, "1st Quartile": 2.0, "3rd Quartile": 2.0, "Standard Deviation": 0.0, "Is Signficant": false}, {"Mean": 11.095918367346938, "Median": 11.0, "1st Quartile": 9.0, "3rd Quartile": 13.0, "Standard Deviation": 2.5404851845519483, "Is Signficant": true}, {"Mean": 8.587155963302752, "Median": 9.0, "1st Quartile": 8.0, "3rd Quartile": 9.0, "Standard Deviation": 1.787884861624971, "Is Signficant": false}, {"Mean": 3.0, "Median": 3.0, "1st Quartile": 3.0, "3rd Quartile": 3.0, "Standard Deviation": 0.0, "Is Signficant": false}, {"Mean": 6.818181818181818, "Median": 7.0, "1st Quartile": 6.0, "3rd Quartile": 8.0, "Standard Deviation": 1.849726359034164, "Is Signficant": false}, {"Mean": 7.666666666666667, "Median": 8.0, "1st Quartile": 6.0, "3rd Quartile": 9.0, "Standard Deviation": 1.837408059215039, "Is Signficant": false}, {"Mean": 7.310344827586207, "Median": 7.0, "1st Quartile": 6.0, "3rd Quartile": 8.0, "Standard Deviation": 2.0359433681552432, "Is Signficant": false}, {"Mean": 4.0, "Median": 4.0, "1st Quartile": 4.0, "3rd Quartile": 4.0, "Standard Deviation": 0.0, "Is Signficant": false}, {"Mean": 4.0, "Median": 4.0, "1st Quartile": 4.0, "3rd Quartile": 4.0, "Standard Deviation": 0.0, "Is Signficant": false}, {"Mean": 8.0, "Median": 8.0, "1st Quartile": 7.0, "3rd Quartile": 9.0, "Standard Deviation": 2.0, "Is Signficant": false}, {"Mean": 7.75, "Median": 7.5, "1st Quartile": 7.0, "3rd Quartile": 8.25, "Standard Deviation": 0.82915619758885, "Is Signficant": false}, {"Mean": 7.5, "Median": 7.5, "1st Quartile": 7.25, "3rd Quartile": 7.75, "Standard Deviation": 0.5, "Is Signficant": false}, {"Mean": 8.0, "Median": 8.0, "1st Quartile": 8.0, "3rd Quartile": 8.0, "Standard Deviation": 0.0, "Is Signficant": false}, {"Mean": 9.0, "Median": 9.0,