{"Number of Companies": 1441, "Number of Columns": 10, "Share of each Credit Rating": {"1.0": 0.002775850104094379, "2.0": 0.004857737682165163, "3.0": 0.008327550312283136, "4.0": 0.013879250520471894, "5.0": 0.0263705759888966, "6.0": 0.04580152671755725, "7.0": 0.10131852879944483, "8.0": 0.11866759195003469, "9.0": 0.18181818181818182, "10.0": 0.11172796668979876, "11.0": 0.06939625260235947, "12.0": 0.08119361554476058, "13.0": 0.06939625260235947, "14.0": 0.07009021512838307, "15.0": 0.04371963913948647, "16.0": 0.02359472588480222, "17.0": 0.022900763358778626, "18.0": 0.002081887578070784, "20.0": 0.002081887578070784}, "List of Columns": ["Leverage", "Profitability", "Financial Statement Lines", "Liquidity", "Efficiency", "Performance", "Industry Risk", "Country Risk", "Country Diversification", "Industry Diversification"]}