{"Number of Companies": 856, "Number of Columns": 10, "Share of each Credit Rating": {"1.0": 0.002336448598130841, "2.0": 0.0035046728971962616, "3.0": 0.005841121495327103, "4.0": 0.014018691588785047, "5.0": 0.02336448598130841, "6.0": 0.04439252336448598, "7.0": 0.08644859813084112, "8.0": 0.12149532710280374, "9.0": 0.2207943925233645, "10.0": 0.1378504672897196, "11.0": 0.07359813084112149, "12.0": 0.0852803738317757, "13.0": 0.0630841121495327, "14.0": 0.06542056074766354, "15.0": 0.02570093457943925, "16.0": 0.017523364485981307, "17.0": 0.009345794392523364}, "List of Columns": ["Leverage", "Profitability", "Financial Statement Lines", "Liquidity", "Efficiency", "Performance", "Industry Risk", "Country Risk", "Country Diversification", "Industry Diversification"]}