{"Number of Companies": 3758, "Number of Columns": 19, "Share of each Credit Rating": {"1.0": 0.002394890899414582, "2.0": 0.003991484832357637, "3.0": 0.005055880787653007, "4.0": 0.008515167642362959, "5.0": 0.018360830228845132, "6.0": 0.024215007982969664, "7.0": 0.04843001596593933, "8.0": 0.05348589675359234, "9.0": 0.08116019159127195, "10.0": 0.04816391697711549, "11.0": 0.0300691857370942, "12.0": 0.034326769558275676, "13.0": 0.030867482703565728, "14.0": 0.028472591804151143, "15.0": 0.017828632251197445, "16.0": 0.555880787653007, "17.0": 0.006918573709419904, "18.0": 0.0010643959552953698, "20.0": 0.0007982969664715274}, "List of Columns": ["Total Revenue - Capital IQ [LTM] ($USDmm, Historical rate)", "Total Equity - Capital IQ [LTM] ($USDmm, Historical rate)", "Net Debt/EBITDA - Capital IQ [LTM]", "Total Equity - Capital IQ [Latest Annual] ($USDmm, Historical rate)", "As-Reported Total Revenue - Capital IQ [LTM] ($USD, Historical rate)", "CUSTOMGeography Encoding", "CUSTOMBusiness Encoding", "CUSTOMPPPPC", "CUSTOMPPPGDP", "CUSTOMPCPIE", "CUSTOMPCPI", "CUSTOMNGDP_FY", "CUSTOMNGDPPC", "CUSTOMLUR", "CUSTOMLP", "CUSTOMGGX_NGDP", "CUSTOMGGXWDN_NGDP", "CUSTOMGGX", "CUSTOMBCA"]}