{"Number of Companies": 763, "Number of Columns": 10, "Share of each Credit Rating": {"1.0": 0.002621231979030144, "2.0": 0.003931847968545216, "3.0": 0.00655307994757536, "4.0": 0.015727391874180863, "5.0": 0.02621231979030144, "6.0": 0.04980340760157274, "7.0": 0.09698558322411534, "8.0": 0.1363040629095675, "9.0": 0.16644823066841416, "10.0": 0.11402359108781127, "11.0": 0.08256880733944955, "12.0": 0.09567496723460026, "13.0": 0.07077326343381389, "14.0": 0.07339449541284404, "15.0": 0.028833551769331587, "16.0": 0.019659239842726082, "17.0": 0.010484927916120577}, "List of Columns": ["Leverage", "Profitability", "Financial Statement Lines", "Liquidity", "Efficiency", "Performance", "Industry Risk", "Country Risk", "Country Diversification", "Industry Diversification"]}