{"Number of Companies": 1098, "Number of Columns": 6, "Share of each Credit Rating": {"4.0": 0.01092896174863388, "5.0": 0.01092896174863388, "6.0": 0.033697632058287796, "7.0": 0.0965391621129326, "8.0": 0.11293260473588343, "9.0": 0.1994535519125683, "10.0": 0.12295081967213115, "11.0": 0.07741347905282331, "12.0": 0.08743169398907104, "13.0": 0.07285974499089254, "14.0": 0.07103825136612021, "15.0": 0.040983606557377046, "16.0": 0.025500910746812388, "17.0": 0.028233151183970857, "1.0": 0.0018214936247723133, "2.0": 0.0018214936247723133, "3.0": 0.0009107468123861566, "18.0": 0.0018214936247723133, "20.0": 0.00273224043715847}, "List of Columns": ["Leverage", "Financial Statement Lines", "Industry Risk", "Country Risk", "Country Diversification", "Industry Diversification"]}