{"Number of Companies": 1341, "Number of Columns": 10, "Share of each Credit Rating": {"1.0": 0.002982848620432513, "2.0": 0.005219985085756898, "3.0": 0.008948545861297539, "4.0": 0.014914243102162566, "5.0": 0.028337061894108874, "6.0": 0.049217002237136466, "7.0": 0.10887397464578673, "8.0": 0.12751677852348994, "9.0": 0.14914243102162567, "10.0": 0.09694258016405667, "11.0": 0.07457121551081283, "12.0": 0.087248322147651, "13.0": 0.07457121551081283, "14.0": 0.07009694258016405, "15.0": 0.04697986577181208, "16.0": 0.02535421327367636, "17.0": 0.024608501118568233, "18.0": 0.0022371364653243847, "20.0": 0.0022371364653243847}, "List of Columns": ["Leverage", "Profitability", "Financial Statement Lines", "Liquidity", "Efficiency", "Performance", "Industry Risk", "Country Risk", "Country Diversification", "Industry Diversification"]}