{"Number of Companies": 735, "Number of Columns": 6, "Share of each Credit Rating": {"1.0": 0.0027210884353741495, "2.0": 0.0027210884353741495, "3.0": 0.0013605442176870747, "4.0": 0.012244897959183673, "5.0": 0.013605442176870748, "6.0": 0.02585034013605442, "7.0": 0.07482993197278912, "8.0": 0.11836734693877551, "9.0": 0.23945578231292516, "10.0": 0.14421768707482993, "11.0": 0.08163265306122448, "12.0": 0.08571428571428572, "13.0": 0.06802721088435375, "14.0": 0.06938775510204082, "15.0": 0.02857142857142857, "16.0": 0.01904761904761905, "17.0": 0.012244897959183673}, "List of Columns": ["Leverage", "Financial Statement Lines", "Industry Risk", "Country Risk", "Country Diversification", "Industry Diversification"]}