{"Number of Companies": 148, "Number of Columns": 10, "Share of each Credit Rating": {"4.0": 0.02702702702702703, "7.0": 0.05405405405405406, "8.0": 0.060810810810810814, "9.0": 0.5472972972972973, "10.0": 0.060810810810810814, "12.0": 0.0472972972972973, "15.0": 0.04054054054054054, "5.0": 0.02027027027027027, "6.0": 0.02702702702702703, "11.0": 0.04054054054054054, "13.0": 0.033783783783783786, "14.0": 0.02027027027027027, "16.0": 0.006756756756756757, "18.0": 0.006756756756756757, "20.0": 0.006756756756756757}, "List of Columns": ["Leverage", "Profitability", "Financial Statement Lines", "Liquidity", "Efficiency", "Performance", "Industry Risk", "Country Risk", "Country Diversification", "Industry Diversification"]}