{"Number of Companies": 129, "Number of Columns": 6, "Share of each Credit Rating": {"9.0": 0.6046511627906976, "10.0": 0.06976744186046512, "12.0": 0.046511627906976744, "15.0": 0.046511627906976744, "4.0": 0.023255813953488372, "5.0": 0.015503875968992248, "6.0": 0.015503875968992248, "7.0": 0.031007751937984496, "8.0": 0.046511627906976744, "11.0": 0.03875968992248062, "13.0": 0.023255813953488372, "14.0": 0.015503875968992248, "17.0": 0.007751937984496124, "18.0": 0.007751937984496124, "20.0": 0.007751937984496124}, "List of Columns": ["Leverage", "Financial Statement Lines", "Industry Risk", "Country Risk", "Country Diversification", "Industry Diversification"]}