{"Number of Companies": 108, "Number of Columns": 6, "Share of each Credit Rating": {"4.0": 0.027777777777777776, "5.0": 0.018518518518518517, "6.0": 0.018518518518518517, "7.0": 0.037037037037037035, "8.0": 0.05555555555555555, "9.0": 0.6944444444444444, "10.0": 0.06481481481481481, "11.0": 0.027777777777777776, "12.0": 0.018518518518518517, "13.0": 0.009259259259259259, "15.0": 0.018518518518518517, "17.0": 0.009259259259259259}, "List of Columns": ["Leverage", "Financial Statement Lines", "Industry Risk", "Country Risk", "Country Diversification", "Industry Diversification"]}