{"Number of Companies": 54, "Number of Columns": 10, "Share of each Credit Rating": {"4.0": 0.05555555555555555, "5.0": 0.037037037037037035, "6.0": 0.07407407407407407, "7.0": 0.1111111111111111, "8.0": 0.14814814814814814, "9.0": 0.2777777777777778, "10.0": 0.1111111111111111, "11.0": 0.05555555555555555, "12.0": 0.05555555555555555, "13.0": 0.018518518518518517, "14.0": 0.018518518518518517, "15.0": 0.037037037037037035}, "List of Columns": ["Leverage", "Profitability", "Financial Statement Lines", "Liquidity", "Efficiency", "Performance", "Industry Risk", "Country Risk", "Country Diversification", "Industry Diversification"]}