{"Number of Companies": 116, "Number of Columns": 10, "Share of each Credit Rating": {"4.0": 0.02586206896551724, "5.0": 0.017241379310344827, "6.0": 0.034482758620689655, "7.0": 0.05172413793103448, "8.0": 0.06896551724137931, "9.0": 0.6637931034482759, "10.0": 0.05172413793103448, "11.0": 0.02586206896551724, "12.0": 0.02586206896551724, "13.0": 0.008620689655172414, "14.0": 0.008620689655172414, "15.0": 0.017241379310344827}, "List of Columns": ["Leverage", "Profitability", "Financial Statement Lines", "Liquidity", "Efficiency", "Performance", "Industry Risk", "Country Risk", "Country Diversification", "Industry Diversification"]}