{"Number of Companies": 86, "Number of Columns": 10, "Share of each Credit Rating": {"4.0": 0.046511627906976744, "7.0": 0.09302325581395349, "8.0": 0.10465116279069768, "9.0": 0.22093023255813954, "10.0": 0.10465116279069768, "12.0": 0.08139534883720931, "15.0": 0.06976744186046512, "5.0": 0.03488372093023256, "6.0": 0.046511627906976744, "11.0": 0.06976744186046512, "13.0": 0.05813953488372093, "14.0": 0.03488372093023256, "16.0": 0.011627906976744186, "18.0": 0.011627906976744186, "20.0": 0.011627906976744186}, "List of Columns": ["Leverage", "Profitability", "Financial Statement Lines", "Liquidity", "Efficiency", "Performance", "Industry Risk", "Country Risk", "Country Diversification", "Industry Diversification"]}