{"Number of Companies": 69, "Number of Columns": 6, "Share of each Credit Rating": {"6.0": 0.014492753623188406, "7.0": 0.07246376811594203, "8.0": 0.07246376811594203, "10.0": 0.11594202898550725, "4.0": 0.043478260869565216, "5.0": 0.014492753623188406, "9.0": 0.057971014492753624, "11.0": 0.07246376811594203, "12.0": 0.07246376811594203, "13.0": 0.10144927536231885, "14.0": 0.15942028985507245, "15.0": 0.14492753623188406, "16.0": 0.028985507246376812, "18.0": 0.028985507246376812}, "List of Columns": ["Leverage", "Financial Statement Lines", "Industry Risk", "Country Risk", "Country Diversification", "Industry Diversification"]}