{"Number of Companies": 59, "Number of Columns": 10, "Share of each Credit Rating": {"3.0": 0.01694915254237288, "4.0": 0.06779661016949153, "5.0": 0.01694915254237288, "6.0": 0.01694915254237288, "7.0": 0.06779661016949153, "8.0": 0.1016949152542373, "9.0": 0.0847457627118644, "10.0": 0.13559322033898305, "11.0": 0.05084745762711865, "12.0": 0.05084745762711865, "13.0": 0.1016949152542373, "14.0": 0.1694915254237288, "15.0": 0.11864406779661017}, "List of Columns": ["Leverage", "Profitability", "Financial Statement Lines", "Liquidity", "Efficiency", "Performance", "Industry Risk", "Country Risk", "Country Diversification", "Industry Diversification"]}