{"Number of Companies": 89, "Number of Columns": 10, "Share of each Credit Rating": {"6.0": 0.02247191011235955, "7.0": 0.056179775280898875, "8.0": 0.0898876404494382, "10.0": 0.12359550561797752, "14.0": 0.16853932584269662, "3.0": 0.011235955056179775, "4.0": 0.0449438202247191, "5.0": 0.011235955056179775, "9.0": 0.056179775280898875, "11.0": 0.056179775280898875, "12.0": 0.056179775280898875, "13.0": 0.07865168539325842, "15.0": 0.14606741573033707, "16.0": 0.0449438202247191, "18.0": 0.033707865168539325}, "List of Columns": ["Leverage", "Profitability", "Financial Statement Lines", "Liquidity", "Efficiency", "Performance", "Industry Risk", "Country Risk", "Country Diversification", "Industry Diversification"]}