{"Number of Companies": 49, "Number of Columns": 6, "Share of each Credit Rating": {"4.0": 0.061224489795918366, "5.0": 0.02040816326530612, "7.0": 0.08163265306122448, "8.0": 0.08163265306122448, "9.0": 0.08163265306122448, "10.0": 0.12244897959183673, "11.0": 0.061224489795918366, "12.0": 0.061224489795918366, "13.0": 0.12244897959183673, "14.0": 0.1836734693877551, "15.0": 0.12244897959183673}, "List of Columns": ["Leverage", "Financial Statement Lines", "Industry Risk", "Country Risk", "Country Diversification", "Industry Diversification"]}