{"Number of Companies": 140, "Number of Columns": 6, "Share of each Credit Rating": {"4.0": 0.014285714285714285, "6.0": 0.02857142857142857, "7.0": 0.2, "8.0": 0.3, "9.0": 0.18571428571428572, "10.0": 0.06428571428571428, "11.0": 0.02142857142857143, "12.0": 0.1, "13.0": 0.02142857142857143, "18.0": 0.014285714285714285, "5.0": 0.007142857142857143, "14.0": 0.014285714285714285, "15.0": 0.014285714285714285, "16.0": 0.007142857142857143, "20.0": 0.007142857142857143}, "List of Columns": ["Leverage", "Financial Statement Lines", "Industry Risk", "Country Risk", "Country Diversification", "Industry Diversification"]}