{"Number of Companies": 198, "Number of Columns": 10, "Share of each Credit Rating": {"3.0": 0.020202020202020204, "4.0": 0.015151515151515152, "6.0": 0.050505050505050504, "7.0": 0.18181818181818182, "8.0": 0.25252525252525254, "9.0": 0.1717171717171717, "10.0": 0.07575757575757576, "11.0": 0.03535353535353535, "12.0": 0.08080808080808081, "13.0": 0.030303030303030304, "17.0": 0.005050505050505051, "18.0": 0.015151515151515152, "5.0": 0.015151515151515152, "14.0": 0.020202020202020204, "15.0": 0.020202020202020204, "16.0": 0.005050505050505051, "20.0": 0.005050505050505051}, "List of Columns": ["Leverage", "Profitability", "Financial Statement Lines", "Liquidity", "Efficiency", "Performance", "Industry Risk", "Country Risk", "Country Diversification", "Industry Diversification"]}