{"Number of Companies": 61, "Number of Columns": 6, "Share of each Credit Rating": {"4.0": 0.01639344262295082, "5.0": 0.01639344262295082, "7.0": 0.14754098360655737, "8.0": 0.3442622950819672, "9.0": 0.22950819672131148, "10.0": 0.08196721311475409, "11.0": 0.03278688524590164, "12.0": 0.08196721311475409, "13.0": 0.01639344262295082, "14.0": 0.01639344262295082, "15.0": 0.01639344262295082}, "List of Columns": ["Leverage", "Financial Statement Lines", "Industry Risk", "Country Risk", "Country Diversification", "Industry Diversification"]}