{"Algorithm Parameters": {"Threshold Value": 0.1, "Braching Factor": 52, "K": 2}, "Algorithm Performance": {"Silhouette Score": 0.40805397275003785}, "Clusters Content Analysis": {"Predictive Power": {"Global": {"Metrics": {"Class: Upgrade": {"Accuracy": 0.5384615384615384, "Precision": 0.6818181818181818, "Recall": 0.875, "F1-Score": 0.7664233576642336}, "Class: Downgrade": {"Accuracy": 0.8888888888888888, "Precision": 0.6818181818181818, "Recall": 0.5714285714285714, "F1-Score": 0.621761658031088}}, "Confusion Matrix": {"predicted_down_AND_was_down": 8, "predicted_up_AND_was_up": 7, "predicted_no_change_AND_was_no_change": 0, "predicted_down_BUT_was_up": 1, "predicted_down_BUT_was_no_change": 641, "predicted_no_change_BUT_was_up": 0, "predicted_no_change_BUT_was_down": 0, "predicted_up_BUT_was_down": 6, "predicted_up_BUT_was_no_change": 435}}, "Restricted to jumps to or from below B-": {"Metrics": {"Class: Upgrade": "No element of this class", "Class: Downgrade": "No element of this class"}, "Confusion Matrix": {"predicted_down_AND_was_down": 0, "predicted_up_AND_was_up": 0, "predicted_no_change_AND_was_no_change": 0, "predicted_down_BUT_was_up": 0, "predicted_down_BUT_was_no_change": 650, "predicted_no_change_BUT_was_up": 0, "predicted_no_change_BUT_was_down": 0, "predicted_up_BUT_was_down": 0, "predicted_up_BUT_was_no_change": 448}}}, "Share of total companies in each clusters": [0.5573770491803278, 0.4426229508196721, {"SUM": 1.0}], "Clusters with significant ranges (count)": 2, "Significant Clusters (count)": 2, "Cluster Credit Ratings Shares": [{"4.0": 0.00980392156862745, "5.0": 0.00980392156862745, "6.0": 0.0392156862745098, "7.0": 0.10784313725490197, "8.0": 0.10620915032679738, "9.0": 0.2173202614379085, "10.0": 0.06045751633986928, "11.0": 0.06372549019607843, "12.0": 0.0915032679738562, "13.0": 0.0915032679738562, "14.0": 0.08496732026143791, "15.0": 0.05228758169934641, "16.0": 0.027777777777777776, "17.0": 0.03104575163398693, "2.0": 0.0016339869281045752, "18.0": 0.0016339869281045752, "20.0": 0.0032679738562091504}, {"6.0": 0.026748971193415638, "7.0": 0.0823045267489712, "8.0": 0.12139917695473251, "9.0": 0.17695473251028807, "10.0": 0.20164609053497942, "11.0": 0.09465020576131687, "14.0": 0.053497942386831275, "15.0": 0.026748971193415638, "16.0": 0.02263374485596708, "1.0": 0.00411522633744856, "2.0": 0.00205761316872428, "3.0": 0.00205761316872428, "4.0": 0.012345679012345678, "5.0": 0.012345679012345678, "12.0": 0.0823045267489712, "13.0": 0.04938271604938271, "17.0": 0.024691358024691357, "18.0": 0.00205761316872428, "20.0": 0.00205761316872428}], "Share of total companies with given credit rating in each cluter": [{"4.0": 0.5, "5.0": 0.5, "6.0": 0.6486486486486487, "7.0": 0.6226415094339622, "8.0": 0.5241935483870968, "9.0": 0.6073059360730594, "10.0": 0.2740740740740741, "11.0": 0.4588235294117647, "12.0": 0.5833333333333334, "13.0": 0.7, "14.0": 0.6666666666666666, "15.0": 0.7111111111111111, "16.0": 0.6071428571428571, "17.0": 0.6129032258064516, "2.0": 0.5, "18.0": 0.5, "20.0": 0.6666666666666666}, {"6.0": 0.35135135135135137, "7.0": 0.37735849056603776, "8.0": 0.47580645161290325, "9.0": 0.3926940639269406, "10.0": 0.725925925925926, "11.0": 0.5411764705882353, "14.0": 0.3333333333333333, "15.0": 0.28888888888888886, "16.0": 0.39285714285714285, "1.0": 1.0, "2.0": 0.5, "3.0": 1.0, "4.0": 0.5, "5.0": 0.5, "12.0": 0.4166666666666667, "13.0": 0.3, "17.0": 0.3870967741935484, "18.0": 0.5, "20.0": 0.3333333333333333}], "Cluster ranges": [18.0, 19.0], "Cluster metrics of location and dispersion": [{"Mean": 10.52124183006536, "Median": 10.0, "1st Quartile": 8.0, "3rd Quartile": 13.0, "Standard Deviation": 3.08928251082906, "Is Signficant": true}, {"Mean": 10.123456790123457, "Median": 10.0, "1st Quartile": 8.0, "3rd Quartile": 12.0, "Standard Deviation": 2.80893364378924, "Is Signficant": true}], "Cluster entropies": [3.4931399629434714, 3.4302257046498275], "Maximum entropy": 3.4931399629434714, "Weighted average entropy": 3.4652926682889076, "Incoherencies explanations": {"CLUSTER 0": {}, "CLUSTER 1": {}}}}