{"Algorithm Parameters": {"Threshold Value": 0.1, "Braching Factor": 52, "K": 2}, "Algorithm Performance": {"Silhouette Score": 0.40805397275003785}, "Clusters Content Analysis": {"Predictive Power": {"Metrics": {"Class: Upgrade": {"Accuracy": 0.5384615384615384, "Precision": 0.6818181818181818, "Recall": 0.875, "F1-Score": 0.7664233576642336}, "Class: Downgrade": {"Accuracy": 0.8888888888888888, "Precision": 0.6818181818181818, "Recall": 0.5714285714285714, "F1-Score": 0.621761658031088}}, "Confusion Matrix": {"predicted_down_AND_was_down": 8, "predicted_up_AND_was_up": 7, "predicted_no_change_AND_was_no_change": 0, "predicted_down_BUT_was_up": 1, "predicted_down_BUT_was_no_change": 641, "predicted_no_change_BUT_was_up": 0, "predicted_no_change_BUT_was_down": 0, "predicted_up_BUT_was_down": 6, "predicted_up_BUT_was_no_change": 435}}, "Share of total companies in each clusters": [0.5573770491803278, 0.4426229508196721, {"SUM": 1.0}], "Clusters with significant ranges (count)": 2, "Significant Clusters (count)": 2, "Cluster Credit Ratings Shares": [{"4.0": 0.00980392156862745, "5.0": 0.00980392156862745, "6.0": 0.0392156862745098, "7.0": 0.10784313725490197, "8.0": 0.10620915032679738, "9.0": 0.2173202614379085, "10.0": 0.06045751633986928, "11.0": 0.06372549019607843, "12.0": 0.0915032679738562, "13.0": 0.0915032679738562, "14.0": 0.08496732026143791, "15.0": 0.05228758169934641, "16.0": 0.027777777777777776, "17.0": 0.03104575163398693, "2.0": 0.0016339869281045752, "18.0": 0.0016339869281045752, "20.0": 0.0032679738562091504}, {"6.0": 0.026748971193415638, "7.0": 0.0823045267489712, "8.0": 0.12139917695473251, "9.0": 0.17695473251028807, "10.0": 0.20164609053497942, "11.0": 0.09465020576131687, "14.0": 0.053497942386831275, "15.0": 0.026748971193415638, "16.0": 0.02263374485596708, "1.0": 0.00411522633744856, "2.0": 0.00205761316872428, "3.0": 0.00205761316872428, "4.0": 0.012345679012345678, "5.0": 0.012345679012345678, "12.0": 0.0823045267489712, "13.0": 0.04938271604938271, "17.0": 0.024691358024691357, "18.0": 0.00205761316872428, "20.0": 0.00205761316872428}], "Share of total companies with given credit rating in each cluter": [{"4.0": 0.5, "5.0": 0.5, "6.0": 0.6486486486486487, "7.0": 0.6226415094339622, "8.0": 0.5241935483870968, "9.0": 0.6073059360730594, "10.0": 0.2740740740740741, "11.0": 0.4588235294117647, "12.0": 0.5833333333333334, "13.0": 0.7, "14.0": 0.6666666666666666, "15.0": 0.7111111111111111, "16.0": 0.6071428571428571, "17.0": 0.6129032258064516, "2.0": 0.5, "18.0": 0.5, "20.0": 0.6666666666666666}, {"6.0": 0.35135135135135137, "7.0": 0.37735849056603776, "8.0": 0.47580645161290325, "9.0": 0.3926940639269406, "10.0": 0.725925925925926, "11.0": 0.5411764705882353, "14.0": 0.3333333333333333, "15.0": 0.28888888888888886, "16.0": 0.39285714285714285, "1.0": 1.0, "2.0": 0.5, "3.0": 1.0, "4.0": 0.5, "5.0": 0.5, "12.0": 0.4166666666666667, "13.0": 0.3, "17.0": 0.3870967741935484, "18.0": 0.5, "20.0": 0.3333333333333333}], "Cluster ranges": [18.0, 19.0], "Cluster metrics of location and dispersion": [{"Mean": 10.52124183006536, "Median": 10.0, "1st Quartile": 8.0, "3rd Quartile": 13.0, "Standard Deviation": 3.08928251082906, "Is Signficant": true}, {"Mean": 10.123456790123457, "Median": 10.0, "1st Quartile": 8.0, "3rd Quartile": 12.0, "Standard Deviation": 2.80893364378924, "Is Signficant": true}], "Cluster entropies": [3.4931399629434714, 3.4302257046498275], "Maximum entropy": 3.4931399629434714, "Weighted average entropy": 3.4652926682889076, "Incoherencies explanations": {"CLUSTER 0": {"RATING 9.0": [{"Financial Statement Lines": {"Comparison": "Cluster elements in highest 75%", "Credit Rating Statistics": {"Mean": 0.08102461306621749, "Median": 0.0746736150324174, "1st Quartile": 0.07008748198088896, "3rd Quartile": 0.07669326745430169, "Standard Deviation": 0.03249163492988828}, "Cluster Statistics": {"Mean": 0.08588892826996056, "Median": 0.07589654786569895, "1st Quartile": 0.07190568304052987, "3rd Quartile": 0.08579312928437803, "Standard Deviation": 0.03993927434066882}}}, {"Industry Risk": {"Comparison": "Cluster elements in upper half", "Credit Rating Statistics": {"Mean": 0.09941884599418846, "Median": 0.09090909090909091, "1st Quartile": 0.045454545454545456, "3rd Quartile": 0.13636363636363635, "Standard Deviation": 0.0706669157575899}, "Cluster Statistics": {"Mean": 0.11205073995771671, "Median": 0.13636363636363635, "1st Quartile": 0.09090909090909091, "3rd Quartile": 0.13636363636363635, "Standard Deviation": 0.06601477799575474}}}, {"Country Risk": {"Comparison": "Cluster elements in lowest 25%", "Credit Rating Statistics": {"Mean": 0.24740521089364684, "Median": 0.25817297632308783, "1st Quartile": 0.2503200304640496, "3rd Quartile": 0.25817297632308783, "Standard Deviation": 0.035762423068972}, "Cluster Statistics": {"Mean": 0.24786305412054369, "Median": 0.2579465684106685, "1st Quartile": 0.23326067910356474, "3rd Quartile": 0.25817297632308783, "Standard Deviation": 0.042493384091616154}}}, {"Country Diversification": {"Comparison": "Cluster elements in upper half", "Credit Rating Statistics": {"Mean": 0.1814595618933089, "Median": 0.046528290716937426, "1st Quartile": 0.0, "3rd Quartile": 0.3551424289295478, "Standard Deviation": 0.21731640984854017}, "Cluster Statistics": {"Mean": 0.3465593049594924, "Median": 0.35061567004161165, "1st Quartile": 0.22042729943229733, "3rd Quartile": 0.4633730799443708, "Standard Deviation": 0.19748606056741644}}}, {"Industry Diversification": {"Comparison": "Cluster elements in highest 75%", "Credit Rating Statistics": {"Mean": 0.1909267324871363, "Median": 0.00604312052965822, "1st Quartile": 0.0, "3rd Quartile": 0.3865530091875897, "Standard Deviation": 0.22293918723816813}, "Cluster Statistics": {"Mean": 0.43015045942957914, "Median": 0.44597455967948774, "1st Quartile": 0.3059236747126123, "3rd Quartile": 0.5085156802650619, "Standard Deviation": 0.14159346890217578}}}], "RATING 10.0": [{"Financial Statement Lines": {"Comparison": "Cluster elements in highest 75%", "Credit Rating Statistics": {"Mean": 0.07586433862524708, "Median": 0.07101793709431016, "1st Quartile": 0.07074694175905831, "3rd Quartile": 0.07530272828965058, "Standard Deviation": 0.01660716780149096}, "Cluster Statistics": {"Mean": 0.07631655480949354, "Median": 0.07097889411225783, "1st Quartile": 0.07074694175905831, "3rd Quartile": 0.07477604144225457, "Standard Deviation": 0.01905587178053632}}}, {"Industry Risk": {"Comparison": "Cluster elements in upper half", "Credit Rating Statistics": {"Mean": 0.09663299663299663, "Median": 0.09090909090909091, "1st Quartile": 0.09090909090909091, "3rd Quartile": 0.13636363636363635, "Standard Deviation": 0.06046185612606046}, "Cluster Statistics": {"Mean": 0.10621521335807049, "Median": 0.11363636363636363, "1st Quartile": 0.09090909090909091, "3rd Quartile": 0.13636363636363635, "Standard Deviation": 0.050692571282460845}}}, {"Country Risk": {"Comparison": "Cluster elements in lower half", "Credit Rating Statistics": {"Mean": 0.2117331456215204, "Median": 0.2357141641224699, "1st Quartile": 0.0990682573724254, "3rd Quartile": 0.25817297632308783, "Standard Deviation": 0.07612224548506792}, "Cluster Statistics": {"Mean": 0.1986688250538672, "Median": 0.22795386492967962, "1st Quartile": 0.0990682573724254, "3rd Quartile": 0.25817297632308783, "Standard Deviation": 0.07810681027846161}}}, {"Country Diversification": {"Comparison": "Cluster elements in upper half", "Credit Rating Statistics": {"Mean": 0.2901221101682071, "Median": 0.32171102395411993, "1st Quartile": 0.1448345464499389, "3rd Quartile": 0.3981299537261618, "Standard Deviation": 0.19468725971344908}, "Cluster Statistics": {"Mean": 0.3374626973077729, "Median": 0.32171102395411993, "1st Quartile": 0.3105530628505693, "3rd Quartile": 0.4197459722784428, "Standard Deviation": 0.1700132443233571}}}, {"Industry Diversification": {"Comparison": "Cluster elements in highest 75%",