{"Algorithm Parameters": {"Threshold Value": 0.1, "Braching Factor": 52, "K": 2}, "Algorithm Performance": {"Calinski Harabasz Index": 881.6710066906467}, "Clusters Content Analysis": {"Predictive Power": {"Global": {"Metrics": {"Class: Upgrade": {"Accuracy": 0.6086956521739131, "Precision": 0.6842105263157895, "Recall": 0.8235294117647058, "F1-Score": 0.7474332648870635}, "Class: Downgrade": {"Accuracy": 0.8, "Precision": 0.6842105263157895, "Recall": 0.5714285714285714, "F1-Score": 0.622754491017964}}, "Confusion Matrix": {"predicted_down_AND_was_down": 12, "predicted_up_AND_was_up": 14, "predicted_no_change_AND_was_no_change": 0, "predicted_down_BUT_was_up": 3, "predicted_down_BUT_was_no_change": 635, "predicted_no_change_BUT_was_up": 0, "predicted_no_change_BUT_was_down": 0, "predicted_up_BUT_was_down": 9, "predicted_up_BUT_was_no_change": 425}}, "Restricted to jumps to or from below B-": {"Metrics": {"Class: Upgrade": "No element of this class", "Class: Downgrade": "No element of this class"}, "Confusion Matrix": {"predicted_down_AND_was_down": 0, "predicted_up_AND_was_up": 0, "predicted_no_change_AND_was_no_change": 0, "predicted_down_BUT_was_up": 0, "predicted_down_BUT_was_no_change": 650, "predicted_no_change_BUT_was_up": 0, "predicted_no_change_BUT_was_down": 0, "predicted_up_BUT_was_down": 0, "predicted_up_BUT_was_no_change": 448}}}, "Share of total companies in each clusters": [0.5573770491803278, 0.4426229508196721, {"SUM": 1.0}], "Clusters with significant ranges (count)": 2, "Significant Clusters (count)": 2, "Cluster Credit Ratings Shares": [{"AA-": 0.00980392156862745, "A+": 0.00980392156862745, "A": 0.0392156862745098, "A-": 0.10784313725490197, "BBB+": 0.10620915032679738, "BBB": 0.2173202614379085, "BBB-": 0.06045751633986928, "BB+": 0.06372549019607843, "BB": 0.0915032679738562, "BB-": 0.0915032679738562, "B+": 0.08496732026143791, "B": 0.05228758169934641, "B-": 0.027777777777777776, "CCC+": 0.02287581699346405, "CCC-": 0.006535947712418301, "AA+": 0.0016339869281045752, "CCC": 0.0016339869281045752, "CC": 0.0016339869281045752, "D": 0.0032679738562091504}, {"A": 0.026748971193415638, "A-": 0.0823045267489712, "BBB+": 0.12139917695473251, "BBB": 0.17695473251028807, "BBB-": 0.20164609053497942, "BB+": 0.09465020576131687, "B+": 0.053497942386831275, "B": 0.026748971193415638, "B-": 0.02263374485596708, "AAA": 0.00411522633744856, "AA+": 0.00205761316872428, "AA": 0.00205761316872428, "AA-": 0.012345679012345678, "A+": 0.012345679012345678, "BB": 0.0823045267489712, "BB-": 0.04938271604938271, "CCC+": 0.012345679012345678, "CCC": 0.00823045267489712, "CCC-": 0.00411522633744856, "CC": 0.00205761316872428, "D": 0.00205761316872428}], "Share of total companies with given credit rating in each cluter": [{"AA-": 0.5, "A+": 0.5, "A": 0.6486486486486487, "A-": 0.6226415094339622, "BBB+": 0.5241935483870968, "BBB": 0.6073059360730594, "BBB-": 0.2740740740740741, "BB+": 0.4588235294117647, "BB": 0.5833333333333334, "BB-": 0.7, "B+": 0.6666666666666666, "B": 0.7111111111111111, "B-": 0.6071428571428571, "CCC+": 0.7, "CCC-": 0.6666666666666666, "AA+": 0.5, "CCC": 0.2, "CC": 0.5, "D": 0.6666666666666666}, {"A": 0.35135135135135137, "A-": 0.37735849056603776, "BBB+": 0.47580645161290325, "BBB": 0.3926940639269406, "BBB-": 0.725925925925926, "BB+": 0.5411764705882353, "B+": 0.3333333333333333, "B": 0.28888888888888886, "B-": 0.39285714285714285, "AAA": 1.0, "AA+": 0.5, "AA": 1.0, "AA-": 0.5, "A+": 0.5, "BB": 0.4166666666666667, "BB-": 0.3, "CCC+": 0.3, "CCC": 0.8, "CCC-": 0.3333333333333333, "CC": 0.5, "D": 0.3333333333333333}], "Cluster ranges": [20.0, 21.0], "Cluster metrics of location and dispersion": [{"Mean": 10.545751633986928, "Median": 10.0, "1st Quartile": 8.0, "3rd Quartile": 13.0, "Standard Deviation": 3.15496262116189, "Is Signficant": true}, {"Mean": 10.148148148148149, "Median": 10.0, "1st Quartile": 8.0, "3rd Quartile": 12.0, "Standard Deviation": 2.8815195655866566, "Is Signficant": true}], "Cluster entropies": [3.5248518156340296, 3.46625404828013], "Maximum entropy": 3.5248518156340296, "Weighted average entropy": 3.4989150989364015, "Incoherencies explanations": {"CLUSTER 0": {"RATING BBB-": [{"Leverage": {"Comparison": "Cluster elements in highest 75%", "Credit Rating Statistics": {"Mean": 0.13354817448651835, "Median": 0.12904109071957612, "1st Quartile": 0.12720292222444948, "3rd Quartile": 0.1300967430987212, "Standard Deviation": 0.02062646018267}, "Cluster Statistics": {"Mean": 0.13323358084583664, "Median": 0.12914280612126777, "1st Quartile": 0.1274189235196809, "3rd Quartile": 0.1300967430987212, "Standard Deviation": 0.019635508671723746}}}, {"Financial Statement Lines": {"Comparison": "Cluster elements in highest 75%", "Credit Rating Statistics": {"Mean": 0.07586433862524708, "Median": 0.07101793709431016, "1st Quartile": 0.07074694175905831, "3rd Quartile": 0.07530272828965058, "Standard Deviation": 0.01660716780149096}, "Cluster Statistics": {"Mean": 0.07631655480949354, "Median": 0.07097889411225783, "1st Quartile": 0.07074694175905831, "3rd Quartile": 0.07477604144225457, "Standard Deviation": 0.01905587178053632}}}, {"Industry Risk": {"Comparison": "Cluster elements in upper half", "Credit Rating Statistics": {"Mean": 0.09663299663299663, "Median": 0.09090909090909091, "1st Quartile": 0.09090909090909091, "3rd Quartile": 0.13636363636363635, "Standard Deviation": 0.06046185612606046}, "Cluster Statistics": {"Mean": 0.10621521335807049, "Median": 0.11363636363636363, "1st Quartile": 0.09090909090909091, "3rd Quartile": 0.13636363636363635, "Standard Deviation": 0.050692571282460845}}}, {"Country Risk": {"Comparison": "Cluster elements in lower half", "Credit Rating Statistics": {"Mean": 0.2117331456215204, "Median": 0.2357141641224699, "1st Quartile": 0.0990682573724254, "3rd Quartile": 0.25817297632308783, "Standard Deviation": 0.07612224548506792}, "Cluster Statistics": {"Mean": 0.1986688250538672, "Median": 0.22795386492967962, "1st Quartile": 0.0990682573724254, "3rd Quartile": 0.25817297632308783, "Standard Deviation": 0.07810681027846161}}}, {"Country Diversification": {"Comparison": "Cluster elements in upper half", "Credit Rating Statistics": {"Mean": 0.2901221101682071, "Median": 0.32171102395411993, "1st Quartile": 0.1448345464499389, "3rd Quartile": 0.3981299537261618, "Standard Deviation": 0.19468725971344908}, "Cluster Statistics": {"Mean": 0.3374626973077729, "Median": 0.32171102395411993, "1st Quartile": 0.3105530628505693, "3rd Quartile": 0.4197459722784428, "Standard Deviation": 0.1700132443233571}}}]}, "CLUSTER 1": {"RATING BBB": [{"Leverage": {"Comparison": "Cluster elements in highest 75%", "Credit Rating Statistics": {"Mean": 0.1334278749863088, "Median": 0.12837684120668252, "1st Quartile": 0.12726724230284114, "3rd Quartile": 0.1302754385536863, "Standard Deviation": 0.02133630786988075}, "Cluster Statistics": {"Mean": 0.1322157598546682, "Median": 0.12837684120668252, "1st Quartile": 0.12812540427904556, "3rd Quartile": 0.1302754385536863, "Standard Deviation": 0.017444791661962954}}}, {"Financial Statement Lines": {"Comparison": "Cluster elements in highest 75%", "Credit Rating Statistics": {"Mean": 0.08102461306621749, "Median": 0.0746736150324174, "1st Quartile": 0.07008748198088896, "3rd Quartile": 0.07669326745430169, "Standard Deviation": 0.03249163492988828}, "Cluster Statistics": {"Mean": 0.07787926639312044, "Median": 0.07142824746522983, "1st Quartile": 0.06956854670152944, "3rd Quartile": 0.07611642896936355, "Standard Deviation": 0.02610943902572296}}}, {"Industry Risk": {"Comparison": "Cluster elements in upper half", "Credit Rating Statistics": {"Mean": 0.09941884599418846, "Median": 0.09090909090909091, "1st Quartile": 0.045454545454545456, "3rd Quartile": 0.13636363636363635, "Standard Deviation": 0.0706669157575899}, "Cluster Statistics": {"Mean": 0.09125085440874915, "Median": 0.09090909090909091, "1st Quartile": 0.045454545454545456,