{"Algorithm Parameters": {"Eps": 0.1, "MinPts": 19, "K": 1}, "Algorithm Performance": {"Calinski Harabasz Index": 272.824}, "Clusters Content Analysis": {"Predictive Power": {"Global": {"Metrics": {"Class: Upgrade": {"Accuracy": 0.6086956521739131, "Precision": 0.6842105263157895, "Recall": 0.8235294117647058, "F1-Score": 0.7474332648870635}, "Class: Downgrade": {"Accuracy": 0.8, "Precision": 0.6842105263157895, "Recall": 0.5714285714285714, "F1-Score": 0.622754491017964}}, "Confusion Matrix": {"predicted_down_AND_was_down": 12, "predicted_up_AND_was_up": 14, "predicted_no_change_AND_was_no_change": 0, "predicted_down_BUT_was_up": 3, "predicted_down_BUT_was_no_change": 600, "predicted_no_change_BUT_was_up": 0, "predicted_no_change_BUT_was_down": 0, "predicted_up_BUT_was_down": 9, "predicted_up_BUT_was_no_change": 460}}, "Restricted to jumps to or from below B-": {"Metrics": {"Class: Upgrade": "No element of this class", "Class: Downgrade": "No element of this class"}, "Confusion Matrix": {"predicted_down_AND_was_down": 0, "predicted_up_AND_was_up": 0, "predicted_no_change_AND_was_no_change": 0, "predicted_down_BUT_was_up": 0, "predicted_down_BUT_was_no_change": 615, "predicted_no_change_BUT_was_up": 0, "predicted_no_change_BUT_was_down": 0, "predicted_up_BUT_was_down": 0, "predicted_up_BUT_was_no_change": 483}}}, "Share of total companies in each clusters": [0.7668488160291439, 0.2331511839708561, {"SUM": 1.0}], "Clusters with significant ranges (count)": 2, "Significant Clusters (count)": 2, "Cluster Credit Ratings Shares": [{"AA-": 0.0059382422802850355, "A+": 0.0059382422802850355, "A": 0.030878859857482184, "A-": 0.10095011876484561, "BBB+": 0.10570071258907364, "BBB": 0.20546318289786222, "BBB-": 0.1187648456057007, "BB+": 0.07244655581947744, "BB": 0.08788598574821853, "BB-": 0.07244655581947744, "B+": 0.08194774346793349, "B": 0.0510688836104513, "B-": 0.028503562945368172, "CCC-": 0.0059382422802850355, "CCC+": 0.021377672209026127, "CCC": 0.0023752969121140144, "CC": 0.0011876484560570072, "D": 0.0011876484560570072}, {"A": 0.04296875, "A-": 0.08203125, "BBB+": 0.13671875, "BBB": 0.1796875, "BBB-": 0.13671875, "BB+": 0.09375, "BB": 0.0859375, "B+": 0.03515625, "CCC+": 0.0078125, "AAA": 0.0078125, "AA+": 0.0078125, "AA": 0.00390625, "AA-": 0.02734375, "A+": 0.02734375, "BB-": 0.07421875, "B": 0.0078125, "B-": 0.015625, "CCC": 0.01171875, "CCC-": 0.00390625, "CC": 0.00390625, "D": 0.0078125}], "Share of total companies with given credit rating in each cluter": [{"AA-": 0.4166666666666667, "A+": 0.4166666666666667, "A": 0.7027027027027027, "A-": 0.8018867924528302, "BBB+": 0.717741935483871, "BBB": 0.7899543378995434, "BBB-": 0.7407407407407407, "BB+": 0.7176470588235294, "BB": 0.7708333333333334, "BB-": 0.7625, "B+": 0.8846153846153846, "B": 0.9555555555555556, "B-": 0.8571428571428571, "CCC-": 0.8333333333333334, "CCC+": 0.9, "CCC": 0.4, "CC": 0.5, "D": 0.3333333333333333}, {"A": 0.2972972972972973, "A-": 0.19811320754716982, "BBB+": 0.28225806451612906, "BBB": 0.2100456621004566, "BBB-": 0.25925925925925924, "BB+": 0.2823529411764706, "BB": 0.22916666666666666, "B+": 0.11538461538461539, "CCC+": 0.1, "AAA": 1.0, "AA+": 1.0, "AA": 1.0, "AA-": 0.5833333333333334, "A+": 0.5833333333333334, "BB-": 0.2375, "B": 0.044444444444444446, "B-": 0.14285714285714285, "CCC": 0.6, "CCC-": 0.16666666666666666, "CC": 0.5, "D": 0.6666666666666666}], "Cluster ranges": [18.0, 21.0], "Cluster metrics of location and dispersion": [{"Mean": 10.55938242280285, "Median": 10.0, "1st Quartile": 9.0, "3rd Quartile": 13.0, "Standard Deviation": 2.9564396637817216, "Is Signficant": true}, {"Mean": 9.74609375, "Median": 9.0, "1st Quartile": 8.0, "3rd Quartile": 12.0, "Standard Deviation": 3.235844227741956, "Is Signficant": true}], "Cluster entropies": [3.4781039911974108, 3.6137872083795246], "Maximum entropy": 3.6137872083795246, "Weighted average entropy": 3.509738693928395, "Incoherencies explanations": {"CLUSTER 0": {}, "CLUSTER 1": {"RATING BBB": [{"Leverage": {"Comparison": "Cluster elements in upper half", "Credit Rating Statistics": {"Mean": 0.1334278749863088, "Median": 0.12837684120668252, "1st Quartile": 0.12726724230284114, "3rd Quartile": 0.1302754385536863, "Standard Deviation": 0.02133630786988075}, "Cluster Statistics": {"Mean": 0.1302270140093957, "Median": 0.12837684120668252, "1st Quartile": 0.12741184851604995, "3rd Quartile": 0.1302754385536863, "Standard Deviation": 0.011698182812729961}}}, {"Financial Statement Lines": {"Comparison": "Cluster elements in upper half", "Credit Rating Statistics": {"Mean": 0.08102461306621749, "Median": 0.0746736150324174, "1st Quartile": 0.07008748198088896, "3rd Quartile": 0.07669326745430169, "Standard Deviation": 0.03249163492988828}, "Cluster Statistics": {"Mean": 0.07522151631508603, "Median": 0.07237208226465927, "1st Quartile": 0.06956854670152944, "3rd Quartile": 0.07611642896936355, "Standard Deviation": 0.010467389302681809}}}, {"Industry Risk": {"Comparison": "Cluster elements in upper half", "Credit Rating Statistics": {"Mean": 0.09941884599418846, "Median": 0.09090909090909091, "1st Quartile": 0.045454545454545456, "3rd Quartile": 0.13636363636363635, "Standard Deviation": 0.0706669157575899}, "Cluster Statistics": {"Mean": 0.093011035207567, "Median": 0.09090909090909091, "1st Quartile": 0.045454545454545456, "3rd Quartile": 0.13636363636363635, "Standard Deviation": 0.06751115750071095}}}, {"Country Risk": {"Comparison": "Cluster elements in lowest 25%", "Credit Rating Statistics": {"Mean": 0.24740521089364684, "Median": 0.25817297632308783, "1st Quartile": 0.2503200304640496, "3rd Quartile": 0.25817297632308783, "Standard Deviation": 0.035762423068972}, "Cluster Statistics": {"Mean": 0.24780285848217318, "Median": 0.25817297632308783, "1st Quartile": 0.25453344559593416, "3rd Quartile": 0.25817297632308783, "Standard Deviation": 0.02699472961217719}}}, {"Country Diversification": {"Comparison": "Cluster elements in upper half", "Credit Rating Statistics": {"Mean": 0.1814595618933089, "Median": 0.046528290716937426, "1st Quartile": 0.0, "3rd Quartile": 0.3551424289295478, "Standard Deviation": 0.21731640984854017}, "Cluster Statistics": {"Mean": 0.12302384619239834, "Median": 0.0, "1st Quartile": 0.0, "3rd Quartile": 0.22903717364851026, "Standard Deviation": 0.1714136695699678}}}]}}}}