{"Algorithm Parameters": {"Eps": 0.1, "MinPts": 19, "K": 1.0}, "Algorithm Performance": {"Calinski Harabasz Index": 272.824}, "Clusters Content Analysis": {"Predictive Power": {"Global": {"Metrics": {"Class: Upgrade": {"Accuracy": 0.5384615384615384, "Precision": 0.6818181818181818, "Recall": 0.875, "F1-Score": 0.7664233576642336}, "Class: Downgrade": {"Accuracy": 0.8888888888888888, "Precision": 0.6818181818181818, "Recall": 0.5714285714285714, "F1-Score": 0.621761658031088}}, "Confusion Matrix": {"predicted_down_AND_was_down": 8, "predicted_up_AND_was_up": 7, "predicted_no_change_AND_was_no_change": 0, "predicted_down_BUT_was_up": 1, "predicted_down_BUT_was_no_change": 606, "predicted_no_change_BUT_was_up": 0, "predicted_no_change_BUT_was_down": 0, "predicted_up_BUT_was_down": 6, "predicted_up_BUT_was_no_change": 470}}, "Restricted to jumps to or from below B-": {"Metrics": {"Class: Upgrade": "No element of this class", "Class: Downgrade": "No element of this class"}, "Confusion Matrix": {"predicted_down_AND_was_down": 0, "predicted_up_AND_was_up": 0, "predicted_no_change_AND_was_no_change": 0, "predicted_down_BUT_was_up": 0, "predicted_down_BUT_was_no_change": 615, "predicted_no_change_BUT_was_up": 0, "predicted_no_change_BUT_was_down": 0, "predicted_up_BUT_was_down": 0, "predicted_up_BUT_was_no_change": 483}}}, "Share of total companies in each clusters": [0.7668488160291439, 0.2331511839708561, {"SUM": 1.0}], "Clusters with significant ranges (count)": 2, "Significant Clusters (count)": 2, "Cluster Credit Ratings Shares": [{"4.0": 0.0059382422802850355, "5.0": 0.0059382422802850355, "6.0": 0.030878859857482184, "7.0": 0.10095011876484561, "8.0": 0.10570071258907364, "9.0": 0.20546318289786222, "10.0": 0.1187648456057007, "11.0": 0.07244655581947744, "12.0": 0.08788598574821853, "13.0": 0.07244655581947744, "14.0": 0.08194774346793349, "15.0": 0.0510688836104513, "16.0": 0.028503562945368172, "17.0": 0.029691211401425176, "18.0": 0.0011876484560570072, "20.0": 0.0011876484560570072}, {"6.0": 0.04296875, "7.0": 0.08203125, "8.0": 0.13671875, "9.0": 0.1796875, "10.0": 0.13671875, "11.0": 0.09375, "12.0": 0.0859375, "14.0": 0.03515625, "17.0": 0.0234375, "1.0": 0.0078125, "2.0": 0.0078125, "3.0": 0.00390625, "4.0": 0.02734375, "5.0": 0.02734375, "13.0": 0.07421875, "15.0": 0.0078125, "16.0": 0.015625, "18.0": 0.00390625, "20.0": 0.0078125}], "Share of total companies with given credit rating in each cluter": [{"4.0": 0.4166666666666667, "5.0": 0.4166666666666667, "6.0": 0.7027027027027027, "7.0": 0.8018867924528302, "8.0": 0.717741935483871, "9.0": 0.7899543378995434, "10.0": 0.7407407407407407, "11.0": 0.7176470588235294, "12.0": 0.7708333333333334, "13.0": 0.7625, "14.0": 0.8846153846153846, "15.0": 0.9555555555555556, "16.0": 0.8571428571428571, "17.0": 0.8064516129032258, "18.0": 0.5, "20.0": 0.3333333333333333}, {"6.0": 0.2972972972972973, "7.0": 0.19811320754716982, "8.0": 0.28225806451612906, "9.0": 0.2100456621004566, "10.0": 0.25925925925925924, "11.0": 0.2823529411764706, "12.0": 0.22916666666666666, "14.0": 0.11538461538461539, "17.0": 0.1935483870967742, "1.0": 1.0, "2.0": 1.0, "3.0": 1.0, "4.0": 0.5833333333333334, "5.0": 0.5833333333333334, "13.0": 0.2375, "15.0": 0.044444444444444446, "16.0": 0.14285714285714285, "18.0": 0.5, "20.0": 0.6666666666666666}], "Cluster ranges": [16.0, 19.0], "Cluster metrics of location and dispersion": [{"Mean": 10.540380047505938, "Median": 10.0, "1st Quartile": 9.0, "3rd Quartile": 13.0, "Standard Deviation": 2.905300070843742, "Is Signficant": true}, {"Mean": 9.703125, "Median": 9.0, "1st Quartile": 8.0, "3rd Quartile": 12.0, "Standard Deviation": 3.1083541037621503, "Is Signficant": true}], "Cluster entropies": [3.4455290336630044, 3.5795884290741986], "Maximum entropy": 3.5795884290741986, "Weighted average entropy": 3.4767851404255414, "Incoherencies explanations": {"CLUSTER 0": {}, "CLUSTER 1": {}}}}