{"Algorithm Parameters": {"Eps": 0.1, "MinPts": 18, "K": 1.0}, "Algorithm Performance": {"Silhouette Score": 0.261}, "Clusters Content Analysis": {"Predictive Power": {"Global": {"Metrics": {"Class: Upgrade": {"Accuracy": 0.5384615384615384, "Precision": 0.6818181818181818, "Recall": 0.875, "F1-Score": 0.7664233576642336}, "Class: Downgrade": {"Accuracy": 0.8888888888888888, "Precision": 0.6818181818181818, "Recall": 0.5714285714285714, "F1-Score": 0.621761658031088}}, "Confusion Matrix": {"predicted_down_AND_was_down": 8, "predicted_up_AND_was_up": 7, "predicted_no_change_AND_was_no_change": 0, "predicted_down_BUT_was_up": 1, "predicted_down_BUT_was_no_change": 606, "predicted_no_change_BUT_was_up": 0, "predicted_no_change_BUT_was_down": 0, "predicted_up_BUT_was_down": 6, "predicted_up_BUT_was_no_change": 470}}, "Restricted to jumps to or from below B-": {"Metrics": {"Class: Upgrade": "No element of this class", "Class: Downgrade": "No element of this class"}, "Confusion Matrix": {"predicted_down_AND_was_down": 0, "predicted_up_AND_was_up": 0, "predicted_no_change_AND_was_no_change": 0, "predicted_down_BUT_was_up": 0, "predicted_down_BUT_was_no_change": 615, "predicted_no_change_BUT_was_up": 0, "predicted_no_change_BUT_was_down": 0, "predicted_up_BUT_was_down": 0, "predicted_up_BUT_was_no_change": 483}}}, "Share of total companies in each clusters": [0.773224043715847, 0.226775956284153, {"SUM": 1.0}], "Clusters with significant ranges (count)": 2, "Significant Clusters (count)": 2, "Cluster Credit Ratings Shares": [{"4.0": 0.005889281507656066, "5.0": 0.005889281507656066, "6.0": 0.03180212014134275, "7.0": 0.10129564193168433, "8.0": 0.10482921083627797, "9.0": 0.2061248527679623, "10.0": 0.11778563015312132, "11.0": 0.071849234393404, "12.0": 0.08833922261484099, "13.0": 0.071849234393404, "14.0": 0.08244994110718493, "15.0": 0.050647820965842166, "16.0": 0.028268551236749116, "17.0": 0.030624263839811542, "18.0": 0.001177856301531213, "20.0": 0.001177856301531213}, {"6.0": 0.040160642570281124, "7.0": 0.08032128514056225, "8.0": 0.14056224899598393, "9.0": 0.17670682730923695, "10.0": 0.14056224899598393, "11.0": 0.0963855421686747, "12.0": 0.08433734939759036, "14.0": 0.0321285140562249, "17.0": 0.020080321285140562, "1.0": 0.008032128514056224, "2.0": 0.008032128514056224, "3.0": 0.004016064257028112, "4.0": 0.028112449799196786, "5.0": 0.028112449799196786, "13.0": 0.07630522088353414, "15.0": 0.008032128514056224, "16.0": 0.01606425702811245, "18.0": 0.004016064257028112, "20.0": 0.008032128514056224}], "Share of total companies with given credit rating in each cluter": [{"4.0": 0.4166666666666667, "5.0": 0.4166666666666667, "6.0": 0.7297297297297297, "7.0": 0.8113207547169812, "8.0": 0.717741935483871, "9.0": 0.7990867579908676, "10.0": 0.7407407407407407, "11.0": 0.7176470588235294, "12.0": 0.78125, "13.0": 0.7625, "14.0": 0.8974358974358975, "15.0": 0.9555555555555556, "16.0": 0.8571428571428571, "17.0": 0.8387096774193549, "18.0": 0.5, "20.0": 0.3333333333333333}, {"6.0": 0.2702702702702703, "7.0": 0.18867924528301888, "8.0": 0.28225806451612906, "9.0": 0.2009132420091324, "10.0": 0.25925925925925924, "11.0": 0.2823529411764706, "12.0": 0.21875, "14.0": 0.10256410256410256, "17.0": 0.16129032258064516, "1.0": 1.0, "2.0": 1.0, "3.0": 1.0, "4.0": 0.5833333333333334, "5.0": 0.5833333333333334, "13.0": 0.2375, "15.0": 0.044444444444444446, "16.0": 0.14285714285714285, "18.0": 0.5, "20.0": 0.6666666666666666}], "Cluster ranges": [16.0, 19.0], "Cluster metrics of location and dispersion": [{"Mean": 10.540636042402827, "Median": 10.0, "1st Quartile": 9.0, "3rd Quartile": 13.0, "Standard Deviation": 2.912312527830936, "Is Signficant": true}, {"Mean": 9.67871485943775, "Median": 9.0, "1st Quartile": 8.0, "3rd Quartile": 11.0, "Standard Deviation": 3.087932977789733, "Is Signficant": true}], "Cluster entropies": [3.446594905375201, 3.5711519590273473], "Maximum entropy": 3.5711519590273473, "Weighted average entropy": 3.4748414503291034, "Incoherencies explanations": {"CLUSTER 0": {}, "CLUSTER 1": {}}}}