{"Algorithm Parameters": {"Eps": 0.1, "MinPts": 18, "K": 1.0}, "Algorithm Performance": {"Silhouette Score": 0.261}, "Clusters Content Analysis": {"Predictive Power": {"Metrics": {"Class: Upgrade": {"Accuracy": 0.5384615384615384, "Precision": 0.6818181818181818, "Recall": 0.875, "F1-Score": 0.7664233576642336}, "Class: Downgrade": {"Accuracy": 0.8888888888888888, "Precision": 0.6818181818181818, "Recall": 0.5714285714285714, "F1-Score": 0.621761658031088}}, "Confusion Matrix": {"predicted_down_AND_was_down": 8, "predicted_up_AND_was_up": 7, "predicted_no_change_AND_was_no_change": 0, "predicted_down_BUT_was_up": 1, "predicted_down_BUT_was_no_change": 606, "predicted_no_change_BUT_was_up": 0, "predicted_no_change_BUT_was_down": 0, "predicted_up_BUT_was_down": 6, "predicted_up_BUT_was_no_change": 470}}, "Share of total companies in each clusters": [0.773224043715847, 0.226775956284153, {"SUM": 1.0}], "Clusters with significant ranges (count)": 2, "Significant Clusters (count)": 2, "Cluster Credit Ratings Shares": [{"4.0": 0.005889281507656066, "5.0": 0.005889281507656066, "6.0": 0.03180212014134275, "7.0": 0.10129564193168433, "8.0": 0.10482921083627797, "9.0": 0.2061248527679623, "10.0": 0.11778563015312132, "11.0": 0.071849234393404, "12.0": 0.08833922261484099, "13.0": 0.071849234393404, "14.0": 0.08244994110718493, "15.0": 0.050647820965842166, "16.0": 0.028268551236749116, "17.0": 0.030624263839811542, "18.0": 0.001177856301531213, "20.0": 0.001177856301531213}, {"6.0": 0.040160642570281124, "7.0": 0.08032128514056225, "8.0": 0.14056224899598393, "9.0": 0.17670682730923695, "10.0": 0.14056224899598393, "11.0": 0.0963855421686747, "12.0": 0.08433734939759036, "14.0": 0.0321285140562249, "17.0": 0.020080321285140562, "1.0": 0.008032128514056224, "2.0": 0.008032128514056224, "3.0": 0.004016064257028112, "4.0": 0.028112449799196786, "5.0": 0.028112449799196786, "13.0": 0.07630522088353414, "15.0": 0.008032128514056224, "16.0": 0.01606425702811245, "18.0": 0.004016064257028112, "20.0": 0.008032128514056224}], "Share of total companies with given credit rating in each cluter": [{"4.0": 0.4166666666666667, "5.0": 0.4166666666666667, "6.0": 0.7297297297297297, "7.0": 0.8113207547169812, "8.0": 0.717741935483871, "9.0": 0.7990867579908676, "10.0": 0.7407407407407407, "11.0": 0.7176470588235294, "12.0": 0.78125, "13.0": 0.7625, "14.0": 0.8974358974358975, "15.0": 0.9555555555555556, "16.0": 0.8571428571428571, "17.0": 0.8387096774193549, "18.0": 0.5, "20.0": 0.3333333333333333}, {"6.0": 0.2702702702702703, "7.0": 0.18867924528301888, "8.0": 0.28225806451612906, "9.0": 0.2009132420091324, "10.0": 0.25925925925925924, "11.0": 0.2823529411764706, "12.0": 0.21875, "14.0": 0.10256410256410256, "17.0": 0.16129032258064516, "1.0": 1.0, "2.0": 1.0, "3.0": 1.0, "4.0": 0.5833333333333334, "5.0": 0.5833333333333334, "13.0": 0.2375, "15.0": 0.044444444444444446, "16.0": 0.14285714285714285, "18.0": 0.5, "20.0": 0.6666666666666666}], "Cluster ranges": [16.0, 19.0], "Cluster metrics of location and dispersion": [{"Mean": 10.540636042402827, "Median": 10.0, "1st Quartile": 9.0, "3rd Quartile": 13.0, "Standard Deviation": 2.912312527830936, "Is Signficant": true}, {"Mean": 9.67871485943775, "Median": 9.0, "1st Quartile": 8.0, "3rd Quartile": 11.0, "Standard Deviation": 3.087932977789733, "Is Signficant": true}], "Cluster entropies": [3.446594905375201, 3.5711519590273473], "Maximum entropy": 3.5711519590273473, "Weighted average entropy": 3.4748414503291034, "Incoherencies explanations": {"CLUSTER 0": {"RATING 9.0": [{"Financial Statement Lines": {"Comparison": "Cluster elements in upper half", "Credit Rating Statistics": {"Mean": 0.08102461306621749, "Median": 0.0746736150324174, "1st Quartile": 0.07008748198088896, "3rd Quartile": 0.07669326745430169, "Standard Deviation": 0.03249163492988828}, "Cluster Statistics": {"Mean": 0.07529959746391228, "Median": 0.07238939270587898, "1st Quartile": 0.06956854670152944, "3rd Quartile": 0.07611642896936355, "Standard Deviation": 0.010435683286650474}}}, {"Industry Risk": {"Comparison": "Cluster elements in upper half", "Credit Rating Statistics": {"Mean": 0.09941884599418846, "Median": 0.09090909090909091, "1st Quartile": 0.045454545454545456, "3rd Quartile": 0.13636363636363635, "Standard Deviation": 0.0706669157575899}, "Cluster Statistics": {"Mean": 0.09454545454545456, "Median": 0.09090909090909091, "1st Quartile": 0.045454545454545456, "3rd Quartile": 0.13636363636363635, "Standard Deviation": 0.0686245366949735}}}, {"Country Risk": {"Comparison": "Cluster elements in lowest 25%", "Credit Rating Statistics": {"Mean": 0.24740521089364684, "Median": 0.25817297632308783, "1st Quartile": 0.2503200304640496, "3rd Quartile": 0.25817297632308783, "Standard Deviation": 0.035762423068972}, "Cluster Statistics": {"Mean": 0.2479087203936179, "Median": 0.25817297632308783, "1st Quartile": 0.25450622240867693, "3rd Quartile": 0.25817297632308783, "Standard Deviation": 0.026941551210133644}}}, {"Country Diversification": {"Comparison": "Cluster elements in upper half", "Credit Rating Statistics": {"Mean": 0.1814595618933089, "Median": 0.046528290716937426, "1st Quartile": 0.0, "3rd Quartile": 0.3551424289295478, "Standard Deviation": 0.21731640984854017}, "Cluster Statistics": {"Mean": 0.12562151926409632, "Median": 0.0, "1st Quartile": 0.0, "3rd Quartile": 0.26391357898400547, "Standard Deviation": 0.17233877750313464}}}, {"Industry Diversification": {"Comparison": "Cluster elements in upper half", "Credit Rating Statistics": {"Mean": 0.1909267324871363, "Median": 0.00604312052965822, "1st Quartile": 0.0, "3rd Quartile": 0.3865530091875897, "Standard Deviation": 0.22293918723816813}, "Cluster Statistics": {"Mean": 0.12835984524127034, "Median": 0.0, "1st Quartile": 0.0, "3rd Quartile": 0.2727678631387729, "Standard Deviation": 0.1802228807818676}}}]}, "CLUSTER 1": {"RATING 9.0": [{"Financial Statement Lines": {"Comparison": "Cluster elements in highest 75%", "Credit Rating Statistics": {"Mean": 0.08102461306621749, "Median": 0.0746736150324174, "1st Quartile": 0.07008748198088896, "3rd Quartile": 0.07669326745430169, "Standard Deviation": 0.03249163492988828}, "Cluster Statistics": {"Mean": 0.10379456148447673, "Median": 0.07822936107841781, "1st Quartile": 0.07192414625130678, "3rd Quartile": 0.09532998414809464, "Standard Deviation": 0.06459543832052796}}}, {"Industry Risk": {"Comparison": "Cluster elements in upper half", "Credit Rating Statistics": {"Mean": 0.09941884599418846, "Median": 0.09090909090909091, "1st Quartile": 0.045454545454545456, "3rd Quartile": 0.13636363636363635, "Standard Deviation": 0.0706669157575899}, "Cluster Statistics": {"Mean": 0.11880165289256196, "Median": 0.13636363636363635, "1st Quartile": 0.09090909090909091, "3rd Quartile": 0.1477272727272727, "Standard Deviation": 0.0752006513849314}}}, {"Country Risk": {"Comparison": "Cluster elements in lowest 25%", "Credit Rating Statistics": {"Mean": 0.24740521089364684, "Median": 0.25817297632308783, "1st Quartile": 0.2503200304640496, "3rd Quartile": 0.25817297632308783, "Standard Deviation": 0.035762423068972}, "Cluster Statistics": {"Mean": 0.2454026162914892, "Median": 0.2572874155046947, "1st Quartile": 0.23122509984042694, "3rd Quartile": 0.26195610900638444, "Standard Deviation": 0.058938752469834446}}}, {"Country Diversification": {"Comparison": "Cluster elements in highest 75%", "Credit Rating Statistics": {"Mean": 0.1814595618933089, "Median": 0.046528290716937426, "1st Quartile": 0.0, "3rd Quartile": 0.3551424289295478, "Standard Deviation": 0.21731640984854017}, "Cluster Statistics": {"Mean": 0.4035426859867679, "Median": 0.426268919127746, "1st Quartile": 0.24446835256231414, "3rd Quartile": 0.5630180886790015, "Standard Deviation": 0.23496718741375058}}}, {"Industry Diversification": {"Comparison": "Cluster elements in highest 75%", "Credit Rating Statistics": {"Mean": 0.1909267324871363, "Median": 0.00604312052965822, "1st Quartile": 0.0,