{"Algorithm Parameters": {"K": 8}, "Algorithm Performance": {"WCSS": 20.85315902699127, "Silhouette Score": 0.3698331983221471, "Calinski Harabasz Index": 694.5649165071185}, "Clusters Content Analysis": {"Predictive Power": {"Global": {"Metrics": {"Class: Upgrade": {"Accuracy": 0.5384615384615384, "Precision": 0.6818181818181818, "Recall": 0.875, "F1-Score": 0.7664233576642336}, "Class: Downgrade": {"Accuracy": 0.8888888888888888, "Precision": 0.6818181818181818, "Recall": 0.5714285714285714, "F1-Score": 0.621761658031088}}, "Confusion Matrix": {"predicted_down_AND_was_down": 8, "predicted_up_AND_was_up": 7, "predicted_no_change_AND_was_no_change": 0, "predicted_down_BUT_was_up": 1, "predicted_down_BUT_was_no_change": 630, "predicted_no_change_BUT_was_up": 0, "predicted_no_change_BUT_was_down": 0, "predicted_up_BUT_was_down": 6, "predicted_up_BUT_was_no_change": 446}}, "Restricted to jumps to or from below B-": {"Metrics": {"Class: Upgrade": "No element of this class", "Class: Downgrade": "No element of this class"}, "Confusion Matrix": {"predicted_down_AND_was_down": 0, "predicted_up_AND_was_up": 0, "predicted_no_change_AND_was_no_change": 0, "predicted_down_BUT_was_up": 0, "predicted_down_BUT_was_no_change": 639, "predicted_no_change_BUT_was_up": 0, "predicted_no_change_BUT_was_down": 0, "predicted_up_BUT_was_down": 0, "predicted_up_BUT_was_no_change": 459}}}, "Share of total companies in each clusters": [0.3251366120218579, 0.09562841530054644, 0.10018214936247723, 0.06739526411657559, 0.11020036429872496, 0.06375227686703097, 0.14025500910746813, 0.09744990892531877, {"SUM": 1.0}], "Clusters with significant ranges (count)": 8, "Significant Clusters (count)": 7, "Cluster Credit Ratings Shares": [{"4.0": 0.0028011204481792717, "5.0": 0.0056022408963585435, "6.0": 0.04201680672268908, "7.0": 0.11764705882352941, "8.0": 0.10644257703081232, "9.0": 0.2689075630252101, "10.0": 0.047619047619047616, "11.0": 0.056022408963585436, "12.0": 0.0784313725490196, "13.0": 0.0784313725490196, "15.0": 0.056022408963585436, "16.0": 0.03081232492997199, "17.0": 0.03361344537815126, "14.0": 0.06722689075630252, "18.0": 0.0028011204481792717, "20.0": 0.0056022408963585435}, {"4.0": 0.009523809523809525, "6.0": 0.047619047619047616, "7.0": 0.14285714285714285, "8.0": 0.14285714285714285, "9.0": 0.0761904761904762, "10.0": 0.0761904761904762, "11.0": 0.05714285714285714, "12.0": 0.09523809523809523, "13.0": 0.14285714285714285, "14.0": 0.08571428571428572, "15.0": 0.06666666666666667, "16.0": 0.02857142857142857, "17.0": 0.02857142857142857}, {"6.0": 0.06363636363636363, "7.0": 0.12727272727272726, "8.0": 0.14545454545454545, "9.0": 0.17272727272727273, "1.0": 0.00909090909090909, "2.0": 0.00909090909090909, "4.0": 0.01818181818181818, "5.0": 0.01818181818181818, "10.0": 0.13636363636363635, "11.0": 0.10909090909090909, "12.0": 0.05454545454545454, "13.0": 0.045454545454545456, "14.0": 0.045454545454545456, "15.0": 0.00909090909090909, "16.0": 0.02727272727272727, "17.0": 0.00909090909090909}, {"7.0": 0.12162162162162163, "10.0": 0.14864864864864866, "11.0": 0.04054054054054054, "14.0": 0.0945945945945946, "8.0": 0.10810810810810811, "9.0": 0.17567567567567569, "12.0": 0.10810810810810811, "13.0": 0.08108108108108109, "15.0": 0.05405405405405406, "16.0": 0.02702702702702703, "17.0": 0.04054054054054054}, {"7.0": 0.08264462809917356, "9.0": 0.17355371900826447, "10.0": 0.09090909090909091, "15.0": 0.04132231404958678, "2.0": 0.008264462809917356, "4.0": 0.03305785123966942, "5.0": 0.01652892561983471, "6.0": 0.03305785123966942, "8.0": 0.1322314049586777, "11.0": 0.08264462809917356, "12.0": 0.06611570247933884, "13.0": 0.09090909090909091, "14.0": 0.09917355371900827, "16.0": 0.01652892561983471, "17.0": 0.03305785123966942}, {"9.0": 0.2, "11.0": 0.07142857142857142, "4.0": 0.04285714285714286, "5.0": 0.014285714285714285, "7.0": 0.11428571428571428, "8.0": 0.18571428571428572, "10.0": 0.15714285714285714, "12.0": 0.07142857142857142, "13.0": 0.02857142857142857, "14.0": 0.04285714285714286, "16.0": 0.02857142857142857, "17.0": 0.02857142857142857, "18.0": 0.014285714285714285}, {"9.0": 0.16883116883116883, "10.0": 0.35064935064935066, "11.0": 0.09090909090909091, "15.0": 0.032467532467532464, "16.0": 0.025974025974025976, "1.0": 0.006493506493506494, "3.0": 0.006493506493506494, "5.0": 0.025974025974025976, "6.0": 0.025974025974025976, "7.0": 0.032467532467532464, "8.0": 0.06493506493506493, "12.0": 0.09090909090909091, "13.0": 0.03896103896103896, "14.0": 0.025974025974025976, "17.0": 0.012987012987012988}, {"11.0": 0.14018691588785046, "14.0": 0.1308411214953271, "4.0": 0.009345794392523364, "5.0": 0.009345794392523364, "6.0": 0.018691588785046728, "7.0": 0.028037383177570093, "8.0": 0.07476635514018691, "9.0": 0.205607476635514, "10.0": 0.07476635514018691, "12.0": 0.1588785046728972, "13.0": 0.06542056074766354, "15.0": 0.028037383177570093, "16.0": 0.009345794392523364, "17.0": 0.037383177570093455, "20.0": 0.009345794392523364}], "Share of total companies with given credit rating in each cluter": [{"4.0": 0.08333333333333333, "5.0": 0.16666666666666666, "6.0": 0.40540540540540543, "7.0": 0.39622641509433965, "8.0": 0.3064516129032258, "9.0": 0.4383561643835616, "10.0": 0.1259259259259259, "11.0": 0.23529411764705882, "12.0": 0.2916666666666667, "13.0": 0.35, "15.0": 0.4444444444444444, "16.0": 0.39285714285714285, "17.0": 0.3870967741935484, "14.0": 0.3076923076923077, "18.0": 0.5, "20.0": 0.6666666666666666}, {"4.0": 0.08333333333333333, "6.0": 0.13513513513513514, "7.0": 0.14150943396226415, "8.0": 0.12096774193548387, "9.0": 0.0365296803652968, "10.0": 0.05925925925925926, "11.0": 0.07058823529411765, "12.0": 0.10416666666666667, "13.0": 0.1875, "14.0": 0.11538461538461539, "15.0": 0.15555555555555556, "16.0": 0.10714285714285714, "17.0": 0.0967741935483871}, {"6.0": 0.1891891891891892, "7.0": 0.1320754716981132, "8.0": 0.12903225806451613, "9.0": 0.0867579908675799, "1.0": 0.5, "2.0": 0.5, "4.0": 0.16666666666666666, "5.0": 0.16666666666666666, "10.0": 0.1111111111111111, "11.0": 0.1411764705882353, "12.0": 0.0625, "13.0": 0.0625, "14.0": 0.0641025641025641, "15.0": 0.022222222222222223, "16.0": 0.10714285714285714, "17.0": 0.03225806451612903}, {"7.0": 0.08490566037735849, "10.0": 0.08148148148148149, "11.0": 0.03529411764705882, "14.0": 0.08974358974358974, "8.0": 0.06451612903225806, "9.0": 0.0593607305936073, "12.0": 0.08333333333333333, "13.0": 0.075, "15.0": 0.08888888888888889, "16.0": 0.07142857142857142, "17.0": 0.0967741935483871}, {"7.0": 0.09433962264150944, "9.0": 0.0958904109589041, "10.0": 0.08148148148148149, "15.0": 0.1111111111111111, "2.0": 0.5, "4.0": 0.3333333333333333, "5.0": 0.16666666666666666, "6.0": 0.10810810810810811, "8.0": 0.12903225806451613, "11.0": 0.11764705882352941, "12.0": 0.08333333333333333, "13.0": 0.1375, "14.0": 0.15384615384615385, "16.0": 0.07142857142857142, "17.0": 0.12903225806451613}, {"9.0": 0.0639269406392694, "11.0": 0.058823529411764705, "4.0": 0.25, "5.0": 0.08333333333333333, "7.0": 0.07547169811320754, "8.0": 0.10483870967741936, "10.0": 0.08148148148148149, "12.0": 0.052083333333333336, "13.0": 0.025, "14.0": 0.038461538461538464, "16.0": 0.07142857142857142, "17.0": 0.06451612903225806, "18.0": 0.5}, {"9.0": 0.1187214611872146, "10.0": 0.4, "11.0": 0.16470588235294117, "15.0": 0.1111111111111111, "16.0": 0.14285714285714285, "1.0": 0.5, "3.0": 1.0, "5.0": 0.3333333333333333, "6.0": 0.10810810810810811, "7.0": 0.04716981132075472, "8.0": 0.08064516129032258, "12.0": 0.14583333333333334, "13.0": 0.075, "14.0": 0.05128205128205128, "17.0": 0.06451612903225806}, {"11.0": 0.17647058823529413, "14.0": 0.1794871794871795, "4.0": 0.08333333333333333, "5.0": 0.08333333333333333, "6.0": 0.05405405405405406, "7.0": 0.02830188679245283, "8.0": 0.06451612903225806, "9.0": 0.1004566210045662, "10.0": 0.05925925925925926, "12.0": 0.17708333333333334, "13.0": 0.0875, "15.0": 0.06666666666666667,