{"Algorithm Parameters": {"K": 8}, "Algorithm Performance": {"WCSS": 20.85315902699127, "Silhouette Score": 0.3698331983221471, "Calinski Harabasz Index": 694.5649165071185}, "Clusters Content Analysis": {"Predictive Power": {"Global": {"Metrics": {"Class: Upgrade": {"Accuracy": 0.5, "Precision": 0.6363636363636364, "Recall": 0.75, "F1-Score": 0.6885245901639345}, "Class: Downgrade": {"Accuracy": 0.8, "Precision": 0.6363636363636364, "Recall": 0.5714285714285714, "F1-Score": 0.6021505376344085}}, "Confusion Matrix": {"predicted_down_AND_was_down": 8, "predicted_up_AND_was_up": 6, "predicted_no_change_AND_was_no_change": 0, "predicted_down_BUT_was_up": 2, "predicted_down_BUT_was_no_change": 626, "predicted_no_change_BUT_was_up": 0, "predicted_no_change_BUT_was_down": 0, "predicted_up_BUT_was_down": 6, "predicted_up_BUT_was_no_change": 450}}, "Restricted to jumps to or from below B-": {"Metrics": {"Class: Upgrade": "No element of this class", "Class: Downgrade": "No element of this class"}, "Confusion Matrix": {"predicted_down_AND_was_down": 0, "predicted_up_AND_was_up": 0, "predicted_no_change_AND_was_no_change": 0, "predicted_down_BUT_was_up": 0, "predicted_down_BUT_was_no_change": 636, "predicted_no_change_BUT_was_up": 0, "predicted_no_change_BUT_was_down": 0, "predicted_up_BUT_was_down": 0, "predicted_up_BUT_was_no_change": 462}}}, "Share of total companies in each clusters": [0.1885245901639344, 0.16939890710382513, 0.10746812386156648, 0.08925318761384335, 0.08105646630236794, 0.16666666666666666, 0.08105646630236794, 0.11657559198542805, {"SUM": 1.0}], "Clusters with significant ranges (count)": 8, "Significant Clusters (count)": 7, "Cluster Credit Ratings Shares": [{"4.0": 0.004830917874396135, "5.0": 0.00966183574879227, "6.0": 0.06763285024154589, "7.0": 0.18840579710144928, "8.0": 0.14009661835748793, "9.0": 0.25120772946859904, "10.0": 0.043478260869565216, "11.0": 0.028985507246376812, "12.0": 0.06763285024154589, "13.0": 0.05314009661835749, "16.0": 0.028985507246376812, "17.0": 0.04830917874396135, "14.0": 0.03864734299516908, "15.0": 0.01932367149758454, "18.0": 0.004830917874396135, "20.0": 0.004830917874396135}, {"4.0": 0.005376344086021506, "6.0": 0.026881720430107527, "7.0": 0.11827956989247312, "8.0": 0.12903225806451613, "9.0": 0.0913978494623656, "10.0": 0.08602150537634409, "11.0": 0.07526881720430108, "14.0": 0.12365591397849462, "12.0": 0.11290322580645161, "13.0": 0.10752688172043011, "15.0": 0.053763440860215055, "16.0": 0.021505376344086023, "17.0": 0.043010752688172046, "20.0": 0.005376344086021506}, {"6.0": 0.059322033898305086, "7.0": 0.11864406779661017, "8.0": 0.11016949152542373, "9.0": 0.19491525423728814, "14.0": 0.05084745762711865, "1.0": 0.00847457627118644, "2.0": 0.00847457627118644, "4.0": 0.01694915254237288, "5.0": 0.01694915254237288, "10.0": 0.1271186440677966, "11.0": 0.09322033898305085, "12.0": 0.07627118644067797, "13.0": 0.06779661016949153, "15.0": 0.01694915254237288, "16.0": 0.025423728813559324, "17.0": 0.00847457627118644}, {"7.0": 0.08163265306122448, "9.0": 0.15306122448979592, "10.0": 0.09183673469387756, "15.0": 0.04081632653061224, "2.0": 0.01020408163265306, "4.0": 0.04081632653061224, "5.0": 0.02040816326530612, "6.0": 0.04081632653061224, "8.0": 0.1326530612244898, "11.0": 0.08163265306122448, "12.0": 0.07142857142857142, "13.0": 0.09183673469387756, "14.0": 0.10204081632653061, "16.0": 0.01020408163265306, "17.0": 0.030612244897959183}, {"9.0": 0.21348314606741572, "11.0": 0.0898876404494382, "4.0": 0.033707865168539325, "5.0": 0.011235955056179775, "6.0": 0.011235955056179775, "7.0": 0.12359550561797752, "8.0": 0.1797752808988764, "10.0": 0.15730337078651685, "12.0": 0.056179775280898875, "13.0": 0.02247191011235955, "14.0": 0.0449438202247191, "16.0": 0.02247191011235955, "17.0": 0.02247191011235955, "18.0": 0.011235955056179775}, {"9.0": 0.19672131147540983, "10.0": 0.30601092896174864, "11.0": 0.09289617486338798, "15.0": 0.0273224043715847, "16.0": 0.0273224043715847, "1.0": 0.00546448087431694, "3.0": 0.00546448087431694, "4.0": 0.00546448087431694, "5.0": 0.02185792349726776, "6.0": 0.01092896174863388, "7.0": 0.02185792349726776, "8.0": 0.08196721311475409, "12.0": 0.09289617486338798, "13.0": 0.04371584699453552, "14.0": 0.03825136612021858, "17.0": 0.02185792349726776}, {"15.0": 0.11235955056179775, "5.0": 0.011235955056179775, "6.0": 0.011235955056179775, "7.0": 0.0449438202247191, "8.0": 0.0449438202247191, "9.0": 0.14606741573033707, "10.0": 0.11235955056179775, "11.0": 0.11235955056179775, "12.0": 0.12359550561797752, "13.0": 0.07865168539325842, "14.0": 0.10112359550561797, "16.0": 0.056179775280898875, "17.0": 0.033707865168539325, "20.0": 0.011235955056179775}, {"6.0": 0.0234375, "7.0": 0.03125, "8.0": 0.078125, "9.0": 0.34375, "10.0": 0.046875, "11.0": 0.0859375, "12.0": 0.09375, "13.0": 0.1171875, "14.0": 0.0859375, "15.0": 0.078125, "16.0": 0.015625}], "Share of total companies with given credit rating in each cluter": [{"4.0": 0.08333333333333333, "5.0": 0.16666666666666666, "6.0": 0.3783783783783784, "7.0": 0.36792452830188677, "8.0": 0.23387096774193547, "9.0": 0.2374429223744292, "10.0": 0.06666666666666667, "11.0": 0.07058823529411765, "12.0": 0.14583333333333334, "13.0": 0.1375, "16.0": 0.21428571428571427, "17.0": 0.3225806451612903, "14.0": 0.10256410256410256, "15.0": 0.08888888888888889, "18.0": 0.5, "20.0": 0.3333333333333333}, {"4.0": 0.08333333333333333, "6.0": 0.13513513513513514, "7.0": 0.20754716981132076, "8.0": 0.1935483870967742, "9.0": 0.0776255707762557, "10.0": 0.11851851851851852, "11.0": 0.16470588235294117, "14.0": 0.2948717948717949, "12.0": 0.21875, "13.0": 0.25, "15.0": 0.2222222222222222, "16.0": 0.14285714285714285, "17.0": 0.25806451612903225, "20.0": 0.3333333333333333}, {"6.0": 0.1891891891891892, "7.0": 0.1320754716981132, "8.0": 0.10483870967741936, "9.0": 0.1050228310502283, "14.0": 0.07692307692307693, "1.0": 0.5, "2.0": 0.5, "4.0": 0.16666666666666666, "5.0": 0.16666666666666666, "10.0": 0.1111111111111111, "11.0": 0.12941176470588237, "12.0": 0.09375, "13.0": 0.1, "15.0": 0.044444444444444446, "16.0": 0.10714285714285714, "17.0": 0.03225806451612903}, {"7.0": 0.07547169811320754, "9.0": 0.0684931506849315, "10.0": 0.06666666666666667, "15.0": 0.08888888888888889, "2.0": 0.5, "4.0": 0.3333333333333333, "5.0": 0.16666666666666666, "6.0": 0.10810810810810811, "8.0": 0.10483870967741936, "11.0": 0.09411764705882353, "12.0": 0.07291666666666667, "13.0": 0.1125, "14.0": 0.1282051282051282, "16.0": 0.03571428571428571, "17.0": 0.0967741935483871}, {"9.0": 0.0867579908675799, "11.0": 0.09411764705882353, "4.0": 0.25, "5.0": 0.08333333333333333, "6.0": 0.02702702702702703, "7.0": 0.10377358490566038, "8.0": 0.12903225806451613, "10.0": 0.1037037037037037, "12.0": 0.052083333333333336, "13.0": 0.025, "14.0": 0.05128205128205128, "16.0": 0.07142857142857142, "17.0": 0.06451612903225806, "18.0": 0.5}, {"9.0": 0.1643835616438356, "10.0": 0.4148148148148148, "11.0": 0.2, "15.0": 0.1111111111111111, "16.0": 0.17857142857142858, "1.0": 0.5, "3.0": 1.0, "4.0": 0.08333333333333333, "5.0": 0.3333333333333333, "6.0": 0.05405405405405406, "7.0": 0.03773584905660377, "8.0": 0.12096774193548387, "12.0": 0.17708333333333334, "13.0": 0.1, "14.0": 0.08974358974358974, "17.0": 0.12903225806451613}, {"15.0": 0.2222222222222222, "5.0": 0.08333333333333333, "6.0": 0.02702702702702703, "7.0": 0.03773584905660377, "8.0": 0.03225806451612903, "9.0": 0.0593607305936073, "10.0": 0.07407407407407407, "11.0": 0.11764705882352941, "12.0": 0.11458333333333333, "13.0": 0.0875, "14.0": 0.11538461538461539, "16.0": 0.17857142857142858, "17.0": 0.0967741935483871, "20.0": 0.3333333333333333}, {"6.0": 0.08108108108108109, "7.0": 0.03773584905660377, "8.0": 0.08064516129032258, "9.0": 0.2009132420091324, "10.0": 0.044444444444444446, "11.0": 0.12941176470588237, "12.0": 0.125, "13.0": 0.1875, "14.0": 0.14102564102564102, "15.0": 0.2222222222222222,