{"Algorithm Parameters": {"C": 8}, "Algorithm Performance": {"WCSS": 21.76824155164748, "Silhouette Score": 0.33266735442217443, "Calinski Harabasz Index": 678.1062739430372}, "Clusters Content Analysis": {"Predictive Power": {"Global": {"Metrics": {"Class: Upgrade": {"Accuracy": 0.5909090909090909, "Precision": 0.6578947368421053, "Recall": 0.7647058823529411, "F1-Score": 0.7072905331882482}, "Class: Downgrade": {"Accuracy": 0.75, "Precision": 0.6578947368421053, "Recall": 0.5714285714285714, "F1-Score": 0.6116207951070336}}, "Confusion Matrix": {"predicted_down_AND_was_down": 12, "predicted_up_AND_was_up": 13, "predicted_no_change_AND_was_no_change": 0, "predicted_down_BUT_was_up": 4, "predicted_down_BUT_was_no_change": 634, "predicted_no_change_BUT_was_up": 0, "predicted_no_change_BUT_was_down": 0, "predicted_up_BUT_was_down": 9, "predicted_up_BUT_was_no_change": 426}}, "Restricted to jumps to or from below B-": {"Metrics": {"Class: Upgrade": "No element of this class", "Class: Downgrade": "No element of this class"}, "Confusion Matrix": {"predicted_down_AND_was_down": 0, "predicted_up_AND_was_up": 0, "predicted_no_change_AND_was_no_change": 0, "predicted_down_BUT_was_up": 0, "predicted_down_BUT_was_no_change": 650, "predicted_no_change_BUT_was_up": 0, "predicted_no_change_BUT_was_down": 0, "predicted_up_BUT_was_down": 0, "predicted_up_BUT_was_no_change": 448}}}, "Share of total companies in each clusters": [0.19854280510018216, 0.17122040072859745, 0.11930783242258652, 0.1092896174863388, 0.09016393442622951, 0.07377049180327869, 0.09927140255009108, 0.1384335154826958, {"SUM": 0.9999999999999999}], "Clusters with significant ranges (count)": 8, "Significant Clusters (count)": 6, "Cluster Credit Ratings Shares": [{"AA-": 0.0045871559633027525, "A+": 0.009174311926605505, "A": 0.05963302752293578, "A-": 0.17889908256880735, "BBB+": 0.13302752293577982, "BBB": 0.24311926605504589, "BBB-": 0.045871559633027525, "BB+": 0.03211009174311927, "BB": 0.06880733944954129, "BB-": 0.05504587155963303, "B": 0.03669724770642202, "B-": 0.027522935779816515, "CCC+": 0.03211009174311927, "CCC-": 0.01834862385321101, "B+": 0.04128440366972477, "CC": 0.0045871559633027525, "D": 0.009174311926605505}, {"AA-": 0.005319148936170213, "A": 0.026595744680851064, "A-": 0.10638297872340426, "BBB+": 0.11702127659574468, "BBB": 0.12234042553191489, "BBB-": 0.06914893617021277, "BB+": 0.07446808510638298, "B+": 0.11170212765957446, "A+": 0.005319148936170213, "BB": 0.13297872340425532, "BB-": 0.10106382978723404, "B": 0.06382978723404255, "B-": 0.02127659574468085, "CCC+": 0.02127659574468085, "CCC": 0.010638297872340425, "CCC-": 0.010638297872340425}, {"A": 0.061068702290076333, "A-": 0.11450381679389313, "BBB": 0.19083969465648856, "BBB-": 0.1297709923664122, "B+": 0.061068702290076333, "AAA": 0.007633587786259542, "AA+": 0.007633587786259542, "AA-": 0.007633587786259542, "BBB+": 0.09923664122137404, "BB+": 0.0916030534351145, "BB": 0.0916030534351145, "BB-": 0.07633587786259542, "B": 0.015267175572519083, "B-": 0.022900763358778626, "CCC+": 0.007633587786259542, "CCC": 0.007633587786259542, "D": 0.007633587786259542}, {"A-": 0.075, "BBB": 0.15833333333333333, "BBB-": 0.09166666666666666, "B": 0.05, "AA-": 0.03333333333333333, "A+": 0.016666666666666666, "A": 0.025, "BBB+": 0.125, "BB+": 0.08333333333333333, "BB": 0.06666666666666667, "BB-": 0.10833333333333334, "B+": 0.10833333333333334, "B-": 0.025, "CCC+": 0.03333333333333333}, {"BBB+": 0.1919191919191919, "BBB": 0.18181818181818182, "BB+": 0.09090909090909091, "AA-": 0.04040404040404041, "A+": 0.030303030303030304, "A-": 0.13131313131313133, "BBB-": 0.1414141414141414, "BB": 0.050505050505050504, "BB-": 0.030303030303030304, "B+": 0.050505050505050504, "B-": 0.020202020202020204, "CCC+": 0.010101010101010102, "CCC": 0.020202020202020204, "CC": 0.010101010101010102}, {"BBB": 0.16049382716049382, "B-": 0.024691358024691357, "AA": 0.012345679012345678, "AA-": 0.012345679012345678, "A": 0.024691358024691357, "A-": 0.012345679012345678, "BBB+": 0.06172839506172839, "BBB-": 0.48148148148148145, "BB+": 0.08641975308641975, "BB": 0.024691358024691357, "BB-": 0.037037037037037035, "B+": 0.037037037037037035, "B": 0.024691358024691357}, {"BBB-": 0.1926605504587156, "BB+": 0.11926605504587157, "B": 0.027522935779816515, "AAA": 0.009174311926605505, "AA+": 0.009174311926605505, "A+": 0.03669724770642202, "A": 0.01834862385321101, "A-": 0.03669724770642202, "BBB+": 0.09174311926605505, "BBB": 0.2018348623853211, "BB": 0.13761467889908258, "BB-": 0.03669724770642202, "B+": 0.03669724770642202, "B-": 0.027522935779816515, "CCC+": 0.01834862385321101}, {"A": 0.02631578947368421, "A-": 0.03289473684210526, "BBB+": 0.07236842105263158, "BBB": 0.3026315789473684, "BBB-": 0.06578947368421052, "BB+": 0.08552631578947369, "BB": 0.09210526315789473, "BB-": 0.10526315789473684, "B+": 0.09868421052631579, "B": 0.07894736842105263, "B-": 0.03289473684210526, "CCC+": 0.006578947368421052}], "Share of total companies with given credit rating in each cluter": [{"AA-": 0.08333333333333333, "A+": 0.16666666666666666, "A": 0.35135135135135137, "A-": 0.36792452830188677, "BBB+": 0.23387096774193547, "BBB": 0.2420091324200913, "BBB-": 0.07407407407407407, "BB+": 0.08235294117647059, "BB": 0.15625, "BB-": 0.15, "B": 0.17777777777777778, "B-": 0.21428571428571427, "CCC+": 0.35, "CCC-": 0.6666666666666666, "B+": 0.11538461538461539, "CC": 0.5, "D": 0.6666666666666666}, {"AA-": 0.08333333333333333, "A": 0.13513513513513514, "A-": 0.18867924528301888, "BBB+": 0.1774193548387097, "BBB": 0.1050228310502283, "BBB-": 0.0962962962962963, "BB+": 0.16470588235294117, "B+": 0.2692307692307692, "A+": 0.08333333333333333, "BB": 0.2604166666666667, "BB-": 0.2375, "B": 0.26666666666666666, "B-": 0.14285714285714285, "CCC+": 0.2, "CCC": 0.4, "CCC-": 0.3333333333333333}, {"A": 0.21621621621621623, "A-": 0.14150943396226415, "BBB": 0.1141552511415525, "BBB-": 0.1259259259259259, "B+": 0.10256410256410256, "AAA": 0.5, "AA+": 0.5, "AA-": 0.08333333333333333, "BBB+": 0.10483870967741936, "BB+": 0.1411764705882353, "BB": 0.125, "BB-": 0.125, "B": 0.044444444444444446, "B-": 0.10714285714285714, "CCC+": 0.05, "CCC": 0.2, "D": 0.3333333333333333}, {"A-": 0.08490566037735849, "BBB": 0.0867579908675799, "BBB-": 0.08148148148148149, "B": 0.13333333333333333, "AA-": 0.3333333333333333, "A+": 0.16666666666666666, "A": 0.08108108108108109, "BBB+": 0.12096774193548387, "BB+": 0.11764705882352941, "BB": 0.08333333333333333, "BB-": 0.1625, "B+": 0.16666666666666666, "B-": 0.10714285714285714, "CCC+": 0.2}, {"BBB+": 0.1532258064516129, "BBB": 0.0821917808219178, "BB+": 0.10588235294117647, "AA-": 0.3333333333333333, "A+": 0.25, "A-": 0.12264150943396226, "BBB-": 0.1037037037037037, "BB": 0.052083333333333336, "BB-": 0.0375, "B+": 0.0641025641025641, "B-": 0.07142857142857142, "CCC+": 0.05, "CCC": 0.4, "CC": 0.5}, {"BBB": 0.0593607305936073, "B-": 0.07142857142857142, "AA": 1.0, "AA-": 0.08333333333333333, "A": 0.05405405405405406, "A-": 0.009433962264150943, "BBB+": 0.04032258064516129, "BBB-": 0.28888888888888886, "BB+": 0.08235294117647059, "BB": 0.020833333333333332, "BB-": 0.0375, "B+": 0.038461538461538464, "B": 0.044444444444444446}, {"BBB-": 0.15555555555555556, "BB+": 0.15294117647058825, "B": 0.06666666666666667, "AAA": 0.5, "AA+": 0.5, "A+": 0.3333333333333333, "A": 0.05405405405405406, "A-": 0.03773584905660377, "BBB+": 0.08064516129032258, "BBB": 0.1004566210045662, "BB": 0.15625, "BB-": 0.05, "B+": 0.05128205128205128, "B-": 0.10714285714285714, "CCC+": 0.1}, {"A": 0.10810810810810811, "A-": 0.04716981132075472, "BBB+": 0.08870967741935484, "BBB": 0.2100456621004566, "BBB-": 0.07407407407407407, "BB+": 0.15294117647058825, "BB": 0.14583333333333334, "BB-": 0.2, "B+": 0.19230769230769232, "B": 0.26666666666666666, "B-": 0.17857142857142858, "CCC+": 0.05}], "Cluster ranges": [18.0, 15.0, 21.0, 13.0, 16.0, 13.0, 16.0, 11.0],