{"Algorithm Parameters": {"C": 8}, "Algorithm Performance": {"WCSS": 21.76824155164748, "Silhouette Score": 0.33266735442217443, "Calinski Harabasz Index": 678.1062739430372}, "Clusters Content Analysis": {"Predictive Power": {"Global": {"Metrics": {"Class: Upgrade": {"Accuracy": 0.5384615384615384, "Precision": 0.6818181818181818, "Recall": 0.875, "F1-Score": 0.7664233576642336}, "Class: Downgrade": {"Accuracy": 0.8888888888888888, "Precision": 0.6818181818181818, "Recall": 0.5714285714285714, "F1-Score": 0.621761658031088}}, "Confusion Matrix": {"predicted_down_AND_was_down": 8, "predicted_up_AND_was_up": 7, "predicted_no_change_AND_was_no_change": 0, "predicted_down_BUT_was_up": 1, "predicted_down_BUT_was_no_change": 625, "predicted_no_change_BUT_was_up": 0, "predicted_no_change_BUT_was_down": 0, "predicted_up_BUT_was_down": 6, "predicted_up_BUT_was_no_change": 451}}, "Restricted to jumps to or from below B-": {"Metrics": {"Class: Upgrade": "No element of this class", "Class: Downgrade": "No element of this class"}, "Confusion Matrix": {"predicted_down_AND_was_down": 0, "predicted_up_AND_was_up": 0, "predicted_no_change_AND_was_no_change": 0, "predicted_down_BUT_was_up": 0, "predicted_down_BUT_was_no_change": 634, "predicted_no_change_BUT_was_up": 0, "predicted_no_change_BUT_was_down": 0, "predicted_up_BUT_was_down": 0, "predicted_up_BUT_was_no_change": 464}}}, "Share of total companies in each clusters": [0.19581056466302368, 0.14207650273224043, 0.08561020036429873, 0.1429872495446266, 0.10837887067395265, 0.09016393442622951, 0.09744990892531877, 0.13752276867030966, {"SUM": 1.0}], "Clusters with significant ranges (count)": 8, "Significant Clusters (count)": 7, "Cluster Credit Ratings Shares": [{"4.0": 0.004651162790697674, "5.0": 0.009302325581395349, "6.0": 0.05581395348837209, "7.0": 0.17674418604651163, "8.0": 0.13488372093023257, "9.0": 0.24651162790697675, "10.0": 0.04186046511627907, "11.0": 0.03255813953488372, "12.0": 0.06511627906976744, "13.0": 0.06046511627906977, "15.0": 0.037209302325581395, "16.0": 0.027906976744186046, "17.0": 0.05116279069767442, "14.0": 0.04186046511627907, "18.0": 0.004651162790697674, "20.0": 0.009302325581395349}, {"4.0": 0.00641025641025641, "6.0": 0.04487179487179487, "7.0": 0.09615384615384616, "8.0": 0.10897435897435898, "9.0": 0.1282051282051282, "10.0": 0.05128205128205128, "11.0": 0.08333333333333333, "14.0": 0.12179487179487179, "5.0": 0.00641025641025641, "12.0": 0.1346153846153846, "13.0": 0.10897435897435898, "15.0": 0.057692307692307696, "16.0": 0.019230769230769232, "17.0": 0.03205128205128205}, {"6.0": 0.031914893617021274, "7.0": 0.10638297872340426, "10.0": 0.13829787234042554, "11.0": 0.06382978723404255, "14.0": 0.0851063829787234, "2.0": 0.010638297872340425, "8.0": 0.11702127659574468, "9.0": 0.1702127659574468, "12.0": 0.10638297872340426, "13.0": 0.07446808510638298, "15.0": 0.0425531914893617, "16.0": 0.02127659574468085, "17.0": 0.031914893617021274}, {"7.0": 0.07643312101910828, "8.0": 0.08917197452229299, "9.0": 0.1592356687898089, "16.0": 0.025477707006369428, "1.0": 0.006369426751592357, "3.0": 0.006369426751592357, "4.0": 0.012738853503184714, "5.0": 0.006369426751592357, "6.0": 0.03184713375796178, "10.0": 0.3057324840764331, "11.0": 0.08280254777070063, "12.0": 0.06369426751592357, "13.0": 0.050955414012738856, "14.0": 0.044585987261146494, "15.0": 0.01910828025477707, "17.0": 0.012738853503184714, "20.0": 0.006369426751592357}, {"7.0": 0.07563025210084033, "9.0": 0.16806722689075632, "10.0": 0.09243697478991597, "15.0": 0.05042016806722689, "2.0": 0.008403361344537815, "4.0": 0.03361344537815126, "5.0": 0.01680672268907563, "6.0": 0.025210084033613446, "8.0": 0.12605042016806722, "11.0": 0.08403361344537816, "12.0": 0.058823529411764705, "13.0": 0.10084033613445378, "14.0": 0.10084033613445378, "16.0": 0.025210084033613446, "17.0": 0.03361344537815126}, {"9.0": 0.18181818181818182, "11.0": 0.09090909090909091, "4.0": 0.04040404040404041, "5.0": 0.020202020202020204, "7.0": 0.13131313131313133, "8.0": 0.1919191919191919, "10.0": 0.16161616161616163, "12.0": 0.050505050505050504, "13.0": 0.030303030303030304, "14.0": 0.04040404040404041, "16.0": 0.020202020202020204, "17.0": 0.030303030303030304, "18.0": 0.010101010101010102}, {"10.0": 0.19626168224299065, "11.0": 0.1308411214953271, "15.0": 0.028037383177570093, "1.0": 0.009345794392523364, "5.0": 0.037383177570093455, "6.0": 0.028037383177570093, "7.0": 0.037383177570093455, "8.0": 0.07476635514018691, "9.0": 0.205607476635514, "12.0": 0.1308411214953271, "13.0": 0.037383177570093455, "14.0": 0.037383177570093455, "16.0": 0.028037383177570093, "17.0": 0.018691588785046728}, {"6.0": 0.026490066225165563, "7.0": 0.033112582781456956, "8.0": 0.0728476821192053, "9.0": 0.2980132450331126, "10.0": 0.059602649006622516, "11.0": 0.08609271523178808, "12.0": 0.09933774834437085, "13.0": 0.10596026490066225, "14.0": 0.09933774834437085, "15.0": 0.07947019867549669, "16.0": 0.033112582781456956, "17.0": 0.006622516556291391}], "Share of total companies with given credit rating in each cluter": [{"4.0": 0.08333333333333333, "5.0": 0.16666666666666666, "6.0": 0.32432432432432434, "7.0": 0.3584905660377358, "8.0": 0.23387096774193547, "9.0": 0.2420091324200913, "10.0": 0.06666666666666667, "11.0": 0.08235294117647059, "12.0": 0.14583333333333334, "13.0": 0.1625, "15.0": 0.17777777777777778, "16.0": 0.21428571428571427, "17.0": 0.3548387096774194, "14.0": 0.11538461538461539, "18.0": 0.5, "20.0": 0.6666666666666666}, {"4.0": 0.08333333333333333, "6.0": 0.1891891891891892, "7.0": 0.14150943396226415, "8.0": 0.13709677419354838, "9.0": 0.091324200913242, "10.0": 0.05925925925925926, "11.0": 0.15294117647058825, "14.0": 0.24358974358974358, "5.0": 0.08333333333333333, "12.0": 0.21875, "13.0": 0.2125, "15.0": 0.2, "16.0": 0.10714285714285714, "17.0": 0.16129032258064516}, {"6.0": 0.08108108108108109, "7.0": 0.09433962264150944, "10.0": 0.0962962962962963, "11.0": 0.07058823529411765, "14.0": 0.10256410256410256, "2.0": 0.5, "8.0": 0.08870967741935484, "9.0": 0.0730593607305936, "12.0": 0.10416666666666667, "13.0": 0.0875, "15.0": 0.08888888888888889, "16.0": 0.07142857142857142, "17.0": 0.0967741935483871}, {"7.0": 0.11320754716981132, "8.0": 0.11290322580645161, "9.0": 0.1141552511415525, "16.0": 0.14285714285714285, "1.0": 0.5, "3.0": 1.0, "4.0": 0.16666666666666666, "5.0": 0.08333333333333333, "6.0": 0.13513513513513514, "10.0": 0.35555555555555557, "11.0": 0.15294117647058825, "12.0": 0.10416666666666667, "13.0": 0.1, "14.0": 0.08974358974358974, "15.0": 0.06666666666666667, "17.0": 0.06451612903225806, "20.0": 0.3333333333333333}, {"7.0": 0.08490566037735849, "9.0": 0.091324200913242, "10.0": 0.08148148148148149, "15.0": 0.13333333333333333, "2.0": 0.5, "4.0": 0.3333333333333333, "5.0": 0.16666666666666666, "6.0": 0.08108108108108109, "8.0": 0.12096774193548387, "11.0": 0.11764705882352941, "12.0": 0.07291666666666667, "13.0": 0.15, "14.0": 0.15384615384615385, "16.0": 0.10714285714285714, "17.0": 0.12903225806451613}, {"9.0": 0.0821917808219178, "11.0": 0.10588235294117647, "4.0": 0.3333333333333333, "5.0": 0.16666666666666666, "7.0": 0.12264150943396226, "8.0": 0.1532258064516129, "10.0": 0.11851851851851852, "12.0": 0.052083333333333336, "13.0": 0.0375, "14.0": 0.05128205128205128, "16.0": 0.07142857142857142, "17.0": 0.0967741935483871, "18.0": 0.5}, {"10.0": 0.15555555555555556, "11.0": 0.16470588235294117, "15.0": 0.06666666666666667, "1.0": 0.5, "5.0": 0.3333333333333333, "6.0": 0.08108108108108109, "7.0": 0.03773584905660377, "8.0": 0.06451612903225806, "9.0": 0.1004566210045662, "12.0": 0.14583333333333334, "13.0": 0.05, "14.0": 0.05128205128205128, "16.0": 0.10714285714285714, "17.0": 0.06451612903225806}, {"6.0": 0.10810810810810811, "7.0": 0.04716981132075472, "8.0": 0.08870967741935484, "9.0": 0.2054794520547945, "10.0": 0.06666666666666667, "11.0": 0.15294117647058825, "12.0": 0.15625, "13.0": 0.2,