{"Algorithm Parameters": {"C": 8}, "Algorithm Performance": {"WCSS": 21.76824155164748, "Silhouette Score": 0.33266735442217443, "Calinski Harabasz Index": 678.1062739430372}, "Clusters Content Analysis": {"Predictive Power": {"Global": {"Metrics": {"Class: Upgrade": {"Accuracy": 0.5384615384615384, "Precision": 0.6818181818181818, "Recall": 0.875, "F1-Score": 0.7664233576642336}, "Class: Downgrade": {"Accuracy": 0.8888888888888888, "Precision": 0.6818181818181818, "Recall": 0.5714285714285714, "F1-Score": 0.621761658031088}}, "Confusion Matrix": {"predicted_down_AND_was_down": 8, "predicted_up_AND_was_up": 7, "predicted_no_change_AND_was_no_change": 0, "predicted_down_BUT_was_up": 1, "predicted_down_BUT_was_no_change": 634, "predicted_no_change_BUT_was_up": 0, "predicted_no_change_BUT_was_down": 0, "predicted_up_BUT_was_down": 6, "predicted_up_BUT_was_no_change": 442}}, "Restricted to jumps to or from below B-": {"Metrics": {"Class: Upgrade": "No element of this class", "Class: Downgrade": "No element of this class"}, "Confusion Matrix": {"predicted_down_AND_was_down": 0, "predicted_up_AND_was_up": 0, "predicted_no_change_AND_was_no_change": 0, "predicted_down_BUT_was_up": 0, "predicted_down_BUT_was_no_change": 643, "predicted_no_change_BUT_was_up": 0, "predicted_no_change_BUT_was_down": 0, "predicted_up_BUT_was_down": 0, "predicted_up_BUT_was_no_change": 455}}}, "Share of total companies in each clusters": [0.3105646630236794, 0.1029143897996357, 0.08196721311475409, 0.1448087431693989, 0.11748633879781421, 0.08196721311475409, 0.08469945355191257, 0.075591985428051, {"SUM": 1.0}], "Clusters with significant ranges (count)": 8, "Significant Clusters (count)": 7, "Cluster Credit Ratings Shares": [{"4.0": 0.002932551319648094, "5.0": 0.005865102639296188, "6.0": 0.04398826979472141, "7.0": 0.12023460410557185, "8.0": 0.10850439882697947, "9.0": 0.28152492668621704, "10.0": 0.04398826979472141, "11.0": 0.05571847507331378, "12.0": 0.07917888563049853, "13.0": 0.07624633431085044, "16.0": 0.026392961876832845, "17.0": 0.03519061583577713, "14.0": 0.06158357771260997, "15.0": 0.04985337243401759, "18.0": 0.002932551319648094, "20.0": 0.005865102639296188}, {"4.0": 0.008849557522123894, "6.0": 0.04424778761061947, "7.0": 0.13274336283185842, "8.0": 0.11504424778761062, "9.0": 0.07079646017699115, "10.0": 0.07079646017699115, "11.0": 0.04424778761061947, "14.0": 0.1592920353982301, "12.0": 0.09734513274336283, "13.0": 0.13274336283185842, "15.0": 0.07079646017699115, "16.0": 0.02654867256637168, "17.0": 0.02654867256637168}, {"6.0": 0.03333333333333333, "7.0": 0.1, "10.0": 0.14444444444444443, "11.0": 0.05555555555555555, "14.0": 0.07777777777777778, "2.0": 0.011111111111111112, "8.0": 0.13333333333333333, "9.0": 0.15555555555555556, "12.0": 0.1, "13.0": 0.07777777777777778, "15.0": 0.044444444444444446, "16.0": 0.022222222222222223, "17.0": 0.044444444444444446}, {"7.0": 0.08176100628930817, "8.0": 0.0880503144654088, "9.0": 0.15723270440251572, "16.0": 0.025157232704402517, "1.0": 0.006289308176100629, "3.0": 0.006289308176100629, "4.0": 0.006289308176100629, "5.0": 0.006289308176100629, "6.0": 0.031446540880503145, "10.0": 0.29559748427672955, "11.0": 0.0880503144654088, "12.0": 0.07547169811320754, "13.0": 0.050314465408805034, "14.0": 0.050314465408805034, "15.0": 0.018867924528301886, "17.0": 0.006289308176100629, "20.0": 0.006289308176100629}, {"7.0": 0.07751937984496124, "9.0": 0.14728682170542637, "10.0": 0.08527131782945736, "15.0": 0.06201550387596899, "2.0": 0.007751937984496124, "4.0": 0.031007751937984496, "5.0": 0.015503875968992248, "6.0": 0.031007751937984496, "8.0": 0.12403100775193798, "11.0": 0.08527131782945736, "12.0": 0.06976744186046512, "13.0": 0.09302325581395349, "14.0": 0.10852713178294573, "16.0": 0.031007751937984496, "17.0": 0.031007751937984496}, {"9.0": 0.2, "11.0": 0.08888888888888889, "4.0": 0.044444444444444446, "5.0": 0.022222222222222223, "7.0": 0.12222222222222222, "8.0": 0.18888888888888888, "10.0": 0.13333333333333333, "12.0": 0.05555555555555555, "13.0": 0.03333333333333333, "14.0": 0.044444444444444446, "16.0": 0.022222222222222223, "17.0": 0.03333333333333333, "18.0": 0.011111111111111112}, {"10.0": 0.21505376344086022, "11.0": 0.11827956989247312, "15.0": 0.03225806451612903, "1.0": 0.010752688172043012, "5.0": 0.043010752688172046, "6.0": 0.03225806451612903, "7.0": 0.053763440860215055, "8.0": 0.08602150537634409, "9.0": 0.1935483870967742, "12.0": 0.10752688172043011, "13.0": 0.021505376344086023, "14.0": 0.03225806451612903, "16.0": 0.03225806451612903, "17.0": 0.021505376344086023}, {"4.0": 0.012048192771084338, "5.0": 0.012048192771084338, "6.0": 0.024096385542168676, "7.0": 0.024096385542168676, "8.0": 0.08433734939759036, "9.0": 0.25301204819277107, "10.0": 0.10843373493975904, "11.0": 0.14457831325301204, "12.0": 0.1566265060240964, "13.0": 0.08433734939759036, "14.0": 0.03614457831325301, "15.0": 0.024096385542168676, "16.0": 0.012048192771084338, "17.0": 0.024096385542168676}], "Share of total companies with given credit rating in each cluter": [{"4.0": 0.08333333333333333, "5.0": 0.16666666666666666, "6.0": 0.40540540540540543, "7.0": 0.3867924528301887, "8.0": 0.29838709677419356, "9.0": 0.4383561643835616, "10.0": 0.1111111111111111, "11.0": 0.2235294117647059, "12.0": 0.28125, "13.0": 0.325, "16.0": 0.32142857142857145, "17.0": 0.3870967741935484, "14.0": 0.2692307692307692, "15.0": 0.37777777777777777, "18.0": 0.5, "20.0": 0.6666666666666666}, {"4.0": 0.08333333333333333, "6.0": 0.13513513513513514, "7.0": 0.14150943396226415, "8.0": 0.10483870967741936, "9.0": 0.0365296803652968, "10.0": 0.05925925925925926, "11.0": 0.058823529411764705, "14.0": 0.23076923076923078, "12.0": 0.11458333333333333, "13.0": 0.1875, "15.0": 0.17777777777777778, "16.0": 0.10714285714285714, "17.0": 0.0967741935483871}, {"6.0": 0.08108108108108109, "7.0": 0.08490566037735849, "10.0": 0.0962962962962963, "11.0": 0.058823529411764705, "14.0": 0.08974358974358974, "2.0": 0.5, "8.0": 0.0967741935483871, "9.0": 0.0639269406392694, "12.0": 0.09375, "13.0": 0.0875, "15.0": 0.08888888888888889, "16.0": 0.07142857142857142, "17.0": 0.12903225806451613}, {"7.0": 0.12264150943396226, "8.0": 0.11290322580645161, "9.0": 0.1141552511415525, "16.0": 0.14285714285714285, "1.0": 0.5, "3.0": 1.0, "4.0": 0.08333333333333333, "5.0": 0.08333333333333333, "6.0": 0.13513513513513514, "10.0": 0.34814814814814815, "11.0": 0.16470588235294117, "12.0": 0.125, "13.0": 0.1, "14.0": 0.10256410256410256, "15.0": 0.06666666666666667, "17.0": 0.03225806451612903, "20.0": 0.3333333333333333}, {"7.0": 0.09433962264150944, "9.0": 0.0867579908675799, "10.0": 0.08148148148148149, "15.0": 0.17777777777777778, "2.0": 0.5, "4.0": 0.3333333333333333, "5.0": 0.16666666666666666, "6.0": 0.10810810810810811, "8.0": 0.12903225806451613, "11.0": 0.12941176470588237, "12.0": 0.09375, "13.0": 0.15, "14.0": 0.1794871794871795, "16.0": 0.14285714285714285, "17.0": 0.12903225806451613}, {"9.0": 0.0821917808219178, "11.0": 0.09411764705882353, "4.0": 0.3333333333333333, "5.0": 0.16666666666666666, "7.0": 0.10377358490566038, "8.0": 0.13709677419354838, "10.0": 0.08888888888888889, "12.0": 0.052083333333333336, "13.0": 0.0375, "14.0": 0.05128205128205128, "16.0": 0.07142857142857142, "17.0": 0.0967741935483871, "18.0": 0.5}, {"10.0": 0.14814814814814814, "11.0": 0.12941176470588237, "15.0": 0.06666666666666667, "1.0": 0.5, "5.0": 0.3333333333333333, "6.0": 0.08108108108108109, "7.0": 0.04716981132075472, "8.0": 0.06451612903225806, "9.0": 0.0821917808219178, "12.0": 0.10416666666666667, "13.0": 0.025, "14.0": 0.038461538461538464, "16.0": 0.10714285714285714, "17.0": 0.06451612903225806}, {"4.0": 0.08333333333333333, "5.0": 0.08333333333333333, "6.0": 0.05405405405405406, "7.0": 0.018867924528301886, "8.0": 0.056451612903225805, "9.0": 0.0958904109589041, "10.0": 0.06666666666666667, "11.0": 0.1411764705882353, "12.0": 0.13541666666666666, "13.0": 0.0875,