{"Algorithm Parameters": {"K": 8}, "Algorithm Performance": {"WCSS": 20.999135071006407, "Silhouette Score": 0.36555616233204036, "Calinski Harabasz Index": 688.6090986314736}, "Clusters Content Analysis": {"Predictive Power": {"Global": {"Metrics": {"Class: Upgrade": {"Accuracy": 0.5384615384615384, "Precision": 0.6818181818181818, "Recall": 0.875, "F1-Score": 0.7664233576642336}, "Class: Downgrade": {"Accuracy": 0.8888888888888888, "Precision": 0.6818181818181818, "Recall": 0.5714285714285714, "F1-Score": 0.621761658031088}}, "Confusion Matrix": {"predicted_down_AND_was_down": 8, "predicted_up_AND_was_up": 7, "predicted_no_change_AND_was_no_change": 9, "predicted_down_BUT_was_up": 1, "predicted_down_BUT_was_no_change": 601, "predicted_no_change_BUT_was_up": 0, "predicted_no_change_BUT_was_down": 0, "predicted_up_BUT_was_down": 6, "predicted_up_BUT_was_no_change": 466}}, "Restricted to jumps to or from below B-": {"Metrics": {"Class: Upgrade": "No element of this class", "Class: Downgrade": "No element of this class"}, "Confusion Matrix": {"predicted_down_AND_was_down": 0, "predicted_up_AND_was_up": 0, "predicted_no_change_AND_was_no_change": 9, "predicted_down_BUT_was_up": 0, "predicted_down_BUT_was_no_change": 610, "predicted_no_change_BUT_was_up": 0, "predicted_no_change_BUT_was_down": 0, "predicted_up_BUT_was_down": 0, "predicted_up_BUT_was_no_change": 479}}}, "Share of total companies in each clusters": [0.3251366120218579, 0.13570127504553733, 0.07377049180327869, 0.1029143897996357, 0.1111111111111111, 0.04644808743169399, 0.07832422586520947, 0.12659380692167577, {"SUM": 1.0}], "Clusters with significant ranges (count)": 8, "Significant Clusters (count)": 7, "Cluster Credit Ratings Shares": [{"4.0": 0.0028011204481792717, "5.0": 0.0056022408963585435, "6.0": 0.04201680672268908, "7.0": 0.11764705882352941, "8.0": 0.1092436974789916, "9.0": 0.2689075630252101, "10.0": 0.05042016806722689, "11.0": 0.056022408963585436, "12.0": 0.0784313725490196, "13.0": 0.07563025210084033, "15.0": 0.056022408963585436, "16.0": 0.028011204481792718, "17.0": 0.03361344537815126, "14.0": 0.06722689075630252, "18.0": 0.0028011204481792717, "20.0": 0.0056022408963585435}, {"4.0": 0.006711409395973154, "6.0": 0.040268456375838924, "7.0": 0.10067114093959731, "8.0": 0.12080536912751678, "9.0": 0.12080536912751678, "10.0": 0.053691275167785234, "11.0": 0.06040268456375839, "14.0": 0.12080536912751678, "12.0": 0.1342281879194631, "13.0": 0.12080536912751678, "15.0": 0.06711409395973154, "16.0": 0.020134228187919462, "17.0": 0.03355704697986577}, {"6.0": 0.012345679012345678, "7.0": 0.1111111111111111, "10.0": 0.14814814814814814, "11.0": 0.04938271604938271, "14.0": 0.08641975308641975, "2.0": 0.012345679012345678, "8.0": 0.1111111111111111, "9.0": 0.1728395061728395, "12.0": 0.1111111111111111, "13.0": 0.07407407407407407, "15.0": 0.04938271604938271, "16.0": 0.024691358024691357, "17.0": 0.037037037037037035}, {"7.0": 0.12389380530973451, "8.0": 0.12389380530973451, "9.0": 0.18584070796460178, "16.0": 0.035398230088495575, "1.0": 0.008849557522123894, "4.0": 0.017699115044247787, "5.0": 0.008849557522123894, "6.0": 0.05309734513274336, "10.0": 0.13274336283185842, "11.0": 0.10619469026548672, "12.0": 0.07079646017699115, "13.0": 0.05309734513274336, "14.0": 0.05309734513274336, "15.0": 0.017699115044247787, "17.0": 0.008849557522123894}, {"7.0": 0.07377049180327869, "9.0": 0.1721311475409836, "10.0": 0.09016393442622951, "15.0": 0.040983606557377046, "2.0": 0.00819672131147541, "4.0": 0.03278688524590164, "5.0": 0.01639344262295082, "6.0": 0.03278688524590164, "8.0": 0.12295081967213115, "11.0": 0.08196721311475409, "12.0": 0.07377049180327869, "13.0": 0.09836065573770492, "14.0": 0.09836065573770492, "16.0": 0.02459016393442623, "17.0": 0.03278688524590164}, {"9.0": 0.17647058823529413, "11.0": 0.09803921568627451, "4.0": 0.058823529411764705, "5.0": 0.0392156862745098, "7.0": 0.13725490196078433, "8.0": 0.21568627450980393, "10.0": 0.11764705882352941, "12.0": 0.0392156862745098, "13.0": 0.0196078431372549, "14.0": 0.058823529411764705, "17.0": 0.0392156862745098}, {"9.0": 0.22093023255813954, "10.0": 0.22093023255813954, "5.0": 0.011627906976744186, "6.0": 0.046511627906976744, "7.0": 0.08139534883720931, "8.0": 0.10465116279069768, "11.0": 0.08139534883720931, "12.0": 0.11627906976744186, "13.0": 0.03488372093023256, "14.0": 0.011627906976744186, "15.0": 0.011627906976744186, "16.0": 0.03488372093023256, "17.0": 0.011627906976744186, "18.0": 0.011627906976744186}, {"11.0": 0.12949640287769784, "15.0": 0.02158273381294964, "1.0": 0.007194244604316547, "3.0": 0.007194244604316547, "4.0": 0.007194244604316547, "5.0": 0.02877697841726619, "6.0": 0.007194244604316547, "7.0": 0.02158273381294964, "8.0": 0.06474820143884892, "9.0": 0.1510791366906475, "10.0": 0.33093525179856115, "12.0": 0.07194244604316546, "13.0": 0.050359712230215826, "14.0": 0.050359712230215826, "16.0": 0.02158273381294964, "17.0": 0.02158273381294964, "20.0": 0.007194244604316547}], "Share of total companies with given credit rating in each cluter": [{"4.0": 0.08333333333333333, "5.0": 0.16666666666666666, "6.0": 0.40540540540540543, "7.0": 0.39622641509433965, "8.0": 0.31451612903225806, "9.0": 0.4383561643835616, "10.0": 0.13333333333333333, "11.0": 0.23529411764705882, "12.0": 0.2916666666666667, "13.0": 0.3375, "15.0": 0.4444444444444444, "16.0": 0.35714285714285715, "17.0": 0.3870967741935484, "14.0": 0.3076923076923077, "18.0": 0.5, "20.0": 0.6666666666666666}, {"4.0": 0.08333333333333333, "6.0": 0.16216216216216217, "7.0": 0.14150943396226415, "8.0": 0.14516129032258066, "9.0": 0.0821917808219178, "10.0": 0.05925925925925926, "11.0": 0.10588235294117647, "14.0": 0.23076923076923078, "12.0": 0.20833333333333334, "13.0": 0.225, "15.0": 0.2222222222222222, "16.0": 0.10714285714285714, "17.0": 0.16129032258064516}, {"6.0": 0.02702702702702703, "7.0": 0.08490566037735849, "10.0": 0.08888888888888889, "11.0": 0.047058823529411764, "14.0": 0.08974358974358974, "2.0": 0.5, "8.0": 0.07258064516129033, "9.0": 0.0639269406392694, "12.0": 0.09375, "13.0": 0.075, "15.0": 0.08888888888888889, "16.0": 0.07142857142857142, "17.0": 0.0967741935483871}, {"7.0": 0.1320754716981132, "8.0": 0.11290322580645161, "9.0": 0.0958904109589041, "16.0": 0.14285714285714285, "1.0": 0.5, "4.0": 0.16666666666666666, "5.0": 0.08333333333333333, "6.0": 0.16216216216216217, "10.0": 0.1111111111111111, "11.0": 0.1411764705882353, "12.0": 0.08333333333333333, "13.0": 0.075, "14.0": 0.07692307692307693, "15.0": 0.044444444444444446, "17.0": 0.03225806451612903}, {"7.0": 0.08490566037735849, "9.0": 0.0958904109589041, "10.0": 0.08148148148148149, "15.0": 0.1111111111111111, "2.0": 0.5, "4.0": 0.3333333333333333, "5.0": 0.16666666666666666, "6.0": 0.10810810810810811, "8.0": 0.12096774193548387, "11.0": 0.11764705882352941, "12.0": 0.09375, "13.0": 0.15, "14.0": 0.15384615384615385, "16.0": 0.10714285714285714, "17.0": 0.12903225806451613}, {"9.0": 0.0410958904109589, "11.0": 0.058823529411764705, "4.0": 0.25, "5.0": 0.16666666666666666, "7.0": 0.0660377358490566, "8.0": 0.08870967741935484, "10.0": 0.044444444444444446, "12.0": 0.020833333333333332, "13.0": 0.0125, "14.0": 0.038461538461538464, "17.0": 0.06451612903225806}, {"9.0": 0.0867579908675799, "10.0": 0.14074074074074075, "5.0": 0.08333333333333333, "6.0": 0.10810810810810811, "7.0": 0.0660377358490566, "8.0": 0.07258064516129033, "11.0": 0.08235294117647059, "12.0": 0.10416666666666667, "13.0": 0.0375, "14.0": 0.01282051282051282, "15.0": 0.022222222222222223, "16.0": 0.10714285714285714, "17.0": 0.03225806451612903, "18.0": 0.5}, {"11.0": 0.21176470588235294, "15.0": 0.06666666666666667, "1.0": 0.5, "3.0": 1.0, "4.0": 0.08333333333333333, "5.0": 0.3333333333333333, "6.0": 0.02702702702702703, "7.0": 0.02830188679245283, "8.0": 0.07258064516129033, "9.0": 0.0958904109589041, "10.0": 0.34074074074074073, "12.0": 0.10416666666666667, "13.0": 0.0875,