{"Algorithm Parameters": {"Threshold Value": 0.1, "Braching Factor": 12, "K": 19}, "Algorithm Performance": {"Silhouette Score": 0.27622654945588576}, "Clusters Content Analysis": {"Predictive Power": {"Global": {"Metrics": {"Class: Upgrade": {"Accuracy": 0.6428571428571429, "Precision": 0.76, "Recall": 0.9, "F1-Score": 0.8240963855421687}, "Class: Downgrade": {"Accuracy": 0.9090909090909091, "Precision": 0.76, "Recall": 0.6666666666666666, "F1-Score": 0.7102803738317756}}, "Confusion Matrix": {"predicted_down_AND_was_down": 10, "predicted_up_AND_was_up": 9, "predicted_no_change_AND_was_no_change": 2, "predicted_down_BUT_was_up": 1, "predicted_down_BUT_was_no_change": 720, "predicted_no_change_BUT_was_up": 0, "predicted_no_change_BUT_was_down": 0, "predicted_up_BUT_was_down": 5, "predicted_up_BUT_was_no_change": 594}}, "Restricted to jumps to or from below B-": {"Metrics": {"Class: Upgrade": "No element of this class", "Class: Downgrade": "No element of this class"}, "Confusion Matrix": {"predicted_down_AND_was_down": 0, "predicted_up_AND_was_up": 0, "predicted_no_change_AND_was_no_change": 2, "predicted_down_BUT_was_up": 0, "predicted_down_BUT_was_no_change": 731, "predicted_no_change_BUT_was_up": 0, "predicted_no_change_BUT_was_down": 0, "predicted_up_BUT_was_down": 0, "predicted_up_BUT_was_no_change": 608}}}, "Share of total companies in each clusters": [0.2870991797166294, 0.1081282624906786, 0.05070842654735272, 0.06935123042505593, 0.0738255033557047, 0.027591349739000747, 0.008948545861297539, 0.0007457121551081282, 0.03206562266964952, 0.010439970171513796, 0.08053691275167785, 0.07233407904548844, 0.05145413870246085, 0.0976882923191648, 0.010439970171513796, 0.005219985085756898, 0.0022371364653243847, 0.007457121551081283, 0.0037285607755406414, {"SUM": 1.0}], "Clusters with significant ranges (count)": 17, "Significant Clusters (count)": 11, "Cluster Credit Ratings Shares": [{"1.0": 0.005194805194805195, "2.0": 0.005194805194805195, "3.0": 0.015584415584415584, "4.0": 0.01038961038961039, "5.0": 0.023376623376623377, "6.0": 0.04155844155844156, "7.0": 0.13246753246753246, "8.0": 0.14025974025974025, "9.0": 0.13506493506493505, "10.0": 0.05454545454545454, "11.0": 0.06753246753246753, "12.0": 0.08311688311688312, "13.0": 0.08311688311688312, "14.0": 0.07272727272727272, "15.0": 0.06233766233766234, "16.0": 0.033766233766233764, "17.0": 0.02857142857142857, "18.0": 0.0025974025974025974, "20.0": 0.0025974025974025974}, {"2.0": 0.006896551724137931, "4.0": 0.006896551724137931, "5.0": 0.013793103448275862, "6.0": 0.07586206896551724, "7.0": 0.12413793103448276, "8.0": 0.15862068965517243, "9.0": 0.0896551724137931, "10.0": 0.05517241379310345, "12.0": 0.07586206896551724, "13.0": 0.12413793103448276, "15.0": 0.06896551724137931, "17.0": 0.020689655172413793, "18.0": 0.006896551724137931, "20.0": 0.006896551724137931, "11.0": 0.04827586206896552, "14.0": 0.09655172413793103, "16.0": 0.020689655172413793}, {"2.0": 0.014705882352941176, "5.0": 0.029411764705882353, "7.0": 0.16176470588235295, "8.0": 0.1323529411764706, "9.0": 0.14705882352941177, "14.0": 0.04411764705882353, "15.0": 0.04411764705882353, "6.0": 0.11764705882352941, "10.0": 0.10294117647058823, "11.0": 0.07352941176470588, "12.0": 0.058823529411764705, "13.0": 0.04411764705882353, "16.0": 0.014705882352941176, "17.0": 0.014705882352941176}, {"3.0": 0.010752688172043012, "6.0": 0.021505376344086023, "7.0": 0.03225806451612903, "9.0": 0.1827956989247312, "10.0": 0.07526881720430108, "11.0": 0.15053763440860216, "13.0": 0.0967741935483871, "14.0": 0.08602150537634409, "17.0": 0.043010752688172046, "5.0": 0.010752688172043012, "8.0": 0.03225806451612903, "12.0": 0.1935483870967742, "15.0": 0.03225806451612903, "16.0": 0.021505376344086023, "20.0": 0.010752688172043012}, {"3.0": 0.010101010101010102, "4.0": 0.010101010101010102, "5.0": 0.020202020202020204, "6.0": 0.020202020202020204, "7.0": 0.1414141414141414, "8.0": 0.13131313131313133, "9.0": 0.09090909090909091, "10.0": 0.13131313131313133, "11.0": 0.04040404040404041, "13.0": 0.0707070707070707, "14.0": 0.0707070707070707, "15.0": 0.10101010101010101, "12.0": 0.10101010101010101, "16.0": 0.030303030303030304, "17.0": 0.030303030303030304}, {"4.0": 0.16216216216216217, "5.0": 0.05405405405405406, "6.0": 0.05405405405405406, "7.0": 0.08108108108108109, "8.0": 0.1891891891891892, "9.0": 0.08108108108108109, "10.0": 0.13513513513513514, "11.0": 0.10810810810810811, "12.0": 0.05405405405405406, "13.0": 0.02702702702702703, "17.0": 0.05405405405405406}, {"5.0": 0.4166666666666667, "6.0": 0.25, "12.0": 0.08333333333333333, "14.0": 0.08333333333333333, "16.0": 0.08333333333333333, "17.0": 0.08333333333333333}, {"5.0": 1.0}, {"5.0": 0.046511627906976744, "7.0": 0.11627906976744186, "10.0": 0.11627906976744186, "11.0": 0.11627906976744186, "14.0": 0.16279069767441862, "16.0": 0.023255813953488372, "6.0": 0.023255813953488372, "8.0": 0.046511627906976744, "9.0": 0.13953488372093023, "12.0": 0.023255813953488372, "13.0": 0.13953488372093023, "15.0": 0.023255813953488372, "17.0": 0.023255813953488372}, {"6.0": 0.14285714285714285, "5.0": 0.07142857142857142, "7.0": 0.21428571428571427, "8.0": 0.07142857142857142, "9.0": 0.2857142857142857, "10.0": 0.07142857142857142, "12.0": 0.07142857142857142, "13.0": 0.07142857142857142}, {"7.0": 0.05555555555555555, "10.0": 0.12962962962962962, "15.0": 0.037037037037037035, "17.0": 0.037037037037037035, "1.0": 0.009259259259259259, "3.0": 0.009259259259259259, "5.0": 0.018518518518518517, "6.0": 0.009259259259259259, "8.0": 0.1111111111111111, "9.0": 0.23148148148148148, "11.0": 0.09259259259259259, "12.0": 0.12037037037037036, "13.0": 0.05555555555555555, "14.0": 0.046296296296296294, "16.0": 0.037037037037037035}, {"7.0": 0.061855670103092786, "9.0": 0.14432989690721648, "10.0": 0.07216494845360824, "11.0": 0.07216494845360824, "13.0": 0.08247422680412371, "15.0": 0.061855670103092786, "4.0": 0.030927835051546393, "5.0": 0.041237113402061855, "6.0": 0.07216494845360824, "8.0": 0.12371134020618557, "12.0": 0.10309278350515463, "14.0": 0.09278350515463918, "16.0": 0.020618556701030927, "17.0": 0.020618556701030927}, {"8.0": 0.10144927536231885, "10.0": 0.2463768115942029, "5.0": 0.014492753623188406, "6.0": 0.043478260869565216, "7.0": 0.11594202898550725, "9.0": 0.21739130434782608, "11.0": 0.057971014492753624, "12.0": 0.07246376811594203, "13.0": 0.043478260869565216, "14.0": 0.028985507246376812, "16.0": 0.028985507246376812, "17.0": 0.014492753623188406, "18.0": 0.014492753623188406}, {"8.0": 0.15267175572519084, "9.0": 0.19083969465648856, "16.0": 0.015267175572519083, "2.0": 0.015267175572519083, "3.0": 0.007633587786259542, "4.0": 0.015267175572519083, "5.0": 0.015267175572519083, "6.0": 0.05343511450381679, "7.0": 0.0916030534351145, "10.0": 0.16030534351145037, "11.0": 0.08396946564885496, "12.0": 0.061068702290076333, "13.0": 0.04580152671755725, "14.0": 0.07633587786259542, "15.0": 0.015267175572519083}, {"9.0": 0.2857142857142857, "11.0": 0.14285714285714285, "4.0": 0.07142857142857142, "7.0": 0.14285714285714285, "8.0": 0.21428571428571427, "10.0": 0.07142857142857142, "12.0": 0.07142857142857142}, {"1.0": 0.14285714285714285, "7.0": 0.14285714285714285, "8.0": 0.14285714285714285, "9.0": 0.42857142857142855, "10.0": 0.14285714285714285}, {"2.0": 0.3333333333333333, "3.0": 0.3333333333333333, "4.0": 0.3333333333333333}, {"3.0": 0.1, "5.0": 0.1, "6.0": 0.1, "7.0": 0.3, "8.0": 0.2, "10.0": 0.1, "11.0": 0.1}, {"4.0": 0.2, "5.0": 0.2, "8.0": 0.4, "10.0": 0.2}], "Share of total companies with given credit rating in each cluter": [{"1.0": 0.5, "2.0": 0.2857142857142857, "3.0": 0.5, "4.0": 0.2, "5.0": 0.23684210526315788, "6.0": 0.24242424242424243, "7.0": 0.3493150684931507, "8.0": 0.3157894736842105, "9.0": 0.26, "10.0": 0.16153846153846155, "11.0": 0.26, "12.0": 0.27350427350427353, "13.0": 0.32, "14.0": 0.2978723404255319, "15.0": 0.38095238095238093, "16.0": 0.38235294117647056,