{"Algorithm Parameters": {"K": 19}, "Algorithm Performance": {"WCSS": 21.00146117734307, "Silhouette Score": 0.24753531380414068, "Calinski Harabasz Index": 449.81805437104583}, "Clusters Content Analysis": {"Predictive Power": {"Global": {"Metrics": {"Class: Upgrade": {"Accuracy": 0.6428571428571429, "Precision": 0.76, "Recall": 0.9, "F1-Score": 0.8240963855421687}, "Class: Downgrade": {"Accuracy": 0.9090909090909091, "Precision": 0.76, "Recall": 0.6666666666666666, "F1-Score": 0.7102803738317756}}, "Confusion Matrix": {"predicted_down_AND_was_down": 10, "predicted_up_AND_was_up": 9, "predicted_no_change_AND_was_no_change": 0, "predicted_down_BUT_was_up": 1, "predicted_down_BUT_was_no_change": 717, "predicted_no_change_BUT_was_up": 0, "predicted_no_change_BUT_was_down": 0, "predicted_up_BUT_was_down": 5, "predicted_up_BUT_was_no_change": 599}}, "Restricted to jumps to or from below B-": {"Metrics": {"Class: Upgrade": "No element of this class", "Class: Downgrade": "No element of this class"}, "Confusion Matrix": {"predicted_down_AND_was_down": 0, "predicted_up_AND_was_up": 0, "predicted_no_change_AND_was_no_change": 0, "predicted_down_BUT_was_up": 0, "predicted_down_BUT_was_no_change": 728, "predicted_no_change_BUT_was_up": 0, "predicted_no_change_BUT_was_down": 0, "predicted_up_BUT_was_down": 0, "predicted_up_BUT_was_no_change": 613}}}, "Share of total companies in each clusters": [0.19164802386278895, 0.05741983594332588, 0.024608501118568233, 0.061894108873974646, 0.06040268456375839, 0.0395227442207308, 0.027591349739000747, 0.05741983594332588, 0.04697986577181208, 0.049217002237136466, 0.03877703206562267, 0.054436987322893364, 0.02162565249813572, 0.05667412378821775, 0.05741983594332588, 0.005219985085756898, 0.07829977628635347, 0.024608501118568233, 0.04623415361670395, {"SUM": 1.0000000000000002}], "Clusters with significant ranges (count)": 19, "Significant Clusters (count)": 16, "Cluster Credit Ratings Shares": [{"1.0": 0.007782101167315175, "2.0": 0.007782101167315175, "3.0": 0.019455252918287938, "4.0": 0.01556420233463035, "5.0": 0.054474708171206226, "6.0": 0.06614785992217899, "7.0": 0.17898832684824903, "8.0": 0.17509727626459143, "9.0": 0.13618677042801555, "10.0": 0.038910505836575876, "11.0": 0.0311284046692607, "12.0": 0.06614785992217899, "13.0": 0.054474708171206226, "14.0": 0.058365758754863814, "15.0": 0.01556420233463035, "16.0": 0.0311284046692607, "17.0": 0.03501945525291829, "18.0": 0.0038910505836575876, "20.0": 0.0038910505836575876}, {"2.0": 0.012987012987012988, "4.0": 0.012987012987012988, "5.0": 0.012987012987012988, "6.0": 0.09090909090909091, "7.0": 0.15584415584415584, "8.0": 0.11688311688311688, "9.0": 0.09090909090909091, "10.0": 0.07792207792207792, "12.0": 0.06493506493506493, "13.0": 0.11688311688311688, "15.0": 0.07792207792207792, "17.0": 0.05194805194805195, "18.0": 0.012987012987012988, "20.0": 0.012987012987012988, "14.0": 0.06493506493506493, "16.0": 0.025974025974025976}, {"2.0": 0.030303030303030304, "6.0": 0.06060606060606061, "8.0": 0.18181818181818182, "9.0": 0.21212121212121213, "10.0": 0.12121212121212122, "14.0": 0.09090909090909091, "5.0": 0.030303030303030304, "7.0": 0.06060606060606061, "12.0": 0.12121212121212122, "13.0": 0.06060606060606061, "15.0": 0.030303030303030304}, {"3.0": 0.012048192771084338, "5.0": 0.024096385542168676, "7.0": 0.1686746987951807, "9.0": 0.1686746987951807, "4.0": 0.024096385542168676, "6.0": 0.04819277108433735, "8.0": 0.07228915662650602, "10.0": 0.12048192771084337, "11.0": 0.10843373493975904, "12.0": 0.07228915662650602, "13.0": 0.04819277108433735, "14.0": 0.07228915662650602, "15.0": 0.012048192771084338, "16.0": 0.024096385542168676, "17.0": 0.012048192771084338, "20.0": 0.012048192771084338}, {"3.0": 0.012345679012345678, "4.0": 0.012345679012345678, "5.0": 0.024691358024691357, "6.0": 0.037037037037037035, "7.0": 0.13580246913580246, "8.0": 0.1111111111111111, "10.0": 0.12345679012345678, "11.0": 0.06172839506172839, "13.0": 0.06172839506172839, "15.0": 0.1111111111111111, "9.0": 0.09876543209876543, "12.0": 0.06172839506172839, "14.0": 0.06172839506172839, "16.0": 0.037037037037037035, "17.0": 0.04938271604938271}, {"4.0": 0.03773584905660377, "7.0": 0.18867924528301888, "8.0": 0.1509433962264151, "14.0": 0.05660377358490566, "15.0": 0.03773584905660377, "5.0": 0.03773584905660377, "6.0": 0.11320754716981132, "9.0": 0.07547169811320754, "10.0": 0.07547169811320754, "11.0": 0.09433962264150944, "12.0": 0.05660377358490566, "13.0": 0.05660377358490566, "17.0": 0.018867924528301886}, {"5.0": 0.05405405405405406, "7.0": 0.08108108108108109, "9.0": 0.1891891891891892, "10.0": 0.13513513513513514, "11.0": 0.10810810810810811, "14.0": 0.13513513513513514, "16.0": 0.02702702702702703, "6.0": 0.02702702702702703, "8.0": 0.02702702702702703, "12.0": 0.05405405405405406, "13.0": 0.08108108108108109, "15.0": 0.05405405405405406, "17.0": 0.02702702702702703}, {"6.0": 0.025974025974025976, "9.0": 0.2077922077922078, "10.0": 0.1038961038961039, "11.0": 0.12987012987012986, "13.0": 0.12987012987012986, "14.0": 0.07792207792207792, "5.0": 0.012987012987012988, "7.0": 0.025974025974025976, "8.0": 0.05194805194805195, "12.0": 0.16883116883116883, "15.0": 0.03896103896103896, "16.0": 0.012987012987012988, "17.0": 0.012987012987012988}, {"7.0": 0.14285714285714285, "10.0": 0.19047619047619047, "3.0": 0.015873015873015872, "5.0": 0.015873015873015872, "6.0": 0.07936507936507936, "8.0": 0.06349206349206349, "9.0": 0.20634920634920634, "11.0": 0.06349206349206349, "12.0": 0.07936507936507936, "13.0": 0.015873015873015872, "14.0": 0.015873015873015872, "15.0": 0.047619047619047616, "16.0": 0.031746031746031744, "17.0": 0.031746031746031744}, {"7.0": 0.06060606060606061, "9.0": 0.09090909090909091, "12.0": 0.12121212121212122, "14.0": 0.12121212121212122, "15.0": 0.16666666666666666, "6.0": 0.030303030303030304, "8.0": 0.07575757575757576, "10.0": 0.07575757575757576, "11.0": 0.09090909090909091, "13.0": 0.09090909090909091, "16.0": 0.06060606060606061, "17.0": 0.015151515151515152}, {"8.0": 0.19230769230769232, "9.0": 0.15384615384615385, "2.0": 0.019230769230769232, "3.0": 0.019230769230769232, "4.0": 0.038461538461538464, "6.0": 0.09615384615384616, "7.0": 0.11538461538461539, "10.0": 0.15384615384615385, "11.0": 0.11538461538461539, "13.0": 0.038461538461538464, "14.0": 0.038461538461538464, "17.0": 0.019230769230769232}, {"8.0": 0.1643835616438356, "9.0": 0.2328767123287671, "10.0": 0.1917808219178082, "14.0": 0.0547945205479452, "16.0": 0.0136986301369863, "2.0": 0.0136986301369863, "5.0": 0.0136986301369863, "6.0": 0.0273972602739726, "7.0": 0.0410958904109589, "11.0": 0.0547945205479452, "12.0": 0.1232876712328767, "13.0": 0.0410958904109589, "15.0": 0.0273972602739726}, {"9.0": 0.20689655172413793, "11.0": 0.13793103448275862, "4.0": 0.10344827586206896, "5.0": 0.034482758620689655, "7.0": 0.10344827586206896, "8.0": 0.2413793103448276, "10.0": 0.06896551724137931, "12.0": 0.06896551724137931, "17.0": 0.034482758620689655}, {"9.0": 0.13157894736842105, "10.0": 0.07894736842105263, "11.0": 0.07894736842105263, "13.0": 0.11842105263157894, "15.0": 0.039473684210526314, "3.0": 0.013157894736842105, "4.0": 0.05263157894736842, "5.0": 0.05263157894736842, "6.0": 0.05263157894736842, "7.0": 0.06578947368421052, "8.0": 0.11842105263157894, "12.0": 0.06578947368421052, "14.0": 0.10526315789473684, "17.0": 0.02631578947368421}, {"11.0": 0.1038961038961039, "13.0": 0.07792207792207792, "15.0": 0.025974025974025976, "17.0": 0.03896103896103896, "1.0": 0.012987012987012988, "5.0": 0.025974025974025976, "6.0": 0.012987012987012988, "7.0": 0.03896103896103896, "8.0": 0.11688311688311688, "9.0": 0.19480519480519481, "10.0": 0.14285714285714285, "12.0": 0.11688311688311688, "14.0": 0.05194805194805195, "16.0": 0.03896103896103896}, {"1.0": 0.14285714285714285, "2.0": 0.14285714285714285, "3.0": 0.14285714285714285, "4.0": 0.14285714285714285, "5.0": 0.14285714285714285,