{"Algorithm Parameters": {"K": 19}, "Algorithm Performance": {"WCSS": 21.00146117734307, "Silhouette Score": 0.24753531380414068, "Calinski Harabasz Index": 449.81805437104583}, "Clusters Content Analysis": {"Predictive Power": {"Global": {"Metrics": {"Class: Upgrade": {"Accuracy": 0.6923076923076923, "Precision": 0.8, "Recall": 0.9, "F1-Score": 0.8470588235294118}, "Class: Downgrade": {"Accuracy": 0.9166666666666666, "Precision": 0.8, "Recall": 0.7333333333333333, "F1-Score": 0.7652173913043478}}, "Confusion Matrix": {"predicted_down_AND_was_down": 11, "predicted_up_AND_was_up": 9, "predicted_no_change_AND_was_no_change": 5, "predicted_down_BUT_was_up": 1, "predicted_down_BUT_was_no_change": 723, "predicted_no_change_BUT_was_up": 0, "predicted_no_change_BUT_was_down": 0, "predicted_up_BUT_was_down": 4, "predicted_up_BUT_was_no_change": 588}}, "Restricted to jumps to or from below B-": {"Metrics": {"Class: Upgrade": "No element of this class", "Class: Downgrade": "No element of this class"}, "Confusion Matrix": {"predicted_down_AND_was_down": 0, "predicted_up_AND_was_up": 0, "predicted_no_change_AND_was_no_change": 5, "predicted_down_BUT_was_up": 0, "predicted_down_BUT_was_no_change": 735, "predicted_no_change_BUT_was_up": 0, "predicted_no_change_BUT_was_down": 0, "predicted_up_BUT_was_down": 0, "predicted_up_BUT_was_no_change": 601}}}, "Share of total companies in each clusters": [0.18419090231170768, 0.06487695749440715, 0.05145413870246085, 0.03206562266964952, 0.037285607755406416, 0.01640566741237882, 0.05891126025354213, 0.008948545861297539, 0.026845637583892617, 0.04697986577181208, 0.061894108873974646, 0.048471290082028336, 0.06636838180462341, 0.05965697240865026, 0.055182699478001494, 0.061148396718866516, 0.014168530947054437, 0.06711409395973154, 0.03803131991051454, {"SUM": 1.0}], "Clusters with significant ranges (count)": 19, "Significant Clusters (count)": 16, "Cluster Credit Ratings Shares": [{"1.0": 0.008097165991902834, "2.0": 0.008097165991902834, "3.0": 0.020242914979757085, "4.0": 0.016194331983805668, "5.0": 0.03643724696356275, "6.0": 0.06072874493927125, "7.0": 0.1862348178137652, "8.0": 0.18218623481781376, "9.0": 0.1417004048582996, "10.0": 0.04048582995951417, "11.0": 0.02834008097165992, "12.0": 0.06477732793522267, "13.0": 0.05263157894736842, "14.0": 0.06072874493927125, "15.0": 0.016194331983805668, "16.0": 0.02834008097165992, "17.0": 0.04048582995951417, "18.0": 0.004048582995951417, "20.0": 0.004048582995951417}, {"2.0": 0.011494252873563218, "4.0": 0.022988505747126436, "6.0": 0.06896551724137931, "7.0": 0.08045977011494253, "8.0": 0.16091954022988506, "9.0": 0.11494252873563218, "10.0": 0.08045977011494253, "11.0": 0.022988505747126436, "13.0": 0.14942528735632185, "15.0": 0.11494252873563218, "5.0": 0.011494252873563218, "12.0": 0.04597701149425287, "14.0": 0.06896551724137931, "16.0": 0.011494252873563218, "17.0": 0.034482758620689655}, {"2.0": 0.014492753623188406, "3.0": 0.014492753623188406, "5.0": 0.028985507246376812, "6.0": 0.028985507246376812, "7.0": 0.14492753623188406, "8.0": 0.13043478260869565, "9.0": 0.15942028985507245, "10.0": 0.13043478260869565, "11.0": 0.043478260869565216, "14.0": 0.057971014492753624, "15.0": 0.07246376811594203, "12.0": 0.08695652173913043, "13.0": 0.043478260869565216, "16.0": 0.028985507246376812, "17.0": 0.014492753623188406}, {"3.0": 0.023255813953488372, "5.0": 0.023255813953488372, "6.0": 0.06976744186046512, "7.0": 0.06976744186046512, "9.0": 0.09302325581395349, "10.0": 0.11627906976744186, "13.0": 0.046511627906976744, "14.0": 0.11627906976744186, "8.0": 0.046511627906976744, "11.0": 0.13953488372093023, "12.0": 0.13953488372093023, "15.0": 0.023255813953488372, "17.0": 0.06976744186046512, "20.0": 0.023255813953488372}, {"4.0": 0.06, "8.0": 0.2, "9.0": 0.1, "11.0": 0.1, "5.0": 0.06, "6.0": 0.06, "7.0": 0.16, "10.0": 0.1, "12.0": 0.06, "13.0": 0.04, "14.0": 0.02, "17.0": 0.04}, {"5.0": 0.045454545454545456, "8.0": 0.09090909090909091, "9.0": 0.045454545454545456, "10.0": 0.09090909090909091, "13.0": 0.045454545454545456, "6.0": 0.045454545454545456, "11.0": 0.2727272727272727, "12.0": 0.13636363636363635, "14.0": 0.09090909090909091, "15.0": 0.13636363636363635}, {"5.0": 0.012658227848101266, "6.0": 0.0759493670886076, "7.0": 0.189873417721519, "8.0": 0.12658227848101267, "9.0": 0.06329113924050633, "10.0": 0.06329113924050633, "12.0": 0.12658227848101267, "17.0": 0.02531645569620253, "18.0": 0.012658227848101266, "20.0": 0.012658227848101266, "11.0": 0.02531645569620253, "13.0": 0.08860759493670886, "14.0": 0.08860759493670886, "15.0": 0.05063291139240506, "16.0": 0.0379746835443038}, {"5.0": 0.4166666666666667, "6.0": 0.25, "12.0": 0.08333333333333333, "14.0": 0.08333333333333333, "16.0": 0.08333333333333333, "17.0": 0.08333333333333333}, {"5.0": 0.05555555555555555, "7.0": 0.08333333333333333, "9.0": 0.19444444444444445, "10.0": 0.1111111111111111, "11.0": 0.1111111111111111, "14.0": 0.1388888888888889, "16.0": 0.027777777777777776, "6.0": 0.027777777777777776, "8.0": 0.027777777777777776, "12.0": 0.05555555555555555, "13.0": 0.08333333333333333, "15.0": 0.05555555555555555, "17.0": 0.027777777777777776}, {"7.0": 0.15873015873015872, "10.0": 0.2857142857142857, "3.0": 0.015873015873015872, "6.0": 0.07936507936507936, "8.0": 0.06349206349206349, "9.0": 0.1746031746031746, "11.0": 0.06349206349206349, "12.0": 0.07936507936507936, "13.0": 0.015873015873015872, "15.0": 0.015873015873015872, "16.0": 0.015873015873015872, "17.0": 0.031746031746031744}, {"7.0": 0.1566265060240964, "2.0": 0.012048192771084338, "4.0": 0.024096385542168676, "5.0": 0.012048192771084338, "6.0": 0.024096385542168676, "8.0": 0.10843373493975904, "9.0": 0.21686746987951808, "10.0": 0.14457831325301204, "11.0": 0.08433734939759036, "12.0": 0.03614457831325301, "13.0": 0.060240963855421686, "14.0": 0.08433734939759036, "15.0": 0.012048192771084338, "16.0": 0.024096385542168676}, {"7.0": 0.06153846153846154, "9.0": 0.09230769230769231, "12.0": 0.1076923076923077, "14.0": 0.12307692307692308, "15.0": 0.16923076923076924, "6.0": 0.03076923076923077, "8.0": 0.07692307692307693, "10.0": 0.07692307692307693, "11.0": 0.09230769230769231, "13.0": 0.09230769230769231, "16.0": 0.06153846153846154, "17.0": 0.015384615384615385}, {"8.0": 0.1797752808988764, "9.0": 0.19101123595505617, "14.0": 0.033707865168539325, "15.0": 0.0449438202247191, "16.0": 0.011235955056179775, "2.0": 0.011235955056179775, "3.0": 0.011235955056179775, "4.0": 0.011235955056179775, "5.0": 0.011235955056179775, "6.0": 0.11235955056179775, "7.0": 0.07865168539325842, "10.0": 0.11235955056179775, "11.0": 0.06741573033707865, "12.0": 0.07865168539325842, "13.0": 0.0449438202247191}, {"9.0": 0.1375, "10.0": 0.0875, "11.0": 0.075, "13.0": 0.1125, "15.0": 0.05, "3.0": 0.0125, "4.0": 0.05, "5.0": 0.05, "6.0": 0.05, "7.0": 0.0625, "8.0": 0.125, "12.0": 0.0625, "14.0": 0.1, "17.0": 0.025}, {"9.0": 0.21621621621621623, "11.0": 0.14864864864864866, "13.0": 0.12162162162162163, "14.0": 0.06756756756756757, "5.0": 0.013513513513513514, "6.0": 0.013513513513513514, "7.0": 0.02702702702702703, "8.0": 0.0945945945945946, "10.0": 0.06756756756756757, "12.0": 0.1891891891891892, "15.0": 0.02702702702702703, "16.0": 0.013513513513513514}, {"11.0": 0.12195121951219512, "15.0": 0.036585365853658534, "17.0": 0.036585365853658534, "5.0": 0.024390243902439025, "7.0": 0.024390243902439025, "8.0": 0.0975609756097561, "9.0": 0.1951219512195122, "10.0": 0.14634146341463414, "12.0": 0.10975609756097561, "13.0": 0.07317073170731707, "14.0": 0.08536585365853659, "16.0": 0.04878048780487805}, {"1.0": 0.10526315789473684, "2.0": 0.05263157894736842, "3.0": 0.05263157894736842, "4.0": 0.05263157894736842, "5.0": 0.10526315789473684, "6.0": 0.05263157894736842, "7.0": 0.15789473684210525, "8.0": 0.15789473684210525, "9.0": 0.05263157894736842, "10.0": 0.15789473684210525, "11.0": 0.05263157894736842}, {"3.0": 0.011111111111111112, "5.0": 0.011111111111111112,