{"Algorithm Parameters": {"C": 19}, "Algorithm Performance": {"WCSS": 23.381577451354854, "Silhouette Score": 0.17289073071377595, "Calinski Harabasz Index": 421.4354541765259}, "Clusters Content Analysis": {"Predictive Power": {"Global": {"Metrics": {"Class: Upgrade": {"Accuracy": 0.6428571428571429, "Precision": 0.76, "Recall": 0.9, "F1-Score": 0.8240963855421687}, "Class: Downgrade": {"Accuracy": 0.9090909090909091, "Precision": 0.76, "Recall": 0.6666666666666666, "F1-Score": 0.7102803738317756}}, "Confusion Matrix": {"predicted_down_AND_was_down": 10, "predicted_up_AND_was_up": 9, "predicted_no_change_AND_was_no_change": 0, "predicted_down_BUT_was_up": 1, "predicted_down_BUT_was_no_change": 722, "predicted_no_change_BUT_was_up": 0, "predicted_no_change_BUT_was_down": 0, "predicted_up_BUT_was_down": 5, "predicted_up_BUT_was_no_change": 594}}, "Restricted to jumps to or from below B-": {"Metrics": {"Class: Upgrade": "No element of this class", "Class: Downgrade": "No element of this class"}, "Confusion Matrix": {"predicted_down_AND_was_down": 0, "predicted_up_AND_was_up": 0, "predicted_no_change_AND_was_no_change": 0, "predicted_down_BUT_was_up": 0, "predicted_down_BUT_was_no_change": 733, "predicted_no_change_BUT_was_up": 0, "predicted_no_change_BUT_was_down": 0, "predicted_up_BUT_was_down": 0, "predicted_up_BUT_was_no_change": 608}}}, "Share of total companies in each clusters": [0.08128262490678598, 0.06562266964951528, 0.06711409395973154, 0.040268456375838924, 0.10961968680089486, 0.04697986577181208, 0.03206562266964952, 0.055182699478001494, 0.049962714392244596, 0.03803131991051454, 0.036539895600298286, 0.03131991051454139, 0.049217002237136466, 0.04399701715137957, 0.03355704697986577, 0.042505592841163314, 0.053691275167785234, 0.07531692766592095, 0.047725577926920205, {"SUM": 0.9999999999999999}], "Clusters with significant ranges (count)": 19, "Significant Clusters (count)": 16, "Cluster Credit Ratings Shares": [{"1.0": 0.01834862385321101, "2.0": 0.01834862385321101, "3.0": 0.027522935779816515, "4.0": 0.009174311926605505, "5.0": 0.045871559633027525, "6.0": 0.01834862385321101, "7.0": 0.10091743119266056, "8.0": 0.11926605504587157, "9.0": 0.2018348623853211, "10.0": 0.06422018348623854, "11.0": 0.045871559633027525, "12.0": 0.03669724770642202, "13.0": 0.07339449541284404, "14.0": 0.05504587155963303, "15.0": 0.027522935779816515, "16.0": 0.06422018348623854, "17.0": 0.07339449541284404}, {"2.0": 0.011363636363636364, "4.0": 0.011363636363636364, "5.0": 0.011363636363636364, "6.0": 0.09090909090909091, "7.0": 0.1590909090909091, "8.0": 0.10227272727272728, "9.0": 0.09090909090909091, "10.0": 0.09090909090909091, "12.0": 0.06818181818181818, "13.0": 0.11363636363636363, "15.0": 0.10227272727272728, "17.0": 0.045454545454545456, "18.0": 0.011363636363636364, "20.0": 0.011363636363636364, "14.0": 0.056818181818181816, "16.0": 0.022727272727272728}, {"2.0": 0.011111111111111112, "3.0": 0.011111111111111112, "4.0": 0.011111111111111112, "5.0": 0.022222222222222223, "6.0": 0.03333333333333333, "7.0": 0.13333333333333333, "8.0": 0.12222222222222222, "9.0": 0.13333333333333333, "10.0": 0.12222222222222222, "11.0": 0.044444444444444446, "13.0": 0.06666666666666667, "14.0": 0.05555555555555555, "15.0": 0.07777777777777778, "12.0": 0.08888888888888889, "16.0": 0.03333333333333333, "17.0": 0.03333333333333333}, {"3.0": 0.018518518518518517, "5.0": 0.018518518518518517, "7.0": 0.1111111111111111, "9.0": 0.24074074074074073, "4.0": 0.037037037037037035, "6.0": 0.037037037037037035, "8.0": 0.05555555555555555, "10.0": 0.1111111111111111, "11.0": 0.07407407407407407, "12.0": 0.09259259259259259, "13.0": 0.037037037037037035, "14.0": 0.1111111111111111, "17.0": 0.037037037037037035, "20.0": 0.018518518518518517}, {"3.0": 0.013605442176870748, "4.0": 0.02040816326530612, "5.0": 0.061224489795918366, "6.0": 0.09523809523809523, "7.0": 0.23809523809523808, "8.0": 0.22448979591836735, "9.0": 0.08843537414965986, "10.0": 0.027210884353741496, "11.0": 0.02040816326530612, "12.0": 0.08843537414965986, "13.0": 0.034013605442176874, "14.0": 0.05442176870748299, "15.0": 0.006802721088435374, "16.0": 0.006802721088435374, "17.0": 0.013605442176870748, "18.0": 0.006802721088435374}, {"4.0": 0.047619047619047616, "8.0": 0.2222222222222222, "9.0": 0.09523809523809523, "11.0": 0.09523809523809523, "14.0": 0.031746031746031744, "15.0": 0.031746031746031744, "5.0": 0.047619047619047616, "6.0": 0.07936507936507936, "7.0": 0.15873015873015872, "10.0": 0.06349206349206349, "12.0": 0.06349206349206349, "13.0": 0.031746031746031744, "17.0": 0.031746031746031744}, {"5.0": 0.06976744186046512, "7.0": 0.06976744186046512, "9.0": 0.16279069767441862, "10.0": 0.13953488372093023, "11.0": 0.09302325581395349, "13.0": 0.13953488372093023, "14.0": 0.11627906976744186, "16.0": 0.023255813953488372, "6.0": 0.023255813953488372, "8.0": 0.046511627906976744, "12.0": 0.046511627906976744, "15.0": 0.046511627906976744, "17.0": 0.023255813953488372}, {"6.0": 0.02702702702702703, "9.0": 0.17567567567567569, "10.0": 0.08108108108108109, "11.0": 0.14864864864864866, "13.0": 0.13513513513513514, "14.0": 0.08108108108108109, "5.0": 0.013513513513513514, "7.0": 0.02702702702702703, "8.0": 0.06756756756756757, "12.0": 0.17567567567567569, "15.0": 0.04054054054054054, "16.0": 0.013513513513513514, "17.0": 0.013513513513513514}, {"7.0": 0.11940298507462686, "10.0": 0.19402985074626866, "3.0": 0.014925373134328358, "5.0": 0.014925373134328358, "6.0": 0.08955223880597014, "8.0": 0.05970149253731343, "9.0": 0.14925373134328357, "11.0": 0.08955223880597014, "12.0": 0.1044776119402985, "13.0": 0.029850746268656716, "14.0": 0.029850746268656716, "15.0": 0.029850746268656716, "16.0": 0.04477611940298507, "17.0": 0.029850746268656716}, {"7.0": 0.17647058823529413, "1.0": 0.0196078431372549, "5.0": 0.0196078431372549, "6.0": 0.0784313725490196, "8.0": 0.11764705882352941, "9.0": 0.13725490196078433, "10.0": 0.13725490196078433, "11.0": 0.11764705882352941, "12.0": 0.0392156862745098, "13.0": 0.058823529411764705, "14.0": 0.0392156862745098, "15.0": 0.0196078431372549, "16.0": 0.0392156862745098}, {"7.0": 0.02040816326530612, "9.0": 0.20408163265306123, "12.0": 0.10204081632653061, "14.0": 0.12244897959183673, "15.0": 0.04081632653061224, "4.0": 0.02040816326530612, "5.0": 0.04081632653061224, "6.0": 0.061224489795918366, "8.0": 0.10204081632653061, "10.0": 0.10204081632653061, "11.0": 0.10204081632653061, "13.0": 0.08163265306122448}, {"8.0": 0.16666666666666666, "9.0": 0.16666666666666666, "2.0": 0.023809523809523808, "3.0": 0.023809523809523808, "4.0": 0.07142857142857142, "6.0": 0.11904761904761904, "7.0": 0.14285714285714285, "10.0": 0.09523809523809523, "11.0": 0.07142857142857142, "13.0": 0.047619047619047616, "14.0": 0.047619047619047616, "17.0": 0.023809523809523808}, {"8.0": 0.16666666666666666, "9.0": 0.21212121212121213, "10.0": 0.18181818181818182, "14.0": 0.030303030303030304, "16.0": 0.015151515151515152, "2.0": 0.015151515151515152, "3.0": 0.015151515151515152, "5.0": 0.015151515151515152, "6.0": 0.015151515151515152, "7.0": 0.045454545454545456, "11.0": 0.09090909090909091, "12.0": 0.12121212121212122, "13.0": 0.045454545454545456, "15.0": 0.030303030303030304}, {"9.0": 0.05084745762711865, "15.0": 0.1694915254237288, "6.0": 0.01694915254237288, "7.0": 0.06779661016949153, "8.0": 0.03389830508474576, "10.0": 0.06779661016949153, "11.0": 0.0847457627118644, "12.0": 0.11864406779661017, "13.0": 0.15254237288135594, "14.0": 0.13559322033898305, "16.0": 0.06779661016949153, "17.0": 0.01694915254237288, "20.0": 0.01694915254237288}, {"9.0": 0.1111111111111111, "11.0": 0.08888888888888889, "2.0": 0.022222222222222223, "3.0": 0.022222222222222223, "4.0": 0.06666666666666667, "5.0": 0.022222222222222223, "6.0": 0.044444444444444446, "7.0": 0.1111111111111111, "8.0": 0.15555555555555556, "10.0": 0.044444444444444446, "12.0": 0.022222222222222223, "13.0": 0.06666666666666667,