{"Algorithm Parameters": {"C": 19}, "Algorithm Performance": {"WCSS": 23.381577451354854, "Silhouette Score": 0.17289073071377595, "Calinski Harabasz Index": 421.4354541765259}, "Clusters Content Analysis": {"Predictive Power": {"Global": {"Metrics": {"Class: Upgrade": {"Accuracy": 0.6153846153846154, "Precision": 0.72, "Recall": 0.8, "F1-Score": 0.7578947368421052}, "Class: Downgrade": {"Accuracy": 0.8333333333333334, "Precision": 0.72, "Recall": 0.6666666666666666, "F1-Score": 0.6923076923076923}}, "Confusion Matrix": {"predicted_down_AND_was_down": 10, "predicted_up_AND_was_up": 8, "predicted_no_change_AND_was_no_change": 0, "predicted_down_BUT_was_up": 2, "predicted_down_BUT_was_no_change": 734, "predicted_no_change_BUT_was_up": 0, "predicted_no_change_BUT_was_down": 0, "predicted_up_BUT_was_down": 5, "predicted_up_BUT_was_no_change": 582}}, "Restricted to jumps to or from below B-": {"Metrics": {"Class: Upgrade": "No element of this class", "Class: Downgrade": "No element of this class"}, "Confusion Matrix": {"predicted_down_AND_was_down": 0, "predicted_up_AND_was_up": 0, "predicted_no_change_AND_was_no_change": 0, "predicted_down_BUT_was_up": 0, "predicted_down_BUT_was_no_change": 746, "predicted_no_change_BUT_was_up": 0, "predicted_no_change_BUT_was_down": 0, "predicted_up_BUT_was_down": 0, "predicted_up_BUT_was_no_change": 595}}}, "Share of total companies in each clusters": [0.08351976137211037, 0.05891126025354213, 0.04399701715137957, 0.040268456375838924, 0.1133482475764355, 0.04697986577181208, 0.04548844146159582, 0.041759880686055184, 0.041014168530947054, 0.0447427293064877, 0.0395227442207308, 0.035794183445190156, 0.07084265473527218, 0.04325130499627144, 0.037285607755406416, 0.037285607755406416, 0.087248322147651, 0.03877703206562267, 0.049962714392244596, {"SUM": 1.0}], "Clusters with significant ranges (count)": 19, "Significant Clusters (count)": 15, "Cluster Credit Ratings Shares": [{"1.0": 0.017857142857142856, "2.0": 0.017857142857142856, "3.0": 0.017857142857142856, "4.0": 0.008928571428571428, "5.0": 0.044642857142857144, "6.0": 0.017857142857142856, "7.0": 0.07142857142857142, "8.0": 0.10714285714285714, "9.0": 0.1875, "10.0": 0.05357142857142857, "11.0": 0.044642857142857144, "12.0": 0.044642857142857144, "13.0": 0.08035714285714286, "14.0": 0.07142857142857142, "15.0": 0.05357142857142857, "16.0": 0.0625, "17.0": 0.08035714285714286, "18.0": 0.008928571428571428, "20.0": 0.008928571428571428}, {"2.0": 0.012658227848101266, "4.0": 0.012658227848101266, "5.0": 0.012658227848101266, "6.0": 0.10126582278481013, "7.0": 0.1518987341772152, "8.0": 0.11392405063291139, "9.0": 0.10126582278481013, "10.0": 0.06329113924050633, "12.0": 0.0759493670886076, "13.0": 0.11392405063291139, "15.0": 0.0759493670886076, "17.0": 0.05063291139240506, "18.0": 0.012658227848101266, "20.0": 0.012658227848101266, "14.0": 0.06329113924050633, "16.0": 0.02531645569620253}, {"2.0": 0.01694915254237288, "3.0": 0.01694915254237288, "4.0": 0.01694915254237288, "5.0": 0.01694915254237288, "6.0": 0.01694915254237288, "7.0": 0.0847457627118644, "8.0": 0.1016949152542373, "9.0": 0.0847457627118644, "10.0": 0.0847457627118644, "11.0": 0.03389830508474576, "13.0": 0.11864406779661017, "14.0": 0.1016949152542373, "15.0": 0.15254237288135594, "12.0": 0.06779661016949153, "16.0": 0.05084745762711865, "17.0": 0.03389830508474576}, {"3.0": 0.037037037037037035, "14.0": 0.05555555555555555, "1.0": 0.018518518518518517, "2.0": 0.018518518518518517, "5.0": 0.018518518518518517, "6.0": 0.037037037037037035, "7.0": 0.1111111111111111, "8.0": 0.12962962962962962, "9.0": 0.12962962962962962, "10.0": 0.2037037037037037, "11.0": 0.1111111111111111, "12.0": 0.037037037037037035, "13.0": 0.05555555555555555, "16.0": 0.037037037037037035}, {"3.0": 0.019736842105263157, "4.0": 0.019736842105263157, "5.0": 0.05921052631578947, "6.0": 0.09210526315789473, "7.0": 0.2565789473684211, "8.0": 0.21710526315789475, "9.0": 0.09868421052631579, "10.0": 0.03289473684210526, "11.0": 0.019736842105263157, "12.0": 0.08552631578947369, "13.0": 0.03289473684210526, "14.0": 0.046052631578947366, "15.0": 0.006578947368421052, "16.0": 0.006578947368421052, "17.0": 0.006578947368421052}, {"4.0": 0.1111111111111111, "8.0": 0.20634920634920634, "9.0": 0.09523809523809523, "11.0": 0.09523809523809523, "5.0": 0.047619047619047616, "6.0": 0.047619047619047616, "7.0": 0.12698412698412698, "10.0": 0.09523809523809523, "12.0": 0.06349206349206349, "13.0": 0.047619047619047616, "14.0": 0.015873015873015872, "17.0": 0.047619047619047616}, {"5.0": 0.06557377049180328, "7.0": 0.09836065573770492, "9.0": 0.11475409836065574, "10.0": 0.09836065573770492, "11.0": 0.09836065573770492, "13.0": 0.13114754098360656, "14.0": 0.11475409836065574, "16.0": 0.01639344262295082, "4.0": 0.03278688524590164, "6.0": 0.03278688524590164, "8.0": 0.06557377049180328, "12.0": 0.04918032786885246, "15.0": 0.04918032786885246, "17.0": 0.03278688524590164}, {"5.0": 0.017857142857142856, "7.0": 0.08928571428571429, "9.0": 0.23214285714285715, "10.0": 0.125, "13.0": 0.07142857142857142, "4.0": 0.03571428571428571, "6.0": 0.03571428571428571, "8.0": 0.05357142857142857, "11.0": 0.10714285714285714, "12.0": 0.08928571428571429, "14.0": 0.07142857142857142, "15.0": 0.017857142857142856, "17.0": 0.03571428571428571, "20.0": 0.017857142857142856}, {"6.0": 0.03636363636363636, "5.0": 0.01818181818181818, "7.0": 0.2, "8.0": 0.18181818181818182, "9.0": 0.18181818181818182, "10.0": 0.16363636363636364, "11.0": 0.03636363636363636, "12.0": 0.09090909090909091, "14.0": 0.05454545454545454, "15.0": 0.01818181818181818, "17.0": 0.01818181818181818}, {"6.0": 0.03333333333333333, "9.0": 0.18333333333333332, "11.0": 0.11666666666666667, "13.0": 0.11666666666666667, "14.0": 0.1, "5.0": 0.016666666666666666, "7.0": 0.016666666666666666, "8.0": 0.05, "10.0": 0.1, "12.0": 0.2, "15.0": 0.03333333333333333, "16.0": 0.016666666666666666, "17.0": 0.016666666666666666}, {"7.0": 0.1509433962264151, "10.0": 0.20754716981132076, "3.0": 0.018867924528301886, "5.0": 0.018867924528301886, "6.0": 0.09433962264150944, "8.0": 0.05660377358490566, "9.0": 0.20754716981132076, "11.0": 0.03773584905660377, "12.0": 0.09433962264150944, "14.0": 0.018867924528301886, "15.0": 0.018867924528301886, "16.0": 0.03773584905660377, "17.0": 0.03773584905660377}, {"7.0": 0.125, "8.0": 0.125, "14.0": 0.041666666666666664, "15.0": 0.0625, "6.0": 0.14583333333333334, "9.0": 0.14583333333333334, "10.0": 0.125, "11.0": 0.10416666666666667, "12.0": 0.10416666666666667, "13.0": 0.020833333333333332}, {"7.0": 0.05263157894736842, "9.0": 0.14736842105263157, "12.0": 0.09473684210526316, "14.0": 0.12631578947368421, "15.0": 0.08421052631578947, "4.0": 0.021052631578947368, "5.0": 0.021052631578947368, "6.0": 0.05263157894736842, "8.0": 0.11578947368421053, "10.0": 0.08421052631578947, "11.0": 0.07368421052631578, "13.0": 0.09473684210526316, "16.0": 0.021052631578947368, "17.0": 0.010526315789473684}, {"8.0": 0.1724137931034483, "9.0": 0.2413793103448276, "16.0": 0.017241379310344827, "2.0": 0.017241379310344827, "3.0": 0.017241379310344827, "4.0": 0.017241379310344827, "5.0": 0.017241379310344827, "6.0": 0.05172413793103448, "7.0": 0.10344827586206896, "10.0": 0.06896551724137931, "11.0": 0.08620689655172414, "12.0": 0.05172413793103448, "13.0": 0.05172413793103448, "14.0": 0.05172413793103448, "15.0": 0.034482758620689655}, {"11.0": 0.14, "13.0": 0.08, "17.0": 0.02, "5.0": 0.04, "7.0": 0.06, "8.0": 0.12, "9.0": 0.24, "10.0": 0.12, "12.0": 0.08, "14.0": 0.06, "15.0": 0.02, "16.0": 0.02}, {"15.0": 0.06, "17.0": 0.04, "1.0": 0.02, "2.0": 0.02, "3.0": 0.02, "5.0": 0.02, "6.0": 0.02, "8.0": 0.1, "9.0": 0.16, "10.0": 0.14, "11.0": 0.12, "12.0": 0.14, "13.0": 0.06, "14.0": 0.04, "16.0": 0.04}, {"3.0": 0.008547008547008548, "6.0": 0.03418803418803419, "7.0": 0.03418803418803419, "8.0": 0.08547008547008547, "9.0": 0.1282051282051282, "10.0": 0.05128205128205128, "11.0": 0.13675213675213677,