{"Algorithm Parameters": {"K": 17}, "Algorithm Performance": {"WCSS": 2588918319.106178, "Silhouette Score": 0.553260045892236, "Calinski Harabasz Index": 12596.868209243336}, "Clusters Content Analysis": {"Predictive Power": {"Global": {"Metrics": {"Class: Upgrade": {"Accuracy": 0.4444444444444444, "Precision": 0.45454545454545453, "Recall": 0.8, "F1-Score": 0.5797101449275363}, "Class: Downgrade": {"Accuracy": 0.5, "Precision": 0.45454545454545453, "Recall": 0.16666666666666666, "F1-Score": 0.2439024390243902}}, "Confusion Matrix": {"predicted_down_AND_was_down": 1, "predicted_up_AND_was_up": 4, "predicted_no_change_AND_was_no_change": 9, "predicted_down_BUT_was_up": 1, "predicted_down_BUT_was_no_change": 362, "predicted_no_change_BUT_was_up": 0, "predicted_no_change_BUT_was_down": 0, "predicted_up_BUT_was_down": 5, "predicted_up_BUT_was_no_change": 381}}, "Restricted to jumps to or from below B-": {"Metrics": {"Class: Upgrade": "No element of this class", "Class: Downgrade": "No element of this class"}, "Confusion Matrix": {"predicted_down_AND_was_down": 0, "predicted_up_AND_was_up": 0, "predicted_no_change_AND_was_no_change": 9, "predicted_down_BUT_was_up": 0, "predicted_down_BUT_was_no_change": 364, "predicted_no_change_BUT_was_up": 0, "predicted_no_change_BUT_was_down": 0, "predicted_up_BUT_was_down": 0, "predicted_up_BUT_was_no_change": 390}}}, "Share of total companies in each clusters": [0.003931847968545216, 0.01703800786369594, 0.001310615989515072, 0.20052424639580602, 0.10484927916120576, 0.001310615989515072, 0.023591087811271297, 0.03014416775884666, 0.0563564875491481, 0.13892529488859764, 0.01834862385321101, 0.003931847968545216, 0.035386631716906945, 0.06946264744429882, 0.010484927916120577, 0.2778505897771953, 0.00655307994757536, {"SUM": 0.9999999999999999}], "Clusters with significant ranges (count)": 13, "Significant Clusters (count)": 2, "Cluster Credit Ratings Shares": [{"1.0": 0.3333333333333333, "4.0": 0.3333333333333333, "9.0": 0.3333333333333333}, {"1.0": 0.07692307692307693, "4.0": 0.3076923076923077, "6.0": 0.07692307692307693, "7.0": 0.07692307692307693, "8.0": 0.07692307692307693, "9.0": 0.38461538461538464}, {"2.0": 1.0}, {"2.0": 0.006535947712418301, "6.0": 0.0196078431372549, "7.0": 0.0718954248366013, "8.0": 0.09803921568627451, "9.0": 0.20261437908496732, "10.0": 0.1568627450980392, "11.0": 0.13071895424836602, "12.0": 0.1111111111111111, "13.0": 0.12418300653594772, "14.0": 0.0457516339869281, "16.0": 0.013071895424836602, "17.0": 0.0196078431372549}, {"2.0": 0.0125, "5.0": 0.0375, "6.0": 0.0375, "7.0": 0.15, "8.0": 0.2, "9.0": 0.2875, "10.0": 0.0875, "11.0": 0.075, "12.0": 0.05, "13.0": 0.025, "14.0": 0.0375}, {"3.0": 1.0}, {"3.0": 0.1111111111111111, "5.0": 0.05555555555555555, "6.0": 0.2222222222222222, "7.0": 0.1111111111111111, "8.0": 0.3333333333333333, "9.0": 0.1111111111111111, "11.0": 0.05555555555555555}, {"3.0": 0.043478260869565216, "4.0": 0.043478260869565216, "5.0": 0.043478260869565216, "6.0": 0.08695652173913043, "7.0": 0.17391304347826086, "8.0": 0.30434782608695654, "9.0": 0.08695652173913043, "10.0": 0.08695652173913043, "11.0": 0.13043478260869565}, {"3.0": 0.023255813953488372, "4.0": 0.046511627906976744, "5.0": 0.11627906976744186, "6.0": 0.16279069767441862, "7.0": 0.20930232558139536, "8.0": 0.13953488372093023, "9.0": 0.16279069767441862, "10.0": 0.06976744186046512, "11.0": 0.046511627906976744, "12.0": 0.023255813953488372}, {"4.0": 0.018867924528301886, "5.0": 0.018867924528301886, "6.0": 0.03773584905660377, "7.0": 0.08490566037735849, "8.0": 0.2358490566037736, "9.0": 0.24528301886792453, "10.0": 0.19811320754716982, "11.0": 0.07547169811320754, "12.0": 0.04716981132075472, "13.0": 0.02830188679245283, "15.0": 0.009433962264150943}, {"4.0": 0.07142857142857142, "5.0": 0.14285714285714285, "6.0": 0.2857142857142857, "7.0": 0.21428571428571427, "8.0": 0.07142857142857142, "10.0": 0.14285714285714285, "11.0": 0.07142857142857142}, {"4.0": 0.3333333333333333, "7.0": 0.3333333333333333, "8.0": 0.3333333333333333}, {"5.0": 0.1111111111111111, "6.0": 0.18518518518518517, "7.0": 0.07407407407407407, "8.0": 0.25925925925925924, "9.0": 0.14814814814814814, "10.0": 0.14814814814814814, "11.0": 0.037037037037037035, "12.0": 0.037037037037037035}, {"5.0": 0.05660377358490566, "6.0": 0.05660377358490566, "7.0": 0.20754716981132076, "8.0": 0.2641509433962264, "9.0": 0.16981132075471697, "10.0": 0.1320754716981132, "11.0": 0.07547169811320754, "12.0": 0.018867924528301886, "13.0": 0.018867924528301886}, {"6.0": 0.125, "7.0": 0.25, "8.0": 0.25, "9.0": 0.25, "10.0": 0.125}, {"6.0": 0.0047169811320754715, "7.0": 0.02358490566037736, "8.0": 0.0047169811320754715, "9.0": 0.07075471698113207, "10.0": 0.07547169811320754, "11.0": 0.08018867924528301, "12.0": 0.2028301886792453, "13.0": 0.13679245283018868, "14.0": 0.2169811320754717, "15.0": 0.09905660377358491, "16.0": 0.06132075471698113, "17.0": 0.02358490566037736}, {"7.0": 0.4, "8.0": 0.4, "12.0": 0.2}], "Share of total companies with given credit rating in each cluter": [{"1.0": 0.5, "4.0": 0.08333333333333333, "9.0": 0.007874015748031496}, {"1.0": 0.5, "4.0": 0.3333333333333333, "6.0": 0.02631578947368421, "7.0": 0.013513513513513514, "8.0": 0.009615384615384616, "9.0": 0.03937007874015748}, {"2.0": 0.3333333333333333}, {"2.0": 0.3333333333333333, "6.0": 0.07894736842105263, "7.0": 0.14864864864864866, "8.0": 0.14423076923076922, "9.0": 0.2440944881889764, "10.0": 0.27586206896551724, "11.0": 0.31746031746031744, "12.0": 0.2328767123287671, "13.0": 0.35185185185185186, "14.0": 0.125, "16.0": 0.13333333333333333, "17.0": 0.375}, {"2.0": 0.3333333333333333, "5.0": 0.15, "6.0": 0.07894736842105263, "7.0": 0.16216216216216217, "8.0": 0.15384615384615385, "9.0": 0.18110236220472442, "10.0": 0.08045977011494253, "11.0": 0.09523809523809523, "12.0": 0.0547945205479452, "13.0": 0.037037037037037035, "14.0": 0.05357142857142857}, {"3.0": 0.2}, {"3.0": 0.4, "5.0": 0.05, "6.0": 0.10526315789473684, "7.0": 0.02702702702702703, "8.0": 0.057692307692307696, "9.0": 0.015748031496062992, "11.0": 0.015873015873015872}, {"3.0": 0.2, "4.0": 0.08333333333333333, "5.0": 0.05, "6.0": 0.05263157894736842, "7.0": 0.05405405405405406, "8.0": 0.0673076923076923, "9.0": 0.015748031496062992, "10.0": 0.022988505747126436, "11.0": 0.047619047619047616}, {"3.0": 0.2, "4.0": 0.16666666666666666, "5.0": 0.25, "6.0": 0.18421052631578946, "7.0": 0.12162162162162163, "8.0": 0.057692307692307696, "9.0": 0.05511811023622047, "10.0": 0.034482758620689655, "11.0": 0.031746031746031744, "12.0": 0.0136986301369863}, {"4.0": 0.16666666666666666, "5.0": 0.1, "6.0": 0.10526315789473684, "7.0": 0.12162162162162163, "8.0": 0.2403846153846154, "9.0": 0.2047244094488189, "10.0": 0.2413793103448276, "11.0": 0.12698412698412698, "12.0": 0.0684931506849315, "13.0": 0.05555555555555555, "15.0": 0.045454545454545456}, {"4.0": 0.08333333333333333, "5.0": 0.1, "6.0": 0.10526315789473684, "7.0": 0.04054054054054054, "8.0": 0.009615384615384616, "10.0": 0.022988505747126436, "11.0": 0.015873015873015872}, {"4.0": 0.08333333333333333, "7.0": 0.013513513513513514, "8.0": 0.009615384615384616}, {"5.0": 0.15, "6.0": 0.13157894736842105, "7.0": 0.02702702702702703, "8.0": 0.0673076923076923, "9.0": 0.031496062992125984, "10.0": 0.04597701149425287, "11.0": 0.015873015873015872, "12.0": 0.0136986301369863}, {"5.0": 0.15, "6.0": 0.07894736842105263, "7.0": 0.14864864864864866, "8.0": 0.1346153846153846, "9.0": 0.07086614173228346, "10.0": 0.08045977011494253, "11.0": 0.06349206349206349, "12.0": 0.0136986301369863, "13.0": 0.018518518518518517}, {"6.0": 0.02631578947368421, "7.0": 0.02702702702702703, "8.0": 0.019230769230769232, "9.0": 0.015748031496062992, "10.0": 0.011494252873563218}, {"6.0": 0.02631578947368421, "7.0": 0.06756756756756757, "8.0": 0.009615384615384616, "9.0": 0.11811023622047244, "10.0": 0.1839080459770115, "11.0": 0.2698412698412698, "12.0": 0.589041095890411,