{"Algorithm Parameters": {"C": 17}, "Algorithm Performance": {"WCSS": 25749730464.07406, "Silhouette Score": 0.5378727771502048, "Calinski Harabasz Index": 1479.5333092664525}, "Clusters Content Analysis": {"Predictive Power": {"Global": {"Metrics": {"Class: Upgrade": {"Accuracy": 0.5, "Precision": 0.5454545454545454, "Recall": 0.8, "F1-Score": 0.6486486486486486}, "Class: Downgrade": {"Accuracy": 0.6666666666666666, "Precision": 0.5454545454545454, "Recall": 0.3333333333333333, "F1-Score": 0.41379310344827586}}, "Confusion Matrix": {"predicted_down_AND_was_down": 2, "predicted_up_AND_was_up": 4, "predicted_no_change_AND_was_no_change": 1, "predicted_down_BUT_was_up": 1, "predicted_down_BUT_was_no_change": 363, "predicted_no_change_BUT_was_up": 0, "predicted_no_change_BUT_was_down": 0, "predicted_up_BUT_was_down": 4, "predicted_up_BUT_was_no_change": 388}}, "Restricted to jumps to or from below B-": {"Metrics": {"Class: Upgrade": "No element of this class", "Class: Downgrade": "No element of this class"}, "Confusion Matrix": {"predicted_down_AND_was_down": 0, "predicted_up_AND_was_up": 0, "predicted_no_change_AND_was_no_change": 1, "predicted_down_BUT_was_up": 0, "predicted_down_BUT_was_no_change": 366, "predicted_no_change_BUT_was_up": 0, "predicted_no_change_BUT_was_down": 0, "predicted_up_BUT_was_down": 0, "predicted_up_BUT_was_no_change": 396}}}, "Share of total companies in each clusters": [0.00655307994757536, 0.014416775884665793, 0.20576671035386632, 0.0982961992136304, 0.011795543905635648, 0.015727391874180863, 0.028833551769331587, 0.04980340760157274, 0.14285714285714285, 0.03014416775884666, 0.015727391874180863, 0.003931847968545216, 0.028833551769331587, 0.06290956749672345, 0.00655307994757536, 0.2686762778505898, 0.009174311926605505, {"SUM": 1.0}], "Clusters with significant ranges (count)": 15, "Significant Clusters (count)": 2, "Cluster Credit Ratings Shares": [{"1.0": 0.2, "2.0": 0.2, "3.0": 0.2, "4.0": 0.2, "9.0": 0.2}, {"1.0": 0.09090909090909091, "4.0": 0.2727272727272727, "6.0": 0.09090909090909091, "7.0": 0.09090909090909091, "8.0": 0.09090909090909091, "9.0": 0.36363636363636365}, {"2.0": 0.006369426751592357, "6.0": 0.01910828025477707, "7.0": 0.07006369426751592, "8.0": 0.08917197452229299, "9.0": 0.19745222929936307, "10.0": 0.1592356687898089, "11.0": 0.12738853503184713, "12.0": 0.10828025477707007, "13.0": 0.12101910828025478, "14.0": 0.050955414012738856, "15.0": 0.006369426751592357, "16.0": 0.012738853503184714, "17.0": 0.03184713375796178}, {"2.0": 0.013333333333333334, "5.0": 0.04, "6.0": 0.04, "7.0": 0.16, "8.0": 0.18666666666666668, "9.0": 0.29333333333333333, "10.0": 0.08, "11.0": 0.08, "12.0": 0.05333333333333334, "13.0": 0.013333333333333334, "14.0": 0.04}, {"3.0": 0.1111111111111111, "4.0": 0.1111111111111111, "8.0": 0.4444444444444444, "9.0": 0.2222222222222222, "11.0": 0.1111111111111111}, {"3.0": 0.08333333333333333, "5.0": 0.08333333333333333, "6.0": 0.3333333333333333, "7.0": 0.16666666666666666, "8.0": 0.25, "9.0": 0.08333333333333333}, {"3.0": 0.045454545454545456, "4.0": 0.045454545454545456, "5.0": 0.045454545454545456, "6.0": 0.13636363636363635, "7.0": 0.13636363636363635, "8.0": 0.3181818181818182, "9.0": 0.09090909090909091, "10.0": 0.13636363636363635, "11.0": 0.045454545454545456}, {"3.0": 0.02631578947368421, "4.0": 0.02631578947368421, "5.0": 0.10526315789473684, "6.0": 0.18421052631578946, "7.0": 0.18421052631578946, "8.0": 0.21052631578947367, "9.0": 0.18421052631578946, "10.0": 0.05263157894736842, "11.0": 0.02631578947368421}, {"4.0": 0.01834862385321101, "5.0": 0.01834862385321101, "6.0": 0.03669724770642202, "7.0": 0.08256880733944955, "8.0": 0.23853211009174313, "9.0": 0.25688073394495414, "10.0": 0.1926605504587156, "11.0": 0.07339449541284404, "12.0": 0.045871559633027525, "13.0": 0.027522935779816515, "15.0": 0.009174311926605505}, {"4.0": 0.043478260869565216, "5.0": 0.043478260869565216, "6.0": 0.2608695652173913, "7.0": 0.17391304347826086, "8.0": 0.08695652173913043, "9.0": 0.17391304347826086, "10.0": 0.08695652173913043, "11.0": 0.043478260869565216, "12.0": 0.08695652173913043}, {"4.0": 0.08333333333333333, "5.0": 0.16666666666666666, "6.0": 0.25, "7.0": 0.25, "8.0": 0.08333333333333333, "10.0": 0.08333333333333333, "11.0": 0.08333333333333333}, {"4.0": 0.3333333333333333, "7.0": 0.3333333333333333, "8.0": 0.3333333333333333}, {"5.0": 0.13636363636363635, "6.0": 0.045454545454545456, "7.0": 0.09090909090909091, "8.0": 0.2727272727272727, "9.0": 0.13636363636363635, "10.0": 0.18181818181818182, "11.0": 0.13636363636363635}, {"5.0": 0.0625, "6.0": 0.020833333333333332, "7.0": 0.20833333333333334, "8.0": 0.2708333333333333, "9.0": 0.14583333333333334, "10.0": 0.14583333333333334, "11.0": 0.08333333333333333, "12.0": 0.020833333333333332, "13.0": 0.041666666666666664}, {"6.0": 0.2, "7.0": 0.4, "8.0": 0.2, "12.0": 0.2}, {"6.0": 0.004878048780487805, "7.0": 0.024390243902439025, "8.0": 0.004878048780487805, "9.0": 0.06341463414634146, "10.0": 0.07317073170731707, "11.0": 0.08292682926829269, "12.0": 0.2097560975609756, "13.0": 0.14146341463414633, "14.0": 0.21951219512195122, "15.0": 0.0975609756097561, "16.0": 0.06341463414634146, "17.0": 0.014634146341463415}, {"7.0": 0.2857142857142857, "8.0": 0.2857142857142857, "9.0": 0.2857142857142857, "10.0": 0.14285714285714285}], "Share of total companies with given credit rating in each cluter": [{"1.0": 0.5, "2.0": 0.3333333333333333, "3.0": 0.2, "4.0": 0.08333333333333333, "9.0": 0.007874015748031496}, {"1.0": 0.5, "4.0": 0.25, "6.0": 0.02631578947368421, "7.0": 0.013513513513513514, "8.0": 0.009615384615384616, "9.0": 0.031496062992125984}, {"2.0": 0.3333333333333333, "6.0": 0.07894736842105263, "7.0": 0.14864864864864866, "8.0": 0.1346153846153846, "9.0": 0.2440944881889764, "10.0": 0.28735632183908044, "11.0": 0.31746031746031744, "12.0": 0.2328767123287671, "13.0": 0.35185185185185186, "14.0": 0.14285714285714285, "15.0": 0.045454545454545456, "16.0": 0.13333333333333333, "17.0": 0.625}, {"2.0": 0.3333333333333333, "5.0": 0.15, "6.0": 0.07894736842105263, "7.0": 0.16216216216216217, "8.0": 0.1346153846153846, "9.0": 0.1732283464566929, "10.0": 0.06896551724137931, "11.0": 0.09523809523809523, "12.0": 0.0547945205479452, "13.0": 0.018518518518518517, "14.0": 0.05357142857142857}, {"3.0": 0.2, "4.0": 0.08333333333333333, "8.0": 0.038461538461538464, "9.0": 0.015748031496062992, "11.0": 0.015873015873015872}, {"3.0": 0.2, "5.0": 0.05, "6.0": 0.10526315789473684, "7.0": 0.02702702702702703, "8.0": 0.028846153846153848, "9.0": 0.007874015748031496}, {"3.0": 0.2, "4.0": 0.08333333333333333, "5.0": 0.05, "6.0": 0.07894736842105263, "7.0": 0.04054054054054054, "8.0": 0.0673076923076923, "9.0": 0.015748031496062992, "10.0": 0.034482758620689655, "11.0": 0.015873015873015872}, {"3.0": 0.2, "4.0": 0.08333333333333333, "5.0": 0.2, "6.0": 0.18421052631578946, "7.0": 0.0945945945945946, "8.0": 0.07692307692307693, "9.0": 0.05511811023622047, "10.0": 0.022988505747126436, "11.0": 0.015873015873015872}, {"4.0": 0.16666666666666666, "5.0": 0.1, "6.0": 0.10526315789473684, "7.0": 0.12162162162162163, "8.0": 0.25, "9.0": 0.2204724409448819, "10.0": 0.2413793103448276, "11.0": 0.12698412698412698, "12.0": 0.0684931506849315, "13.0": 0.05555555555555555, "15.0": 0.045454545454545456}, {"4.0": 0.08333333333333333, "5.0": 0.05, "6.0": 0.15789473684210525, "7.0": 0.05405405405405406, "8.0": 0.019230769230769232, "9.0": 0.031496062992125984, "10.0": 0.022988505747126436, "11.0": 0.015873015873015872, "12.0": 0.0273972602739726}, {"4.0": 0.08333333333333333, "5.0": 0.1, "6.0": 0.07894736842105263, "7.0": 0.04054054054054054, "8.0": 0.009615384615384616, "10.0": 0.011494252873563218, "11.0": 0.015873015873015872}, {"4.0": 0.08333333333333333, "7.0": 0.013513513513513514, "8.0": 0.009615384615384616}, {"5.0": 0.15, "6.0": 0.02631578947368421, "7.0": 0.02702702702702703, "8.0": 0.057692307692307696, "9.0": 0.023622047244094488, "10.0": 0.04597701149425287,