{"Algorithm Parameters": {"Threshold Value": 0.1, "Braching Factor": 7, "K": 19}, "Algorithm Performance": {"Calinski Harabasz Index": 387.0707034192202}, "Clusters Content Analysis": {"Predictive Power": {"Global": {"Metrics": {"Class: Upgrade": {"Accuracy": 0.6428571428571429, "Precision": 0.76, "Recall": 0.9, "F1-Score": 0.8240963855421687}, "Class: Downgrade": {"Accuracy": 0.9090909090909091, "Precision": 0.76, "Recall": 0.6666666666666666, "F1-Score": 0.7102803738317756}}, "Confusion Matrix": {"predicted_down_AND_was_down": 10, "predicted_up_AND_was_up": 9, "predicted_no_change_AND_was_no_change": 5, "predicted_down_BUT_was_up": 1, "predicted_down_BUT_was_no_change": 798, "predicted_no_change_BUT_was_up": 0, "predicted_no_change_BUT_was_down": 0, "predicted_up_BUT_was_down": 5, "predicted_up_BUT_was_no_change": 613}}, "Restricted to jumps to or from below B-": {"Metrics": {"Class: Upgrade": "No element of this class", "Class: Downgrade": "No element of this class"}, "Confusion Matrix": {"predicted_down_AND_was_down": 0, "predicted_up_AND_was_up": 0, "predicted_no_change_AND_was_no_change": 5, "predicted_down_BUT_was_up": 0, "predicted_down_BUT_was_no_change": 809, "predicted_no_change_BUT_was_up": 0, "predicted_no_change_BUT_was_down": 0, "predicted_up_BUT_was_down": 0, "predicted_up_BUT_was_no_change": 627}}}, "Share of total companies in each clusters": [0.26995142262317834, 0.10201249132546843, 0.06453851492019431, 0.10895211658570438, 0.05343511450381679, 0.022900763358778626, 0.008327550312283136, 0.0006939625260235947, 0.02498265093684941, 0.01734906315058987, 0.03678001387925052, 0.10062456627342123, 0.0784177654406662, 0.06870229007633588, 0.010409437890353921, 0.010409437890353921, 0.006245662734212352, 0.01179736294240111, 0.0034698126301179735, {"SUM": 0.9999999999999998}], "Clusters with significant ranges (count)": 18, "Significant Clusters (count)": 11, "Cluster Credit Ratings Shares": [{"1.0": 0.005141388174807198, "2.0": 0.005141388174807198, "3.0": 0.010282776349614395, "4.0": 0.010282776349614395, "5.0": 0.02313624678663239, "6.0": 0.04113110539845758, "7.0": 0.12339331619537275, "8.0": 0.13367609254498714, "9.0": 0.2827763496143959, "10.0": 0.04627249357326478, "11.0": 0.04884318766066838, "12.0": 0.06683804627249357, "13.0": 0.05912596401028278, "14.0": 0.056555269922879174, "15.0": 0.030848329048843187, "16.0": 0.02570694087403599, "17.0": 0.02570694087403599, "18.0": 0.002570694087403599, "20.0": 0.002570694087403599}, {"2.0": 0.006802721088435374, "3.0": 0.013605442176870748, "4.0": 0.006802721088435374, "5.0": 0.013605442176870748, "6.0": 0.07482993197278912, "7.0": 0.12244897959183673, "8.0": 0.14965986394557823, "9.0": 0.08843537414965986, "10.0": 0.05442176870748299, "12.0": 0.08843537414965986, "13.0": 0.1292517006802721, "15.0": 0.07482993197278912, "17.0": 0.02040816326530612, "18.0": 0.006802721088435374, "20.0": 0.006802721088435374, "11.0": 0.034013605442176874, "14.0": 0.08163265306122448, "16.0": 0.027210884353741496}, {"2.0": 0.03225806451612903, "5.0": 0.03225806451612903, "7.0": 0.12903225806451613, "8.0": 0.12903225806451613, "6.0": 0.06451612903225806, "9.0": 0.17204301075268819, "10.0": 0.17204301075268819, "11.0": 0.0967741935483871, "12.0": 0.06451612903225806, "13.0": 0.021505376344086023, "14.0": 0.043010752688172046, "15.0": 0.021505376344086023, "16.0": 0.021505376344086023}, {"3.0": 0.006369426751592357, "6.0": 0.025477707006369428, "7.0": 0.05732484076433121, "9.0": 0.16560509554140126, "10.0": 0.10191082802547771, "11.0": 0.12101910828025478, "13.0": 0.08917197452229299, "14.0": 0.1337579617834395, "17.0": 0.025477707006369428, "4.0": 0.012738853503184714, "5.0": 0.006369426751592357, "8.0": 0.08280254777070063, "12.0": 0.14012738853503184, "15.0": 0.01910828025477707, "16.0": 0.006369426751592357, "20.0": 0.006369426751592357}, {"3.0": 0.012987012987012988, "4.0": 0.012987012987012988, "5.0": 0.025974025974025976, "6.0": 0.012987012987012988, "7.0": 0.16883116883116883, "8.0": 0.11688311688311688, "10.0": 0.11688311688311688, "11.0": 0.03896103896103896, "13.0": 0.05194805194805195, "15.0": 0.1038961038961039, "9.0": 0.1038961038961039, "12.0": 0.1038961038961039, "14.0": 0.05194805194805195, "16.0": 0.03896103896103896, "17.0": 0.03896103896103896}, {"4.0": 0.06060606060606061, "5.0": 0.06060606060606061, "6.0": 0.12121212121212122, "7.0": 0.18181818181818182, "8.0": 0.15151515151515152, "9.0": 0.030303030303030304, "10.0": 0.12121212121212122, "11.0": 0.09090909090909091, "12.0": 0.06060606060606061, "13.0": 0.06060606060606061, "14.0": 0.030303030303030304, "17.0": 0.030303030303030304}, {"5.0": 0.4166666666666667, "6.0": 0.25, "12.0": 0.08333333333333333, "14.0": 0.08333333333333333, "16.0": 0.08333333333333333, "17.0": 0.08333333333333333}, {"5.0": 1.0}, {"5.0": 0.05555555555555555, "7.0": 0.08333333333333333, "9.0": 0.19444444444444445, "10.0": 0.1111111111111111, "13.0": 0.1388888888888889, "14.0": 0.1388888888888889, "16.0": 0.027777777777777776, "6.0": 0.027777777777777776, "8.0": 0.027777777777777776, "11.0": 0.08333333333333333, "12.0": 0.027777777777777776, "15.0": 0.05555555555555555, "17.0": 0.027777777777777776}, {"6.0": 0.08, "8.0": 0.16, "9.0": 0.2, "10.0": 0.12, "14.0": 0.12, "5.0": 0.04, "7.0": 0.12, "12.0": 0.08, "13.0": 0.08}, {"7.0": 0.11320754716981132, "10.0": 0.20754716981132076, "3.0": 0.018867924528301886, "5.0": 0.018867924528301886, "6.0": 0.11320754716981132, "8.0": 0.07547169811320754, "9.0": 0.20754716981132076, "11.0": 0.05660377358490566, "12.0": 0.09433962264150944, "15.0": 0.018867924528301886, "16.0": 0.03773584905660377, "17.0": 0.018867924528301886, "18.0": 0.018867924528301886}, {"7.0": 0.06896551724137931, "9.0": 0.1310344827586207, "10.0": 0.06206896551724138, "11.0": 0.0896551724137931, "12.0": 0.08275862068965517, "14.0": 0.1310344827586207, "15.0": 0.10344827586206896, "4.0": 0.020689655172413793, "5.0": 0.027586206896551724, "6.0": 0.034482758620689655, "8.0": 0.0896551724137931, "13.0": 0.1103448275862069, "16.0": 0.027586206896551724, "17.0": 0.020689655172413793}, {"7.0": 0.02654867256637168, "10.0": 0.37168141592920356, "11.0": 0.09734513274336283, "13.0": 0.061946902654867256, "15.0": 0.02654867256637168, "17.0": 0.02654867256637168, "5.0": 0.017699115044247787, "8.0": 0.07079646017699115, "9.0": 0.12389380530973451, "12.0": 0.09734513274336283, "14.0": 0.04424778761061947, "16.0": 0.035398230088495575}, {"8.0": 0.15151515151515152, "9.0": 0.21212121212121213, "10.0": 0.15151515151515152, "14.0": 0.04040404040404041, "15.0": 0.030303030303030304, "16.0": 0.020202020202020204, "3.0": 0.010101010101010102, "4.0": 0.04040404040404041, "6.0": 0.050505050505050504, "7.0": 0.10101010101010101, "11.0": 0.050505050505050504, "12.0": 0.06060606060606061, "13.0": 0.050505050505050504, "17.0": 0.030303030303030304}, {"8.0": 0.13333333333333333, "9.0": 0.06666666666666667, "10.0": 0.13333333333333333, "13.0": 0.06666666666666667, "6.0": 0.06666666666666667, "11.0": 0.26666666666666666, "12.0": 0.06666666666666667, "15.0": 0.2}, {"9.0": 0.26666666666666666, "11.0": 0.13333333333333333, "4.0": 0.06666666666666667, "5.0": 0.06666666666666667, "7.0": 0.13333333333333333, "8.0": 0.26666666666666666, "12.0": 0.06666666666666667}, {"1.0": 0.1111111111111111, "2.0": 0.1111111111111111, "3.0": 0.1111111111111111, "7.0": 0.1111111111111111, "9.0": 0.4444444444444444, "10.0": 0.1111111111111111}, {"1.0": 0.058823529411764705, "3.0": 0.058823529411764705, "4.0": 0.058823529411764705, "5.0": 0.058823529411764705, "6.0": 0.058823529411764705, "7.0": 0.11764705882352941, "8.0": 0.29411764705882354, "9.0": 0.11764705882352941, "10.0": 0.11764705882352941, "11.0": 0.058823529411764705}, {"4.0": 0.2, "5.0": 0.2, "8.0": 0.4, "10.0": 0.2}], "Share of total companies with given credit rating in each cluter": [{"1.0": 0.5, "2.0": 0.2857142857142857, "3.0": 0.3333333333333333, "4.0": 0.2, "5.0": 0.23684210526315788, "6.0": 0.24242424242424243, "7.0": 0.3287671232876712,