{"Algorithm Parameters": {"K": 19}, "Algorithm Performance": {"WCSS": 25.667804840278947, "Silhouette Score": 0.2961415613481053, "Calinski Harabasz Index": 407.90769512285476}, "Clusters Content Analysis": {"Predictive Power": {"Global": {"Metrics": {"Class: Upgrade": {"Accuracy": 0.6666666666666666, "Precision": 0.7916666666666666, "Recall": 1.0, "F1-Score": 0.8837209302325582}, "Class: Downgrade": {"Accuracy": 1.0, "Precision": 0.7916666666666666, "Recall": 0.6428571428571429, "F1-Score": 0.7095435684647302}}, "Confusion Matrix": {"predicted_down_AND_was_down": 9, "predicted_up_AND_was_up": 10, "predicted_no_change_AND_was_no_change": 3, "predicted_down_BUT_was_up": 0, "predicted_down_BUT_was_no_change": 818, "predicted_no_change_BUT_was_up": 0, "predicted_no_change_BUT_was_down": 1, "predicted_up_BUT_was_down": 5, "predicted_up_BUT_was_no_change": 595}}, "Restricted to jumps to or from below B-": {"Metrics": {"Class: Upgrade": "No element of this class", "Class: Downgrade": "No element of this class"}, "Confusion Matrix": {"predicted_down_AND_was_down": 0, "predicted_up_AND_was_up": 0, "predicted_no_change_AND_was_no_change": 4, "predicted_down_BUT_was_up": 0, "predicted_down_BUT_was_no_change": 827, "predicted_no_change_BUT_was_up": 0, "predicted_no_change_BUT_was_down": 0, "predicted_up_BUT_was_down": 0, "predicted_up_BUT_was_no_change": 610}}}, "Share of total companies in each clusters": [0.32061068702290074, 0.0922970159611381, 0.018043025676613464, 0.06662040249826509, 0.06315058986814712, 0.03747397640527411, 0.0916030534351145, 0.06384455239417071, 0.04996530187369882, 0.009021512838306732, 0.04371963913948647, 0.02498265093684941, 0.04302567661346287, 0.002775850104094379, 0.03539208882720333, 0.011103400416377515, 0.01943095072866065, 0.006245662734212352, 0.0006939625260235947, {"SUM": 1.0}], "Clusters with significant ranges (count)": 17, "Significant Clusters (count)": 13, "Cluster Credit Ratings Shares": [{"1.0": 0.004329004329004329, "2.0": 0.004329004329004329, "3.0": 0.012987012987012988, "4.0": 0.008658008658008658, "5.0": 0.030303030303030304, "6.0": 0.045454545454545456, "7.0": 0.11255411255411256, "8.0": 0.11904761904761904, "9.0": 0.24675324675324675, "10.0": 0.03896103896103896, "11.0": 0.05627705627705628, "12.0": 0.07142857142857142, "13.0": 0.0670995670995671, "14.0": 0.06493506493506493, "15.0": 0.05411255411255411, "16.0": 0.03463203463203463, "17.0": 0.023809523809523808, "18.0": 0.0021645021645021645, "20.0": 0.0021645021645021645}, {"2.0": 0.007518796992481203, "4.0": 0.007518796992481203, "5.0": 0.022556390977443608, "6.0": 0.07518796992481203, "7.0": 0.12781954887218044, "8.0": 0.15037593984962405, "9.0": 0.08270676691729323, "10.0": 0.06766917293233082, "12.0": 0.09022556390977443, "13.0": 0.12030075187969924, "15.0": 0.06766917293233082, "17.0": 0.03007518796992481, "18.0": 0.007518796992481203, "20.0": 0.007518796992481203, "11.0": 0.03007518796992481, "14.0": 0.08270676691729323, "16.0": 0.022556390977443608}, {"2.0": 0.038461538461538464, "6.0": 0.11538461538461539, "8.0": 0.15384615384615385, "9.0": 0.19230769230769232, "10.0": 0.11538461538461539, "14.0": 0.11538461538461539, "5.0": 0.038461538461538464, "7.0": 0.07692307692307693, "12.0": 0.07692307692307693, "13.0": 0.07692307692307693}, {"3.0": 0.010416666666666666, "5.0": 0.020833333333333332, "9.0": 0.19791666666666666, "14.0": 0.07291666666666667, "2.0": 0.010416666666666666, "4.0": 0.020833333333333332, "6.0": 0.041666666666666664, "7.0": 0.13541666666666666, "8.0": 0.07291666666666667, "10.0": 0.13541666666666666, "11.0": 0.11458333333333333, "12.0": 0.08333333333333333, "13.0": 0.041666666666666664, "16.0": 0.020833333333333332, "17.0": 0.010416666666666666, "20.0": 0.010416666666666666}, {"3.0": 0.01098901098901099, "4.0": 0.01098901098901099, "5.0": 0.02197802197802198, "6.0": 0.02197802197802198, "7.0": 0.15384615384615385, "8.0": 0.13186813186813187, "10.0": 0.12087912087912088, "11.0": 0.04395604395604396, "13.0": 0.054945054945054944, "15.0": 0.10989010989010989, "9.0": 0.10989010989010989, "12.0": 0.07692307692307693, "14.0": 0.054945054945054944, "16.0": 0.03296703296703297, "17.0": 0.04395604395604396}, {"4.0": 0.037037037037037035, "7.0": 0.18518518518518517, "8.0": 0.14814814814814814, "14.0": 0.05555555555555555, "15.0": 0.05555555555555555, "5.0": 0.037037037037037035, "6.0": 0.12962962962962962, "9.0": 0.05555555555555555, "10.0": 0.1111111111111111, "11.0": 0.05555555555555555, "12.0": 0.05555555555555555, "13.0": 0.05555555555555555, "17.0": 0.018518518518518517}, {"5.0": 0.03787878787878788, "7.0": 0.07575757575757576, "9.0": 0.14393939393939395, "10.0": 0.09848484848484848, "11.0": 0.09090909090909091, "12.0": 0.07575757575757576, "13.0": 0.11363636363636363, "14.0": 0.11363636363636363, "15.0": 0.045454545454545456, "16.0": 0.007575757575757576, "4.0": 0.022727272727272728, "6.0": 0.045454545454545456, "8.0": 0.10606060606060606, "17.0": 0.022727272727272728}, {"6.0": 0.021739130434782608, "9.0": 0.17391304347826086, "10.0": 0.07608695652173914, "11.0": 0.14130434782608695, "13.0": 0.11956521739130435, "14.0": 0.16304347826086957, "17.0": 0.021739130434782608, "5.0": 0.010869565217391304, "7.0": 0.021739130434782608, "8.0": 0.05434782608695652, "12.0": 0.15217391304347827, "15.0": 0.03260869565217391, "16.0": 0.010869565217391304}, {"7.0": 0.125, "10.0": 0.20833333333333334, "15.0": 0.05555555555555555, "17.0": 0.05555555555555555, "6.0": 0.06944444444444445, "8.0": 0.06944444444444445, "9.0": 0.16666666666666666, "11.0": 0.06944444444444445, "12.0": 0.1111111111111111, "13.0": 0.027777777777777776, "14.0": 0.013888888888888888, "16.0": 0.027777777777777776}, {"8.0": 0.3076923076923077, "9.0": 0.23076923076923078, "11.0": 0.23076923076923078, "12.0": 0.07692307692307693, "13.0": 0.07692307692307693, "14.0": 0.07692307692307693}, {"8.0": 0.14285714285714285, "9.0": 0.25396825396825395, "16.0": 0.015873015873015872, "2.0": 0.015873015873015872, "5.0": 0.015873015873015872, "6.0": 0.047619047619047616, "7.0": 0.09523809523809523, "10.0": 0.12698412698412698, "11.0": 0.09523809523809523, "12.0": 0.09523809523809523, "13.0": 0.047619047619047616, "14.0": 0.031746031746031744, "15.0": 0.015873015873015872}, {"10.0": 0.25, "5.0": 0.027777777777777776, "7.0": 0.05555555555555555, "8.0": 0.1111111111111111, "9.0": 0.25, "11.0": 0.027777777777777776, "12.0": 0.1111111111111111, "13.0": 0.027777777777777776, "14.0": 0.027777777777777776, "16.0": 0.05555555555555555, "17.0": 0.027777777777777776, "18.0": 0.027777777777777776}, {"10.0": 0.5806451612903226, "11.0": 0.04838709677419355, "13.0": 0.03225806451612903, "5.0": 0.016129032258064516, "6.0": 0.016129032258064516, "7.0": 0.03225806451612903, "8.0": 0.06451612903225806, "9.0": 0.08064516129032258, "12.0": 0.016129032258064516, "14.0": 0.04838709677419355, "15.0": 0.016129032258064516, "16.0": 0.04838709677419355}, {"1.0": 0.25, "2.0": 0.25, "3.0": 0.25, "4.0": 0.25}, {"1.0": 0.0196078431372549, "3.0": 0.0196078431372549, "4.0": 0.0196078431372549, "5.0": 0.058823529411764705, "7.0": 0.0196078431372549, "8.0": 0.17647058823529413, "9.0": 0.2549019607843137, "10.0": 0.09803921568627451, "11.0": 0.0784313725490196, "12.0": 0.11764705882352941, "13.0": 0.058823529411764705, "14.0": 0.058823529411764705, "15.0": 0.0196078431372549}, {"3.0": 0.0625, "4.0": 0.0625, "5.0": 0.0625, "7.0": 0.125, "8.0": 0.25, "9.0": 0.0625, "10.0": 0.1875, "11.0": 0.125, "14.0": 0.0625}, {"3.0": 0.03571428571428571, "4.0": 0.10714285714285714, "5.0": 0.03571428571428571, "6.0": 0.07142857142857142, "7.0": 0.07142857142857142, "8.0": 0.14285714285714285, "9.0": 0.14285714285714285, "10.0": 0.14285714285714285, "11.0": 0.07142857142857142, "12.0": 0.07142857142857142, "13.0": 0.03571428571428571, "17.0": 0.07142857142857142}, {"4.0": 0.1111111111111111, "7.0": 0.2222222222222222, "8.0": 0.3333333333333333, "9.0": 0.1111111111111111, "10.0": 0.1111111111111111, "11.0": 0.1111111111111111}, {"9.0": 1.0}],