{"Algorithm Parameters": {"Threshold Value": 9.6, "Braching Factor": 32, "K": 2}, "Algorithm Performance": {"Silhouette Score": 0.9221880557588398}, "Clusters Content Analysis": {"Predictive Power": {"Global": {"Metrics": {"Class: Upgrade": {"Accuracy": 0.6363636363636364, "Precision": 0.75, "Recall": 1.0, "F1-Score": 0.8571428571428571}, "Class: Downgrade": {"Accuracy": 1.0, "Precision": 0.75, "Recall": 0.5555555555555556, "F1-Score": 0.6382978723404256}}, "Confusion Matrix": {"predicted_down_AND_was_down": 5, "predicted_up_AND_was_up": 7, "predicted_no_change_AND_was_no_change": 0, "predicted_down_BUT_was_up": 0, "predicted_down_BUT_was_no_change": 378, "predicted_no_change_BUT_was_up": 0, "predicted_no_change_BUT_was_down": 0, "predicted_up_BUT_was_down": 4, "predicted_up_BUT_was_no_change": 369}}, "Restricted to jumps to or from below B-": {"Metrics": {"Class: Upgrade": "No element of this class", "Class: Downgrade": "No element of this class"}, "Confusion Matrix": {"predicted_down_AND_was_down": 0, "predicted_up_AND_was_up": 0, "predicted_no_change_AND_was_no_change": 0, "predicted_down_BUT_was_up": 0, "predicted_down_BUT_was_no_change": 383, "predicted_no_change_BUT_was_up": 0, "predicted_no_change_BUT_was_down": 0, "predicted_up_BUT_was_down": 0, "predicted_up_BUT_was_no_change": 380}}}, "Share of total companies in each clusters": [0.00655307994757536, 0.9934469200524246, {"SUM": 1.0}], "Clusters with significant ranges (count)": 2, "Significant Clusters (count)": 1, "Cluster Credit Ratings Shares": [{"AAA": 0.2, "AA+": 0.2, "AA": 0.2, "AA-": 0.2, "BBB": 0.2}, {"AAA": 0.0013192612137203166, "AA+": 0.002638522427440633, "AA": 0.005277044854881266, "AA-": 0.014511873350923483, "A+": 0.026385224274406333, "A": 0.05013192612137203, "A-": 0.09762532981530343, "BBB+": 0.13720316622691292, "BBB": 0.1662269129287599, "BBB-": 0.11477572559366754, "BB+": 0.08311345646437995, "BB": 0.09630606860158311, "BB-": 0.0712401055408971, "B+": 0.07387862796833773, "B": 0.029023746701846966, "B-": 0.01978891820580475, "CCC+": 0.0079155672823219, "CCC": 0.002638522427440633}], "Share of total companies with given credit rating in each cluter": [{"AAA": 0.5, "AA+": 0.3333333333333333, "AA": 0.2, "AA-": 0.08333333333333333, "BBB": 0.007874015748031496}, {"AAA": 0.5, "AA+": 0.6666666666666666, "AA": 0.8, "AA-": 0.9166666666666666, "A+": 1.0, "A": 1.0, "A-": 1.0, "BBB+": 1.0, "BBB": 0.9921259842519685, "BBB-": 1.0, "BB+": 1.0, "BB": 1.0, "BB-": 1.0, "B+": 1.0, "B": 1.0, "B-": 1.0, "CCC+": 1.0, "CCC": 1.0}], "Cluster ranges": [8.0, 17.0], "Cluster metrics of location and dispersion": [{"Mean": 3.8, "Median": 3.0, "1st Quartile": 2.0, "3rd Quartile": 4.0, "Standard Deviation": 2.785677655436824, "Is Signficant": false}, {"Mean": 9.902374670184697, "Median": 9.0, "1st Quartile": 8.0, "3rd Quartile": 12.0, "Standard Deviation": 2.8963573987893807, "Is Signficant": true}], "Cluster entropies": [2.321928094887362, 3.5389373525036465], "Maximum entropy": 3.5389373525036465, "Weighted average entropy": 3.530962193541548, "Incoherencies explanations": {"CLUSTER 0": {}, "CLUSTER 1": {}}}}