{"Algorithm Parameters": {"Threshold Value": 9.6, "Braching Factor": 32, "K": 2}, "Algorithm Performance": {"Silhouette Score": 0.9221880557588398}, "Clusters Content Analysis": {"Predictive Power": {"Metrics": {"Class: Upgrade": {"Accuracy": 0.625, "Precision": 0.7272727272727273, "Recall": 1.0, "F1-Score": 0.8421052631578948}, "Class: Downgrade": {"Accuracy": 1.0, "Precision": 0.7272727272727273, "Recall": 0.5, "F1-Score": 0.5925925925925926}}, "Confusion Matrix": {"predicted_down_AND_was_down": 3, "predicted_up_AND_was_up": 5, "predicted_no_change_AND_was_no_change": 0, "predicted_down_BUT_was_up": 0, "predicted_down_BUT_was_no_change": 380, "predicted_no_change_BUT_was_up": 0, "predicted_no_change_BUT_was_down": 0, "predicted_up_BUT_was_down": 3, "predicted_up_BUT_was_no_change": 372}}, "Share of total companies in each clusters": [0.00655307994757536, 0.9934469200524246, {"SUM": 1.0}], "Clusters with significant ranges (count)": 2, "Significant Clusters (count)": 1, "Cluster Credit Ratings Shares": [{"1.0": 0.2, "2.0": 0.2, "3.0": 0.2, "4.0": 0.2, "9.0": 0.2}, {"1.0": 0.0013192612137203166, "2.0": 0.002638522427440633, "3.0": 0.005277044854881266, "4.0": 0.014511873350923483, "5.0": 0.026385224274406333, "6.0": 0.05013192612137203, "7.0": 0.09762532981530343, "8.0": 0.13720316622691292, "9.0": 0.1662269129287599, "10.0": 0.11477572559366754, "11.0": 0.08311345646437995, "12.0": 0.09630606860158311, "13.0": 0.0712401055408971, "14.0": 0.07387862796833773, "15.0": 0.029023746701846966, "16.0": 0.01978891820580475, "17.0": 0.010554089709762533}], "Share of total companies with given credit rating in each cluter": [{"1.0": 0.5, "2.0": 0.3333333333333333, "3.0": 0.2, "4.0": 0.08333333333333333, "9.0": 0.007874015748031496}, {"1.0": 0.5, "2.0": 0.6666666666666666, "3.0": 0.8, "4.0": 0.9166666666666666, "5.0": 1.0, "6.0": 1.0, "7.0": 1.0, "8.0": 1.0, "9.0": 0.9921259842519685, "10.0": 1.0, "11.0": 1.0, "12.0": 1.0, "13.0": 1.0, "14.0": 1.0, "15.0": 1.0, "16.0": 1.0, "17.0": 1.0}], "Cluster ranges": [8.0, 16.0], "Cluster metrics of location and dispersion": [{"Mean": 3.8, "Median": 3.0, "1st Quartile": 2.0, "3rd Quartile": 4.0, "Standard Deviation": 2.785677655436824, "Is Signficant": false}, {"Mean": 9.899736147757256, "Median": 9.0, "1st Quartile": 8.0, "3rd Quartile": 12.0, "Standard Deviation": 2.8894266230630206, "Is Signficant": true}], "Cluster entropies": [2.321928094887362, 3.530375050398537], "Maximum entropy": 3.530375050398537, "Weighted average entropy": 3.5224560008866685, "Incoherencies explanations": {"CLUSTER 0": {"RATING 1.0": [{"Financial Statement Lines": {"Comparison": "Cluster elements in highest 75%", "Credit Rating Statistics": {"Mean": 154946.0, "Median": 154946.0, "1st Quartile": 115956.25, "3rd Quartile": 193935.75, "Standard Deviation": 77979.5}, "Cluster Statistics": {"Mean": 232925.5, "Median": 232925.5, "1st Quartile": 232925.5, "3rd Quartile": 232925.5, "Standard Deviation": 0.0}}}, {"Performance": {"Comparison": "Cluster elements in lowest 25%", "Credit Rating Statistics": {"Mean": 184.05, "Median": 184.05, "1st Quartile": 139.075, "3rd Quartile": 229.025, "Standard Deviation": 89.95}, "Cluster Statistics": {"Mean": 94.1, "Median": 94.1, "1st Quartile": 94.1, "3rd Quartile": 94.1, "Standard Deviation": 0.0}}}, {"Industry Risk": {"Comparison": "Cluster elements in highest 75%", "Credit Rating Statistics": {"Mean": 4.0, "Median": 4.0, "1st Quartile": 3.5, "3rd Quartile": 4.5, "Standard Deviation": 1.0}, "Cluster Statistics": {"Mean": 5.0, "Median": 5.0, "1st Quartile": 5.0, "3rd Quartile": 5.0, "Standard Deviation": 0.0}}}, {"Country Diversification": {"Comparison": "Cluster elements in lowest 25%", "Credit Rating Statistics": {"Mean": 1.310655826242754, "Median": 1.310655826242754, "1st Quartile": 1.1552918451442078, "3rd Quartile": 1.4660198073413002, "Standard Deviation": 0.31072796219709253}, "Cluster Statistics": {"Mean": 0.9999278640456615, "Median": 0.9999278640456615, "1st Quartile": 0.9999278640456615, "3rd Quartile": 0.9999278640456615, "Standard Deviation": 0.0}}}, {"Industry Diversification": {"Comparison": "Cluster elements in highest 75%", "Credit Rating Statistics": {"Mean": 1.2470488165506004, "Median": 1.2470488165506004, "1st Quartile": 1.0936067843412143, "3rd Quartile": 1.4004908487599865, "Standard Deviation": 0.3068840644187722}, "Cluster Statistics": {"Mean": 1.5539328809693727, "Median": 1.5539328809693727, "1st Quartile": 1.5539328809693727, "3rd Quartile": 1.5539328809693727, "Standard Deviation": 0.0}}}], "RATING 2.0": [{"Profitability": {"Comparison": "Cluster elements in highest 75%", "Credit Rating Statistics": {"Mean": 13.120000000000003, "Median": 8.27, "1st Quartile": 5.63, "3rd Quartile": 18.185000000000002, "Standard Deviation": 10.809560583113452}, "Cluster Statistics": {"Mean": 28.1, "Median": 28.1, "1st Quartile": 28.1, "3rd Quartile": 28.1, "Standard Deviation": 0.0}}}, {"Financial Statement Lines": {"Comparison": "Cluster elements in highest 75%", "Credit Rating Statistics": {"Mean": 104875.03333333334, "Median": 14675.95, "1st Quartile": 9619.3, "3rd Quartile": 155031.225, "Standard Deviation": 134775.20520688227}, "Cluster Statistics": {"Mean": 295386.5, "Median": 295386.5, "1st Quartile": 295386.5, "3rd Quartile": 295386.5, "Standard Deviation": 0.0}}}, {"Industry Risk": {"Comparison": "Cluster elements in highest 75%", "Credit Rating Statistics": {"Mean": 1.6666666666666667, "Median": 1.0, "1st Quartile": 0.5, "3rd Quartile": 2.5, "Standard Deviation": 1.699673171197595}, "Cluster Statistics": {"Mean": 4.0, "Median": 4.0, "1st Quartile": 4.0, "3rd Quartile": 4.0, "Standard Deviation": 0.0}}}, {"Country Risk": {"Comparison": "Cluster elements in highest 75%", "Credit Rating Statistics": {"Mean": 0.06184691336871787, "Median": 0.07534856437797142, "1st Quartile": 0.0421380544997266, "3rd Quartile": 0.08830659774233593, "Standard Deviation": 0.03888663283723124}, "Cluster Statistics": {"Mean": 0.10126463110670045, "Median": 0.10126463110670045, "1st Quartile": 0.10126463110670045, "3rd Quartile": 0.10126463110670045, "Standard Deviation": 0.0}}}, {"Industry Diversification": {"Comparison": "Cluster elements in lowest 25%", "Credit Rating Statistics": {"Mean": 1.2578835468240799, "Median": 1.5143710827515433, "1st Quartile": 1.0318363921957987, "3rd Quartile": 1.6121744694160927, "Standard Deviation": 0.5073668468582696}, "Cluster Statistics": {"Mean": 0.5493017016400543, "Median": 0.5493017016400543, "1st Quartile": 0.5493017016400543, "3rd Quartile": 0.5493017016400543, "Standard Deviation": 0.0}}}], "RATING 3.0": [{"Leverage": {"Comparison": "Cluster elements in highest 75%", "Credit Rating Statistics": {"Mean": 11.8689, "Median": 13.58, "1st Quartile": 12.495, "3rd Quartile": 13.835, "Standard Deviation": 5.41519693455372}, "Cluster Statistics": {"Mean": 17.785, "Median": 17.785, "1st Quartile": 17.785, "3rd Quartile": 17.785, "Standard Deviation": 0.0}}}, {"Financial Statement Lines": {"Comparison": "Cluster elements in highest 75%", "Credit Rating Statistics": {"Mean": 114514.42000000001, "Median": 55639.7, "1st Quartile": 38832.8, "3rd Quartile": 66533.7, "Standard Deviation": 137697.37093840825}, "Cluster Statistics": {"Mean": 388330.0, "Median": 388330.0, "1st Quartile": 388330.0, "3rd Quartile": 388330.0, "Standard Deviation": 0.0}}}, {"Country Risk": {"Comparison": "Cluster elements are located around median", "Credit Rating Statistics": {"Mean": 0.08670893797398309, "Median": 0.10139425768040615, "1st Quartile": 0.10071640438893961, "3rd Quartile": 0.10799046924543229, "Standard Deviation": 0.044119482266502356}, "Cluster Statistics": {"Mean": 0.10139425768040615, "Median": 0.10139425768040615, "1st Quartile": 0.10139425768040615, "3rd Quartile": 0.10139425768040615, "Standard Deviation": 0.0}}}, {"Country Diversification": {"Comparison": "Cluster elements in lowest 25%", "Credit Rating Statistics": {"Mean": 1.6040697847269523, "Median": 1.8250271371387594,