{"Algorithm Parameters": {"Threshold Value": 9.6, "Braching Factor": 32, "K": 2}, "Algorithm Performance": {"Silhouette Score": 0.9221880557588398}, "Clusters Content Analysis": {"Predictive Power": {"Global": {"Metrics": {"Class: Upgrade": {"Accuracy": 0.625, "Precision": 0.7272727272727273, "Recall": 1.0, "F1-Score": 0.8421052631578948}, "Class: Downgrade": {"Accuracy": 1.0, "Precision": 0.7272727272727273, "Recall": 0.5, "F1-Score": 0.5925925925925926}}, "Confusion Matrix": {"predicted_down_AND_was_down": 3, "predicted_up_AND_was_up": 5, "predicted_no_change_AND_was_no_change": 0, "predicted_down_BUT_was_up": 0, "predicted_down_BUT_was_no_change": 380, "predicted_no_change_BUT_was_up": 0, "predicted_no_change_BUT_was_down": 0, "predicted_up_BUT_was_down": 3, "predicted_up_BUT_was_no_change": 372}}, "Restricted to jumps to or from below B-": {"Metrics": {"Class: Upgrade": "No element of this class", "Class: Downgrade": "No element of this class"}, "Confusion Matrix": {"predicted_down_AND_was_down": 0, "predicted_up_AND_was_up": 0, "predicted_no_change_AND_was_no_change": 0, "predicted_down_BUT_was_up": 0, "predicted_down_BUT_was_no_change": 383, "predicted_no_change_BUT_was_up": 0, "predicted_no_change_BUT_was_down": 0, "predicted_up_BUT_was_down": 0, "predicted_up_BUT_was_no_change": 380}}}, "Share of total companies in each clusters": [0.00655307994757536, 0.9934469200524246, {"SUM": 1.0}], "Clusters with significant ranges (count)": 2, "Significant Clusters (count)": 1, "Cluster Credit Ratings Shares": [{"1.0": 0.2, "2.0": 0.2, "3.0": 0.2, "4.0": 0.2, "9.0": 0.2}, {"1.0": 0.0013192612137203166, "2.0": 0.002638522427440633, "3.0": 0.005277044854881266, "4.0": 0.014511873350923483, "5.0": 0.026385224274406333, "6.0": 0.05013192612137203, "7.0": 0.09762532981530343, "8.0": 0.13720316622691292, "9.0": 0.1662269129287599, "10.0": 0.11477572559366754, "11.0": 0.08311345646437995, "12.0": 0.09630606860158311, "13.0": 0.0712401055408971, "14.0": 0.07387862796833773, "15.0": 0.029023746701846966, "16.0": 0.01978891820580475, "17.0": 0.010554089709762533}], "Share of total companies with given credit rating in each cluter": [{"1.0": 0.5, "2.0": 0.3333333333333333, "3.0": 0.2, "4.0": 0.08333333333333333, "9.0": 0.007874015748031496}, {"1.0": 0.5, "2.0": 0.6666666666666666, "3.0": 0.8, "4.0": 0.9166666666666666, "5.0": 1.0, "6.0": 1.0, "7.0": 1.0, "8.0": 1.0, "9.0": 0.9921259842519685, "10.0": 1.0, "11.0": 1.0, "12.0": 1.0, "13.0": 1.0, "14.0": 1.0, "15.0": 1.0, "16.0": 1.0, "17.0": 1.0}], "Cluster ranges": [8.0, 16.0], "Cluster metrics of location and dispersion": [{"Mean": 3.8, "Median": 3.0, "1st Quartile": 2.0, "3rd Quartile": 4.0, "Standard Deviation": 2.785677655436824, "Is Signficant": false}, {"Mean": 9.899736147757256, "Median": 9.0, "1st Quartile": 8.0, "3rd Quartile": 12.0, "Standard Deviation": 2.8894266230630206, "Is Signficant": true}], "Cluster entropies": [2.321928094887362, 3.530375050398537], "Maximum entropy": 3.530375050398537, "Weighted average entropy": 3.5224560008866685, "Incoherencies explanations": {"CLUSTER 0": {}, "CLUSTER 1": {}}}}