{"Algorithm Parameters": {"Threshold Value": 9.6, "Braching Factor": 12, "K": 27}, "Algorithm Performance": {"Calinski Harabasz Index": 27444.596518544746}, "Clusters Content Analysis": {"Predictive Power": {"Global": {"Metrics": {"Class: Upgrade": {"Accuracy": 0.42857142857142855, "Precision": 0.45454545454545453, "Recall": 0.6, "F1-Score": 0.5172413793103449}, "Class: Downgrade": {"Accuracy": 0.5, "Precision": 0.45454545454545453, "Recall": 0.3333333333333333, "F1-Score": 0.3846153846153846}}, "Confusion Matrix": {"predicted_down_AND_was_down": 2, "predicted_up_AND_was_up": 3, "predicted_no_change_AND_was_no_change": 17, "predicted_down_BUT_was_up": 2, "predicted_down_BUT_was_no_change": 396, "predicted_no_change_BUT_was_up": 0, "predicted_no_change_BUT_was_down": 0, "predicted_up_BUT_was_down": 4, "predicted_up_BUT_was_no_change": 339}}, "Restricted to jumps to or from below B-": {"Metrics": {"Class: Upgrade": "No element of this class", "Class: Downgrade": "No element of this class"}, "Confusion Matrix": {"predicted_down_AND_was_down": 0, "predicted_up_AND_was_up": 0, "predicted_no_change_AND_was_no_change": 17, "predicted_down_BUT_was_up": 0, "predicted_down_BUT_was_no_change": 400, "predicted_no_change_BUT_was_up": 0, "predicted_no_change_BUT_was_down": 0, "predicted_up_BUT_was_down": 0, "predicted_up_BUT_was_no_change": 346}}}, "Share of total companies in each clusters": [0.002621231979030144, 0.011795543905635648, 0.001310615989515072, 0.11402359108781127, 0.057667103538663174, 0.001310615989515072, 0.005242463958060288, 0.010484927916120577, 0.03014416775884666, 0.04456094364351245, 0.09567496723460026, 0.02621231979030144, 0.014416775884665793, 0.005242463958060288, 0.003931847968545216, 0.09698558322411534, 0.027522935779816515, 0.06684141546526867, 0.045871559633027525, 0.002621231979030144, 0.007863695937090432, 0.1363040629095675, 0.17562254259501967, 0.005242463958060288, 0.005242463958060288, 0.003931847968545216, 0.001310615989515072, {"SUM": 1.0}], "Clusters with significant ranges (count)": 18, "Significant Clusters (count)": 4, "Cluster Credit Ratings Shares": [{"1.0": 0.5, "4.0": 0.5}, {"1.0": 0.1111111111111111, "4.0": 0.3333333333333333, "7.0": 0.1111111111111111, "9.0": 0.4444444444444444}, {"2.0": 1.0}, {"2.0": 0.011494252873563218, "6.0": 0.022988505747126436, "7.0": 0.08045977011494253, "8.0": 0.11494252873563218, "9.0": 0.1839080459770115, "10.0": 0.1839080459770115, "11.0": 0.13793103448275862, "12.0": 0.08045977011494253, "13.0": 0.09195402298850575, "14.0": 0.05747126436781609, "16.0": 0.011494252873563218, "17.0": 0.022988505747126436}, {"2.0": 0.022727272727272728, "6.0": 0.045454545454545456, "7.0": 0.11363636363636363, "8.0": 0.20454545454545456, "9.0": 0.3181818181818182, "10.0": 0.06818181818181818, "11.0": 0.11363636363636363, "12.0": 0.045454545454545456, "13.0": 0.045454545454545456, "14.0": 0.022727272727272728}, {"3.0": 1.0}, {"3.0": 0.25, "8.0": 0.5, "11.0": 0.25}, {"3.0": 0.125, "5.0": 0.125, "6.0": 0.25, "7.0": 0.125, "8.0": 0.25, "9.0": 0.125}, {"3.0": 0.043478260869565216, "4.0": 0.043478260869565216, "5.0": 0.043478260869565216, "6.0": 0.17391304347826086, "7.0": 0.13043478260869565, "8.0": 0.30434782608695654, "9.0": 0.08695652173913043, "10.0": 0.13043478260869565, "11.0": 0.043478260869565216}, {"3.0": 0.029411764705882353, "4.0": 0.029411764705882353, "5.0": 0.11764705882352941, "6.0": 0.20588235294117646, "7.0": 0.17647058823529413, "8.0": 0.20588235294117646, "9.0": 0.14705882352941177, "10.0": 0.058823529411764705, "11.0": 0.029411764705882353}, {"4.0": 0.0136986301369863, "5.0": 0.0273972602739726, "6.0": 0.0136986301369863, "7.0": 0.0821917808219178, "8.0": 0.1917808219178082, "9.0": 0.2328767123287671, "10.0": 0.2465753424657534, "11.0": 0.0684931506849315, "12.0": 0.0684931506849315, "13.0": 0.0410958904109589, "15.0": 0.0136986301369863}, {"4.0": 0.05, "5.0": 0.05, "6.0": 0.25, "7.0": 0.2, "8.0": 0.1, "9.0": 0.15, "10.0": 0.05, "11.0": 0.05, "12.0": 0.1}, {"4.0": 0.09090909090909091, "5.0": 0.18181818181818182, "6.0": 0.18181818181818182, "7.0": 0.2727272727272727, "8.0": 0.09090909090909091, "10.0": 0.09090909090909091, "11.0": 0.09090909090909091}, {"4.0": 0.25, "6.0": 0.25, "8.0": 0.25, "9.0": 0.25}, {"4.0": 0.3333333333333333, "7.0": 0.3333333333333333, "8.0": 0.3333333333333333}, {"4.0": 0.013513513513513514, "6.0": 0.05405405405405406, "7.0": 0.08108108108108109, "8.0": 0.17567567567567569, "9.0": 0.24324324324324326, "10.0": 0.10810810810810811, "11.0": 0.10810810810810811, "12.0": 0.08108108108108109, "13.0": 0.0945945945945946, "14.0": 0.013513513513513514, "16.0": 0.013513513513513514, "17.0": 0.013513513513513514}, {"5.0": 0.14285714285714285, "7.0": 0.09523809523809523, "8.0": 0.2857142857142857, "9.0": 0.14285714285714285, "10.0": 0.19047619047619047, "11.0": 0.14285714285714285}, {"5.0": 0.058823529411764705, "6.0": 0.058823529411764705, "7.0": 0.21568627450980393, "8.0": 0.23529411764705882, "9.0": 0.17647058823529413, "10.0": 0.13725490196078433, "11.0": 0.0784313725490196, "12.0": 0.0196078431372549, "13.0": 0.0196078431372549}, {"5.0": 0.08571428571428572, "6.0": 0.02857142857142857, "7.0": 0.2, "8.0": 0.2, "9.0": 0.2571428571428571, "10.0": 0.11428571428571428, "11.0": 0.02857142857142857, "12.0": 0.02857142857142857, "14.0": 0.05714285714285714}, {"6.0": 0.5, "7.0": 0.5}, {"6.0": 0.3333333333333333, "7.0": 0.16666666666666666, "8.0": 0.3333333333333333, "9.0": 0.16666666666666666}, {"6.0": 0.009615384615384616, "7.0": 0.038461538461538464, "8.0": 0.038461538461538464, "9.0": 0.18269230769230768, "10.0": 0.10576923076923077, "11.0": 0.10576923076923077, "12.0": 0.19230769230769232, "13.0": 0.10576923076923077, "14.0": 0.15384615384615385, "15.0": 0.038461538461538464, "16.0": 0.009615384615384616, "17.0": 0.019230769230769232}, {"7.0": 0.014925373134328358, "9.0": 0.014925373134328358, "10.0": 0.05970149253731343, "11.0": 0.06716417910447761, "12.0": 0.208955223880597, "13.0": 0.16417910447761194, "14.0": 0.23134328358208955, "15.0": 0.12686567164179105, "16.0": 0.08955223880597014, "17.0": 0.022388059701492536}, {"7.0": 0.25, "8.0": 0.5, "12.0": 0.25}, {"7.0": 0.25, "8.0": 0.5, "10.0": 0.25}, {"7.0": 0.3333333333333333, "9.0": 0.6666666666666666}, {"9.0": 1.0}], "Share of total companies with given credit rating in each cluter": [{"1.0": 0.5, "4.0": 0.08333333333333333}, {"1.0": 0.5, "4.0": 0.25, "7.0": 0.013513513513513514, "9.0": 0.031496062992125984}, {"2.0": 0.3333333333333333}, {"2.0": 0.3333333333333333, "6.0": 0.05263157894736842, "7.0": 0.0945945945945946, "8.0": 0.09615384615384616, "9.0": 0.12598425196850394, "10.0": 0.1839080459770115, "11.0": 0.19047619047619047, "12.0": 0.0958904109589041, "13.0": 0.14814814814814814, "14.0": 0.08928571428571429, "16.0": 0.06666666666666667, "17.0": 0.25}, {"2.0": 0.3333333333333333, "6.0": 0.05263157894736842, "7.0": 0.06756756756756757, "8.0": 0.08653846153846154, "9.0": 0.11023622047244094, "10.0": 0.034482758620689655, "11.0": 0.07936507936507936, "12.0": 0.0273972602739726, "13.0": 0.037037037037037035, "14.0": 0.017857142857142856}, {"3.0": 0.2}, {"3.0": 0.2, "8.0": 0.019230769230769232, "11.0": 0.015873015873015872}, {"3.0": 0.2, "5.0": 0.05, "6.0": 0.05263157894736842, "7.0": 0.013513513513513514, "8.0": 0.019230769230769232, "9.0": 0.007874015748031496}, {"3.0": 0.2, "4.0": 0.08333333333333333, "5.0": 0.05, "6.0": 0.10526315789473684, "7.0": 0.04054054054054054, "8.0": 0.0673076923076923, "9.0": 0.015748031496062992, "10.0": 0.034482758620689655, "11.0": 0.015873015873015872}, {"3.0": 0.2, "4.0": 0.08333333333333333, "5.0": 0.2, "6.0": 0.18421052631578946, "7.0": 0.08108108108108109, "8.0": 0.0673076923076923, "9.0": 0.03937007874015748, "10.0": 0.022988505747126436, "11.0": 0.015873015873015872}, {"4.0": 0.08333333333333333, "5.0": 0.1, "6.0": 0.02631578947368421, "7.0": 0.08108108108108109, "8.0": 0.1346153846153846, "9.0": 0.13385826771653545, "10.0": 0.20689655172413793, "11.0": 0.07936507936507936,