{"Algorithm Parameters": {"K": 7}, "Algorithm Performance": {"WCSS": 23562632112.887596, "Silhouette Score": 0.6395386039931508, "Calinski Harabasz Index": 3679.984985109786}, "Clusters Content Analysis": {"Predictive Power": {"Global": {"Metrics": {"Class: Upgrade": {"Accuracy": 0.4444444444444444, "Precision": 0.45454545454545453, "Recall": 0.8, "F1-Score": 0.5797101449275363}, "Class: Downgrade": {"Accuracy": 0.5, "Precision": 0.45454545454545453, "Recall": 0.16666666666666666, "F1-Score": 0.2439024390243902}}, "Confusion Matrix": {"predicted_down_AND_was_down": 1, "predicted_up_AND_was_up": 4, "predicted_no_change_AND_was_no_change": 2, "predicted_down_BUT_was_up": 1, "predicted_down_BUT_was_no_change": 364, "predicted_no_change_BUT_was_up": 0, "predicted_no_change_BUT_was_down": 0, "predicted_up_BUT_was_down": 5, "predicted_up_BUT_was_no_change": 386}}, "Restricted to jumps to or from below B-": {"Metrics": {"Class: Upgrade": "No element of this class", "Class: Downgrade": "No element of this class"}, "Confusion Matrix": {"predicted_down_AND_was_down": 0, "predicted_up_AND_was_up": 0, "predicted_no_change_AND_was_no_change": 2, "predicted_down_BUT_was_up": 0, "predicted_down_BUT_was_no_change": 366, "predicted_no_change_BUT_was_up": 0, "predicted_no_change_BUT_was_down": 0, "predicted_up_BUT_was_down": 0, "predicted_up_BUT_was_no_change": 395}}}, "Share of total companies in each clusters": [0.003931847968545216, 0.05504587155963303, 0.001310615989515072, 0.7221494102228048, 0.001310615989515072, 0.19528178243774574, 0.020969855832241154, {"SUM": 1.0}], "Clusters with significant ranges (count)": 5, "Significant Clusters (count)": 1, "Cluster Credit Ratings Shares": [{"1.0": 0.3333333333333333, "4.0": 0.3333333333333333, "9.0": 0.3333333333333333}, {"1.0": 0.023809523809523808, "3.0": 0.047619047619047616, "4.0": 0.11904761904761904, "5.0": 0.07142857142857142, "6.0": 0.16666666666666666, "7.0": 0.14285714285714285, "8.0": 0.19047619047619047, "9.0": 0.16666666666666666, "10.0": 0.023809523809523808, "11.0": 0.047619047619047616}, {"2.0": 1.0}, {"2.0": 0.003629764065335753, "4.0": 0.003629764065335753, "5.0": 0.009074410163339383, "6.0": 0.019963702359346643, "7.0": 0.06715063520871144, "8.0": 0.10344827586206896, "9.0": 0.1724137931034483, "10.0": 0.12341197822141561, "11.0": 0.0925589836660617, "12.0": 0.12522686025408347, "13.0": 0.09618874773139746, "14.0": 0.10163339382940109, "15.0": 0.039927404718693285, "16.0": 0.02722323049001815, "17.0": 0.014519056261343012}, {"3.0": 1.0}, {"3.0": 0.013422818791946308, "4.0": 0.020134228187919462, "5.0": 0.08053691275167785, "6.0": 0.12751677852348994, "7.0": 0.174496644295302, "8.0": 0.22818791946308725, "9.0": 0.1476510067114094, "10.0": 0.11409395973154363, "11.0": 0.06711409395973154, "12.0": 0.020134228187919462, "13.0": 0.006711409395973154}, {"4.0": 0.0625, "6.0": 0.0625, "7.0": 0.3125, "8.0": 0.3125, "9.0": 0.125, "10.0": 0.0625, "12.0": 0.0625}], "Share of total companies with given credit rating in each cluter": [{"1.0": 0.5, "4.0": 0.08333333333333333, "9.0": 0.007874015748031496}, {"1.0": 0.5, "3.0": 0.4, "4.0": 0.4166666666666667, "5.0": 0.15, "6.0": 0.18421052631578946, "7.0": 0.08108108108108109, "8.0": 0.07692307692307693, "9.0": 0.05511811023622047, "10.0": 0.011494252873563218, "11.0": 0.031746031746031744}, {"2.0": 0.3333333333333333}, {"2.0": 0.6666666666666666, "4.0": 0.16666666666666666, "5.0": 0.25, "6.0": 0.2894736842105263, "7.0": 0.5, "8.0": 0.5480769230769231, "9.0": 0.7480314960629921, "10.0": 0.7816091954022989, "11.0": 0.8095238095238095, "12.0": 0.9452054794520548, "13.0": 0.9814814814814815, "14.0": 1.0, "15.0": 1.0, "16.0": 1.0, "17.0": 1.0}, {"3.0": 0.2}, {"3.0": 0.4, "4.0": 0.25, "5.0": 0.6, "6.0": 0.5, "7.0": 0.35135135135135137, "8.0": 0.3269230769230769, "9.0": 0.1732283464566929, "10.0": 0.19540229885057472, "11.0": 0.15873015873015872, "12.0": 0.0410958904109589, "13.0": 0.018518518518518517}, {"4.0": 0.08333333333333333, "6.0": 0.02631578947368421, "7.0": 0.06756756756756757, "8.0": 0.04807692307692308, "9.0": 0.015748031496062992, "10.0": 0.011494252873563218, "12.0": 0.0136986301369863}], "Cluster ranges": [8.0, 10.0, 0.0, 15.0, 0.0, 10.0, 8.0], "Cluster metrics of location and dispersion": [{"Mean": 4.666666666666667, "Median": 4.0, "1st Quartile": 2.5, "3rd Quartile": 6.5, "Standard Deviation": 3.2998316455372216, "Is Signficant": false}, {"Mean": 6.785714285714286, "Median": 7.0, "1st Quartile": 5.25, "3rd Quartile": 8.0, "Standard Deviation": 2.220421606101764, "Is Signficant": false}, {"Mean": 2.0, "Median": 2.0, "1st Quartile": 2.0, "3rd Quartile": 2.0, "Standard Deviation": 0.0, "Is Signficant": false}, {"Mean": 10.745916515426497, "Median": 10.0, "1st Quartile": 9.0, "3rd Quartile": 13.0, "Standard Deviation": 2.7052507631936655, "Is Signficant": true}, {"Mean": 3.0, "Median": 3.0, "1st Quartile": 3.0, "3rd Quartile": 3.0, "Standard Deviation": 0.0, "Is Signficant": false}, {"Mean": 7.87248322147651, "Median": 8.0, "1st Quartile": 7.0, "3rd Quartile": 9.0, "Standard Deviation": 1.9361921759825214, "Is Signficant": false}, {"Mean": 7.8125, "Median": 8.0, "1st Quartile": 7.0, "3rd Quartile": 8.25, "Standard Deviation": 1.7036266463048764, "Is Signficant": false}], "Cluster entropies": [1.584962500721156, 3.03095380635653, 0, 3.4121588827253584, 0, 2.9826667627256596, 2.4237949406953985], "Maximum entropy": 3.4121588827253584, "Weighted average entropy": 3.2704489625793705, "Incoherencies explanations": {"CLUSTER 0": {}, "CLUSTER 1": {}, "CLUSTER 2": {}, "CLUSTER 3": {}, "CLUSTER 4": {}}}}