{"Algorithm Parameters": {"K": 7}, "Algorithm Performance": {"WCSS": 23562632112.887596, "Silhouette Score": 0.6395386039931508, "Calinski Harabasz Index": 3679.984985109786}, "Clusters Content Analysis": {"Predictive Power": {"Global": {"Metrics": {"Class: Upgrade": {"Accuracy": 0.375, "Precision": 0.36363636363636365, "Recall": 0.6, "F1-Score": 0.4528301886792453}, "Class: Downgrade": {"Accuracy": 0.3333333333333333, "Precision": 0.36363636363636365, "Recall": 0.16666666666666666, "F1-Score": 0.2285714285714286}}, "Confusion Matrix": {"predicted_down_AND_was_down": 1, "predicted_up_AND_was_up": 3, "predicted_no_change_AND_was_no_change": 0, "predicted_down_BUT_was_up": 2, "predicted_down_BUT_was_no_change": 336, "predicted_no_change_BUT_was_up": 0, "predicted_no_change_BUT_was_down": 0, "predicted_up_BUT_was_down": 5, "predicted_up_BUT_was_no_change": 416}}, "Restricted to jumps to or from below B-": {"Metrics": {"Class: Upgrade": "No element of this class", "Class: Downgrade": "No element of this class"}, "Confusion Matrix": {"predicted_down_AND_was_down": 0, "predicted_up_AND_was_up": 0, "predicted_no_change_AND_was_no_change": 0, "predicted_down_BUT_was_up": 0, "predicted_down_BUT_was_no_change": 339, "predicted_no_change_BUT_was_up": 0, "predicted_no_change_BUT_was_down": 0, "predicted_up_BUT_was_down": 0, "predicted_up_BUT_was_no_change": 424}}}, "Share of total companies in each clusters": [0.00655307994757536, 0.0327653997378768, 0.4849279161205767, 0.2608125819134993, 0.061598951507208385, 0.1349934469200524, 0.01834862385321101, {"SUM": 1.0}], "Clusters with significant ranges (count)": 7, "Significant Clusters (count)": 1, "Cluster Credit Ratings Shares": [{"1.0": 0.2, "2.0": 0.2, "3.0": 0.2, "4.0": 0.2, "9.0": 0.2}, {"1.0": 0.04, "3.0": 0.04, "4.0": 0.16, "6.0": 0.12, "7.0": 0.08, "8.0": 0.24, "9.0": 0.24, "11.0": 0.04, "12.0": 0.04}, {"2.0": 0.002702702702702703, "4.0": 0.002702702702702703, "6.0": 0.013513513513513514, "7.0": 0.043243243243243246, "8.0": 0.04594594594594595, "9.0": 0.12702702702702703, "10.0": 0.11081081081081082, "11.0": 0.1, "12.0": 0.16216216216216217, "13.0": 0.12972972972972974, "14.0": 0.14324324324324325, "15.0": 0.05675675675675676, "16.0": 0.04054054054054054, "17.0": 0.021621621621621623}, {"2.0": 0.005025125628140704, "4.0": 0.005025125628140704, "5.0": 0.03015075376884422, "6.0": 0.03015075376884422, "7.0": 0.135678391959799, "8.0": 0.22110552763819097, "9.0": 0.2562814070351759, "10.0": 0.1457286432160804, "11.0": 0.07537688442211055, "12.0": 0.04522613065326633, "13.0": 0.03015075376884422, "14.0": 0.01507537688442211, "15.0": 0.005025125628140704}, {"3.0": 0.0425531914893617, "4.0": 0.0425531914893617, "5.0": 0.10638297872340426, "6.0": 0.1702127659574468, "7.0": 0.1702127659574468, "8.0": 0.2127659574468085, "9.0": 0.06382978723404255, "10.0": 0.10638297872340426, "11.0": 0.0851063829787234}, {"3.0": 0.009708737864077669, "4.0": 0.019417475728155338, "5.0": 0.08737864077669903, "6.0": 0.14563106796116504, "7.0": 0.1553398058252427, "8.0": 0.22330097087378642, "9.0": 0.1650485436893204, "10.0": 0.10679611650485436, "11.0": 0.05825242718446602, "12.0": 0.02912621359223301}, {"4.0": 0.07142857142857142, "6.0": 0.07142857142857142, "7.0": 0.35714285714285715, "8.0": 0.2857142857142857, "9.0": 0.14285714285714285, "10.0": 0.07142857142857142}], "Share of total companies with given credit rating in each cluter": [{"1.0": 0.5, "2.0": 0.3333333333333333, "3.0": 0.2, "4.0": 0.08333333333333333, "9.0": 0.007874015748031496}, {"1.0": 0.5, "3.0": 0.2, "4.0": 0.3333333333333333, "6.0": 0.07894736842105263, "7.0": 0.02702702702702703, "8.0": 0.057692307692307696, "9.0": 0.047244094488188976, "11.0": 0.015873015873015872, "12.0": 0.0136986301369863}, {"2.0": 0.3333333333333333, "4.0": 0.08333333333333333, "6.0": 0.13157894736842105, "7.0": 0.21621621621621623, "8.0": 0.16346153846153846, "9.0": 0.3700787401574803, "10.0": 0.47126436781609193, "11.0": 0.5873015873015873, "12.0": 0.821917808219178, "13.0": 0.8888888888888888, "14.0": 0.9464285714285714, "15.0": 0.9545454545454546, "16.0": 1.0, "17.0": 1.0}, {"2.0": 0.3333333333333333, "4.0": 0.08333333333333333, "5.0": 0.3, "6.0": 0.15789473684210525, "7.0": 0.36486486486486486, "8.0": 0.4230769230769231, "9.0": 0.4015748031496063, "10.0": 0.3333333333333333, "11.0": 0.23809523809523808, "12.0": 0.1232876712328767, "13.0": 0.1111111111111111, "14.0": 0.05357142857142857, "15.0": 0.045454545454545456}, {"3.0": 0.4, "4.0": 0.16666666666666666, "5.0": 0.25, "6.0": 0.21052631578947367, "7.0": 0.10810810810810811, "8.0": 0.09615384615384616, "9.0": 0.023622047244094488, "10.0": 0.05747126436781609, "11.0": 0.06349206349206349}, {"3.0": 0.2, "4.0": 0.16666666666666666, "5.0": 0.45, "6.0": 0.39473684210526316, "7.0": 0.21621621621621623, "8.0": 0.22115384615384615, "9.0": 0.13385826771653545, "10.0": 0.12643678160919541, "11.0": 0.09523809523809523, "12.0": 0.0410958904109589}, {"4.0": 0.08333333333333333, "6.0": 0.02631578947368421, "7.0": 0.06756756756756757, "8.0": 0.038461538461538464, "9.0": 0.015748031496062992, "10.0": 0.011494252873563218}], "Cluster ranges": [8.0, 11.0, 15.0, 13.0, 8.0, 9.0, 6.0], "Cluster metrics of location and dispersion": [{"Mean": 3.8, "Median": 3.0, "1st Quartile": 2.0, "3rd Quartile": 4.0, "Standard Deviation": 2.785677655436824, "Is Signficant": false}, {"Mean": 7.08, "Median": 8.0, "1st Quartile": 6.0, "3rd Quartile": 9.0, "Standard Deviation": 2.54432702300628, "Is Signficant": false}, {"Mean": 11.624324324324323, "Median": 12.0, "1st Quartile": 10.0, "3rd Quartile": 14.0, "Standard Deviation": 2.5872771250565254, "Is Signficant": true}, {"Mean": 8.894472361809045, "Median": 9.0, "1st Quartile": 8.0, "3rd Quartile": 10.0, "Standard Deviation": 1.9423654433622395, "Is Signficant": false}, {"Mean": 7.319148936170213, "Median": 7.0, "1st Quartile": 6.0, "3rd Quartile": 8.5, "Standard Deviation": 2.084454956860359, "Is Signficant": false}, {"Mean": 7.834951456310679, "Median": 8.0, "1st Quartile": 6.0, "3rd Quartile": 9.0, "Standard Deviation": 1.9060307324341113, "Is Signficant": false}, {"Mean": 7.5, "Median": 7.5, "1st Quartile": 7.0, "3rd Quartile": 8.0, "Standard Deviation": 1.4015297764534702, "Is Signficant": false}], "Cluster entropies": [2.321928094887362, 2.8128786893420306, 3.3435840653876308, 2.9271322007448877, 2.9760048218923028, 2.948831716026167, 2.263809173883546], "Maximum entropy": 3.3435840653876308, "Weighted average entropy": 3.1151405526391174, "Incoherencies explanations": {"CLUSTER 0": {}, "CLUSTER 1": {}, "CLUSTER 2": {}, "CLUSTER 3": {}, "CLUSTER 4": {}, "CLUSTER 5": {}, "CLUSTER 6": {}}}}