{"Algorithm Parameters": {"C": 6}, "Algorithm Performance": {"WCSS": 37949439733.14653, "Silhouette Score": 0.6347593982628091, "Calinski Harabasz Index": 2649.1186188778747}, "Clusters Content Analysis": {"Predictive Power": {"Global": {"Metrics": {"Class: Upgrade": {"Accuracy": 0.42857142857142855, "Precision": 0.45454545454545453, "Recall": 0.6, "F1-Score": 0.5172413793103449}, "Class: Downgrade": {"Accuracy": 0.5, "Precision": 0.45454545454545453, "Recall": 0.3333333333333333, "F1-Score": 0.3846153846153846}}, "Confusion Matrix": {"predicted_down_AND_was_down": 2, "predicted_up_AND_was_up": 3, "predicted_no_change_AND_was_no_change": 0, "predicted_down_BUT_was_up": 2, "predicted_down_BUT_was_no_change": 393, "predicted_no_change_BUT_was_up": 0, "predicted_no_change_BUT_was_down": 0, "predicted_up_BUT_was_down": 4, "predicted_up_BUT_was_no_change": 359}}, "Restricted to jumps to or from below B-": {"Metrics": {"Class: Upgrade": "No element of this class", "Class: Downgrade": "No element of this class"}, "Confusion Matrix": {"predicted_down_AND_was_down": 0, "predicted_up_AND_was_up": 0, "predicted_no_change_AND_was_no_change": 0, "predicted_down_BUT_was_up": 0, "predicted_down_BUT_was_no_change": 397, "predicted_no_change_BUT_was_up": 0, "predicted_no_change_BUT_was_down": 0, "predicted_up_BUT_was_down": 0, "predicted_up_BUT_was_no_change": 366}}}, "Share of total companies in each clusters": [0.00655307994757536, 0.0327653997378768, 0.5923984272608126, 0.2608125819134993, 0.0891218872870249, 0.01834862385321101, {"SUM": 1.0}], "Clusters with significant ranges (count)": 6, "Significant Clusters (count)": 1, "Cluster Credit Ratings Shares": [{"1.0": 0.2, "2.0": 0.2, "3.0": 0.2, "4.0": 0.2, "9.0": 0.2}, {"1.0": 0.04, "3.0": 0.04, "4.0": 0.16, "6.0": 0.12, "7.0": 0.08, "8.0": 0.24, "9.0": 0.24, "11.0": 0.04, "12.0": 0.04}, {"2.0": 0.0022123893805309734, "4.0": 0.0022123893805309734, "5.0": 0.004424778761061947, "6.0": 0.017699115044247787, "7.0": 0.048672566371681415, "8.0": 0.08628318584070796, "9.0": 0.14823008849557523, "10.0": 0.12389380530973451, "11.0": 0.09513274336283185, "12.0": 0.1415929203539823, "13.0": 0.11283185840707964, "14.0": 0.1172566371681416, "15.0": 0.048672566371681415, "16.0": 0.033185840707964605, "17.0": 0.017699115044247787}, {"2.0": 0.005025125628140704, "3.0": 0.005025125628140704, "4.0": 0.01507537688442211, "5.0": 0.05527638190954774, "6.0": 0.07035175879396985, "7.0": 0.17587939698492464, "8.0": 0.19597989949748743, "9.0": 0.22613065326633167, "10.0": 0.11055276381909548, "11.0": 0.07035175879396985, "12.0": 0.04020100502512563, "13.0": 0.01507537688442211, "14.0": 0.01507537688442211}, {"3.0": 0.029411764705882353, "4.0": 0.029411764705882353, "5.0": 0.10294117647058823, "6.0": 0.17647058823529413, "7.0": 0.14705882352941177, "8.0": 0.23529411764705882, "9.0": 0.08823529411764706, "10.0": 0.11764705882352941, "11.0": 0.07352941176470588}, {"4.0": 0.07142857142857142, "6.0": 0.07142857142857142, "7.0": 0.35714285714285715, "8.0": 0.2857142857142857, "9.0": 0.14285714285714285, "10.0": 0.07142857142857142}], "Share of total companies with given credit rating in each cluter": [{"1.0": 0.5, "2.0": 0.3333333333333333, "3.0": 0.2, "4.0": 0.08333333333333333, "9.0": 0.007874015748031496}, {"1.0": 0.5, "3.0": 0.2, "4.0": 0.3333333333333333, "6.0": 0.07894736842105263, "7.0": 0.02702702702702703, "8.0": 0.057692307692307696, "9.0": 0.047244094488188976, "11.0": 0.015873015873015872, "12.0": 0.0136986301369863}, {"2.0": 0.3333333333333333, "4.0": 0.08333333333333333, "5.0": 0.1, "6.0": 0.21052631578947367, "7.0": 0.2972972972972973, "8.0": 0.375, "9.0": 0.5275590551181102, "10.0": 0.6436781609195402, "11.0": 0.6825396825396826, "12.0": 0.8767123287671232, "13.0": 0.9444444444444444, "14.0": 0.9464285714285714, "15.0": 1.0, "16.0": 1.0, "17.0": 1.0}, {"2.0": 0.3333333333333333, "3.0": 0.2, "4.0": 0.25, "5.0": 0.55, "6.0": 0.3684210526315789, "7.0": 0.47297297297297297, "8.0": 0.375, "9.0": 0.3543307086614173, "10.0": 0.25287356321839083, "11.0": 0.2222222222222222, "12.0": 0.1095890410958904, "13.0": 0.05555555555555555, "14.0": 0.05357142857142857}, {"3.0": 0.4, "4.0": 0.16666666666666666, "5.0": 0.35, "6.0": 0.3157894736842105, "7.0": 0.13513513513513514, "8.0": 0.15384615384615385, "9.0": 0.047244094488188976, "10.0": 0.09195402298850575, "11.0": 0.07936507936507936}, {"4.0": 0.08333333333333333, "6.0": 0.02631578947368421, "7.0": 0.06756756756756757, "8.0": 0.038461538461538464, "9.0": 0.015748031496062992, "10.0": 0.011494252873563218}], "Cluster ranges": [8.0, 11.0, 15.0, 12.0, 8.0, 6.0], "Cluster metrics of location and dispersion": [{"Mean": 3.8, "Median": 3.0, "1st Quartile": 2.0, "3rd Quartile": 4.0, "Standard Deviation": 2.785677655436824, "Is Signficant": false}, {"Mean": 7.08, "Median": 8.0, "1st Quartile": 6.0, "3rd Quartile": 9.0, "Standard Deviation": 2.54432702300628, "Is Signficant": false}, {"Mean": 11.16150442477876, "Median": 11.0, "1st Quartile": 9.0, "3rd Quartile": 13.0, "Standard Deviation": 2.651268763307514, "Is Signficant": true}, {"Mean": 8.386934673366834, "Median": 8.0, "1st Quartile": 7.0, "3rd Quartile": 9.5, "Standard Deviation": 2.0535617179429435, "Is Signficant": false}, {"Mean": 7.470588235294118, "Median": 8.0, "1st Quartile": 6.0, "3rd Quartile": 9.0, "Standard Deviation": 1.9813140933057989, "Is Signficant": false}, {"Mean": 7.5, "Median": 7.5, "1st Quartile": 7.0, "3rd Quartile": 8.0, "Standard Deviation": 1.4015297764534702, "Is Signficant": false}], "Cluster entropies": [2.321928094887362, 2.8128786893420306, 3.39364854411811, 3.0445601722890205, 2.925555034034244, 2.263809173883546], "Maximum entropy": 3.39364854411811, "Weighted average entropy": 3.214101303648213, "Incoherencies explanations": {"CLUSTER 0": {}, "CLUSTER 1": {}, "CLUSTER 2": {}, "CLUSTER 3": {}, "CLUSTER 4": {}, "CLUSTER 5": {}}}}