{"Algorithm Parameters": {"Threshold Value": 8.1, "Braching Factor": 67, "K": 2}, "Algorithm Performance": {"Silhouette Score": 0.790799860447813}, "Clusters Content Analysis": {"Predictive Power": {"Global": {"Metrics": {"Class: Upgrade": {"Accuracy": 0.5, "Precision": 0.5625, "Recall": 0.7142857142857143, "F1-Score": 0.6293706293706294}, "Class: Downgrade": {"Accuracy": 0.6666666666666666, "Precision": 0.5625, "Recall": 0.4444444444444444, "F1-Score": 0.496551724137931}}, "Confusion Matrix": {"predicted_down_AND_was_down": 4, "predicted_up_AND_was_up": 5, "predicted_no_change_AND_was_no_change": 0, "predicted_down_BUT_was_up": 2, "predicted_down_BUT_was_no_change": 415, "predicted_no_change_BUT_was_up": 0, "predicted_no_change_BUT_was_down": 0, "predicted_up_BUT_was_down": 5, "predicted_up_BUT_was_no_change": 332}}, "Restricted to jumps to or from below B-": {"Metrics": {"Class: Upgrade": "No element of this class", "Class: Downgrade": "No element of this class"}, "Confusion Matrix": {"predicted_down_AND_was_down": 0, "predicted_up_AND_was_up": 0, "predicted_no_change_AND_was_no_change": 0, "predicted_down_BUT_was_up": 0, "predicted_down_BUT_was_no_change": 421, "predicted_no_change_BUT_was_up": 0, "predicted_no_change_BUT_was_down": 0, "predicted_up_BUT_was_down": 0, "predicted_up_BUT_was_no_change": 342}}}, "Share of total companies in each clusters": [0.1127129750982962, 0.8872870249017037, {"SUM": 1.0}], "Clusters with significant ranges (count)": 2, "Significant Clusters (count)": 1, "Cluster Credit Ratings Shares": [{"AAA": 0.023255813953488372, "AA+": 0.011627906976744186, "AA": 0.046511627906976744, "AA-": 0.09302325581395349, "A+": 0.046511627906976744, "A": 0.13953488372093023, "A-": 0.16279069767441862, "BBB+": 0.23255813953488372, "BBB": 0.13953488372093023, "BBB-": 0.05813953488372093, "BB+": 0.03488372093023256, "BB": 0.011627906976744186}, {"AA+": 0.0029542097488921715, "AA": 0.0014771048744460858, "AA-": 0.005908419497784343, "A+": 0.023633677991137372, "A": 0.03840472673559823, "A-": 0.08862629246676514, "BBB+": 0.1240768094534712, "BBB": 0.16986706056129985, "BBB-": 0.12112259970457903, "BB+": 0.08862629246676514, "BB": 0.10635155096011817, "BB-": 0.07976366322008863, "B+": 0.0827178729689808, "B": 0.03249630723781388, "B-": 0.022156573116691284, "CCC+": 0.008862629246676515, "CCC": 0.0029542097488921715}], "Share of total companies with given credit rating in each cluter": [{"AAA": 1.0, "AA+": 0.3333333333333333, "AA": 0.8, "AA-": 0.6666666666666666, "A+": 0.2, "A": 0.3157894736842105, "A-": 0.1891891891891892, "BBB+": 0.19230769230769232, "BBB": 0.09448818897637795, "BBB-": 0.05747126436781609, "BB+": 0.047619047619047616, "BB": 0.0136986301369863}, {"AA+": 0.6666666666666666, "AA": 0.2, "AA-": 0.3333333333333333, "A+": 0.8, "A": 0.6842105263157895, "A-": 0.8108108108108109, "BBB+": 0.8076923076923077, "BBB": 0.905511811023622, "BBB-": 0.9425287356321839, "BB+": 0.9523809523809523, "BB": 0.9863013698630136, "BB-": 1.0, "B+": 1.0, "B": 1.0, "B-": 1.0, "CCC+": 1.0, "CCC": 1.0}], "Cluster ranges": [11.0, 16.0], "Cluster metrics of location and dispersion": [{"Mean": 6.988372093023256, "Median": 7.0, "1st Quartile": 6.0, "3rd Quartile": 8.0, "Standard Deviation": 2.2798112225322495, "Is Signficant": false}, {"Mean": 10.227474150664698, "Median": 10.0, "1st Quartile": 8.0, "3rd Quartile": 12.0, "Standard Deviation": 2.807188751501198, "Is Signficant": true}], "Cluster entropies": [3.122251280278124, 3.4872444928515587], "Maximum entropy": 3.4872444928515587, "Weighted average entropy": 3.446105021971722, "Incoherencies explanations": {"CLUSTER 0": {}, "CLUSTER 1": {"RATING BBB+": [{"Leverage": {"Comparison": "Cluster elements in lower half", "Credit Rating Statistics": {"Mean": 18.736513392857145, "Median": 16.850562500000002, "1st Quartile": 14.91215625, "3rd Quartile": 18.841749999999998, "Standard Deviation": 9.55216599084964}, "Cluster Statistics": {"Mean": 16.462975, "Median": 15.692687500000002, "1st Quartile": 13.683124999999999, "3rd Quartile": 17.563000000000002, "Standard Deviation": 4.343705771825194}}}, {"Profitability": {"Comparison": "Cluster elements in lower half", "Credit Rating Statistics": {"Mean": 16.49091153846154, "Median": 17.3016, "1st Quartile": 12.5552, "3rd Quartile": 20.507, "Standard Deviation": 7.254350004122959}, "Cluster Statistics": {"Mean": 13.558030000000002, "Median": 12.291, "1st Quartile": 8.67905, "3rd Quartile": 18.781349999999996, "Standard Deviation": 5.806537664142032}}}, {"Financial Statement Lines": {"Comparison": "Cluster elements in highest 75%", "Credit Rating Statistics": {"Mean": 23048.009134615386, "Median": 13730.925, "1st Quartile": 7986.875, "3rd Quartile": 27625.6125, "Standard Deviation": 25635.492008401652}, "Cluster Statistics": {"Mean": 65496.82000000001, "Median": 57034.575, "1st Quartile": 40386.037500000006, "3rd Quartile": 74406.26250000001, "Standard Deviation": 30994.8126754962}}}, {"Liquidity": {"Comparison": "Cluster elements in upper half", "Credit Rating Statistics": {"Mean": 31.84295625, "Median": 22.4311, "1st Quartile": 17.99835, "3rd Quartile": 32.60635, "Standard Deviation": 49.65317353965088}, "Cluster Statistics": {"Mean": 22.96474, "Median": 21.1738, "1st Quartile": 18.500549999999997, "3rd Quartile": 26.635950000000005, "Standard Deviation": 11.7686619168196}}}, {"Efficiency": {"Comparison": "Cluster elements in highest 75%", "Credit Rating Statistics": {"Mean": 0.8482147435897437, "Median": 0.6491666666666667, "1st Quartile": 0.5367500000000001, "3rd Quartile": 0.8140000000000001, "Standard Deviation": 0.8439796039838559}, "Cluster Statistics": {"Mean": 1.040433333333333, "Median": 0.7193333333333333, "1st Quartile": 0.6096666666666668, "3rd Quartile": 1.14175, "Standard Deviation": 0.7523658691827475}}}]}}}}