{"Algorithm Parameters": {"Threshold Value": 0.8499999999999999, "Braching Factor": 12, "K": 17}, "Algorithm Performance": {"Calinski Harabasz Index": 43.37121897317992}, "Clusters Content Analysis": {"Predictive Power": {"Global": {"Metrics": {"Class: Upgrade": {"Accuracy": 0.7142857142857143, "Precision": 0.8, "Recall": 1.0, "F1-Score": 0.888888888888889}, "Class: Downgrade": {"Accuracy": 1.0, "Precision": 0.8, "Recall": 0.6, "F1-Score": 0.6857142857142857}}, "Confusion Matrix": {"predicted_down_AND_was_down": 3, "predicted_up_AND_was_up": 5, "predicted_no_change_AND_was_no_change": 9, "predicted_down_BUT_was_up": 0, "predicted_down_BUT_was_no_change": 307, "predicted_no_change_BUT_was_up": 0, "predicted_no_change_BUT_was_down": 0, "predicted_up_BUT_was_down": 2, "predicted_up_BUT_was_no_change": 270}}, "Restricted to jumps to or from below B-": {"Metrics": {"Class: Upgrade": "No element of this class", "Class: Downgrade": "No element of this class"}, "Confusion Matrix": {"predicted_down_AND_was_down": 0, "predicted_up_AND_was_up": 0, "predicted_no_change_AND_was_no_change": 9, "predicted_down_BUT_was_up": 0, "predicted_down_BUT_was_no_change": 310, "predicted_no_change_BUT_was_up": 0, "predicted_no_change_BUT_was_down": 0, "predicted_up_BUT_was_down": 0, "predicted_up_BUT_was_no_change": 277}}}, "Share of total companies in each clusters": [0.0050335570469798654, 0.07214765100671142, 0.18456375838926176, 0.09563758389261745, 0.16778523489932887, 0.08389261744966443, 0.010067114093959731, 0.06375838926174497, 0.02181208053691275, 0.0016778523489932886, 0.07550335570469799, 0.18624161073825504, 0.008389261744966443, 0.0016778523489932886, 0.018456375838926176, 0.0016778523489932886, 0.0016778523489932886, {"SUM": 1.0000000000000002}], "Clusters with significant ranges (count)": 12, "Significant Clusters (count)": 6, "Cluster Credit Ratings Shares": [{"1.0": 0.3333333333333333, "3.0": 0.3333333333333333, "4.0": 0.3333333333333333}, {"1.0": 0.023255813953488372, "4.0": 0.046511627906976744, "5.0": 0.11627906976744186, "6.0": 0.11627906976744186, "7.0": 0.023255813953488372, "8.0": 0.09302325581395349, "9.0": 0.27906976744186046, "10.0": 0.06976744186046512, "11.0": 0.09302325581395349, "12.0": 0.046511627906976744, "13.0": 0.046511627906976744, "14.0": 0.046511627906976744}, {"2.0": 0.01818181818181818, "4.0": 0.01818181818181818, "5.0": 0.00909090909090909, "6.0": 0.01818181818181818, "7.0": 0.10909090909090909, "8.0": 0.08181818181818182, "9.0": 0.23636363636363636, "10.0": 0.16363636363636364, "11.0": 0.07272727272727272, "12.0": 0.1, "13.0": 0.07272727272727272, "14.0": 0.09090909090909091, "15.0": 0.00909090909090909}, {"3.0": 0.017543859649122806, "4.0": 0.017543859649122806, "6.0": 0.05263157894736842, "7.0": 0.15789473684210525, "8.0": 0.15789473684210525, "9.0": 0.21052631578947367, "10.0": 0.08771929824561403, "11.0": 0.07017543859649122, "12.0": 0.12280701754385964, "13.0": 0.03508771929824561, "14.0": 0.03508771929824561, "16.0": 0.017543859649122806, "17.0": 0.017543859649122806}, {"3.0": 0.01, "4.0": 0.01, "5.0": 0.01, "6.0": 0.03, "7.0": 0.08, "8.0": 0.13, "9.0": 0.12, "10.0": 0.1, "11.0": 0.14, "12.0": 0.16, "13.0": 0.13, "14.0": 0.05, "15.0": 0.02, "16.0": 0.01}, {"3.0": 0.02, "4.0": 0.02, "5.0": 0.02, "6.0": 0.12, "7.0": 0.08, "8.0": 0.18, "9.0": 0.16, "10.0": 0.14, "11.0": 0.1, "12.0": 0.02, "13.0": 0.06, "14.0": 0.06, "15.0": 0.02}, {"3.0": 0.16666666666666666, "8.0": 0.5, "9.0": 0.16666666666666666, "10.0": 0.16666666666666666}, {"4.0": 0.02631578947368421, "5.0": 0.05263157894736842, "6.0": 0.13157894736842105, "7.0": 0.15789473684210525, "8.0": 0.21052631578947367, "9.0": 0.15789473684210525, "10.0": 0.07894736842105263, "11.0": 0.07894736842105263, "12.0": 0.07894736842105263, "14.0": 0.02631578947368421}, {"4.0": 0.07692307692307693, "5.0": 0.07692307692307693, "6.0": 0.07692307692307693, "8.0": 0.38461538461538464, "9.0": 0.23076923076923078, "10.0": 0.07692307692307693, "12.0": 0.07692307692307693}, {"5.0": 1.0}, {"6.0": 0.022222222222222223, "7.0": 0.13333333333333333, "8.0": 0.28888888888888886, "9.0": 0.15555555555555556, "10.0": 0.022222222222222223, "11.0": 0.08888888888888889, "12.0": 0.13333333333333333, "13.0": 0.1111111111111111, "14.0": 0.022222222222222223, "16.0": 0.022222222222222223}, {"6.0": 0.009009009009009009, "7.0": 0.09009009009009009, "8.0": 0.11711711711711711, "9.0": 0.2072072072072072, "10.0": 0.12612612612612611, "11.0": 0.08108108108108109, "12.0": 0.08108108108108109, "13.0": 0.10810810810810811, "14.0": 0.10810810810810811, "15.0": 0.05405405405405406, "16.0": 0.009009009009009009, "17.0": 0.009009009009009009}, {"6.0": 0.4, "7.0": 0.2, "8.0": 0.2, "16.0": 0.2}, {"7.0": 1.0}, {"8.0": 0.09090909090909091, "10.0": 0.18181818181818182, "11.0": 0.18181818181818182, "12.0": 0.2727272727272727, "13.0": 0.09090909090909091, "14.0": 0.09090909090909091, "16.0": 0.09090909090909091}, {"13.0": 1.0}, {"14.0": 1.0}], "Share of total companies with given credit rating in each cluter": [{"1.0": 0.5, "3.0": 0.2, "4.0": 0.1}, {"1.0": 0.5, "4.0": 0.2, "5.0": 0.4166666666666667, "6.0": 0.1724137931034483, "7.0": 0.017241379310344827, "8.0": 0.045454545454545456, "9.0": 0.10909090909090909, "10.0": 0.046153846153846156, "11.0": 0.07547169811320754, "12.0": 0.03389830508474576, "13.0": 0.0425531914893617, "14.0": 0.05263157894736842}, {"2.0": 1.0, "4.0": 0.2, "5.0": 0.08333333333333333, "6.0": 0.06896551724137931, "7.0": 0.20689655172413793, "8.0": 0.10227272727272728, "9.0": 0.23636363636363636, "10.0": 0.27692307692307694, "11.0": 0.1509433962264151, "12.0": 0.1864406779661017, "13.0": 0.1702127659574468, "14.0": 0.2631578947368421, "15.0": 0.1}, {"3.0": 0.2, "4.0": 0.1, "6.0": 0.10344827586206896, "7.0": 0.15517241379310345, "8.0": 0.10227272727272728, "9.0": 0.10909090909090909, "10.0": 0.07692307692307693, "11.0": 0.07547169811320754, "12.0": 0.11864406779661017, "13.0": 0.0425531914893617, "14.0": 0.05263157894736842, "16.0": 0.16666666666666666, "17.0": 0.5}, {"3.0": 0.2, "4.0": 0.1, "5.0": 0.08333333333333333, "6.0": 0.10344827586206896, "7.0": 0.13793103448275862, "8.0": 0.14772727272727273, "9.0": 0.10909090909090909, "10.0": 0.15384615384615385, "11.0": 0.2641509433962264, "12.0": 0.2711864406779661, "13.0": 0.2765957446808511, "14.0": 0.13157894736842105, "15.0": 0.2, "16.0": 0.16666666666666666}, {"3.0": 0.2, "4.0": 0.1, "5.0": 0.08333333333333333, "6.0": 0.20689655172413793, "7.0": 0.06896551724137931, "8.0": 0.10227272727272728, "9.0": 0.07272727272727272, "10.0": 0.1076923076923077, "11.0": 0.09433962264150944, "12.0": 0.01694915254237288, "13.0": 0.06382978723404255, "14.0": 0.07894736842105263, "15.0": 0.1}, {"3.0": 0.2, "8.0": 0.03409090909090909, "9.0": 0.00909090909090909, "10.0": 0.015384615384615385}, {"4.0": 0.1, "5.0": 0.16666666666666666, "6.0": 0.1724137931034483, "7.0": 0.10344827586206896, "8.0": 0.09090909090909091, "9.0": 0.05454545454545454, "10.0": 0.046153846153846156, "11.0": 0.05660377358490566, "12.0": 0.05084745762711865, "14.0": 0.02631578947368421}, {"4.0": 0.1, "5.0": 0.08333333333333333, "6.0": 0.034482758620689655, "8.0": 0.056818181818181816, "9.0": 0.02727272727272727, "10.0": 0.015384615384615385, "12.0": 0.01694915254237288}, {"5.0": 0.08333333333333333}, {"6.0": 0.034482758620689655, "7.0": 0.10344827586206896, "8.0": 0.14772727272727273, "9.0": 0.06363636363636363, "10.0": 0.015384615384615385, "11.0": 0.07547169811320754, "12.0": 0.1016949152542373, "13.0": 0.10638297872340426, "14.0": 0.02631578947368421, "16.0": 0.16666666666666666}, {"6.0": 0.034482758620689655, "7.0": 0.1724137931034483, "8.0": 0.14772727272727273, "9.0": 0.20909090909090908, "10.0": 0.2153846153846154, "11.0": 0.16981132075471697, "12.0": 0.15254237288135594, "13.0": 0.2553191489361702, "14.0": 0.3157894736842105, "15.0": 0.6, "16.0": 0.16666666666666666, "17.0": 0.5}, {"6.0": 0.06896551724137931, "7.0": 0.017241379310344827, "8.0": 0.011363636363636364,