{"Algorithm Parameters": {"K": 17}, "Algorithm Performance": {"WCSS": 10101.480166436737, "Silhouette Score": 0.10124087025578887, "Calinski Harabasz Index": 43.33345507398072}, "Clusters Content Analysis": {"Predictive Power": {"Global": {"Metrics": {"Class: Upgrade": {"Accuracy": 0.7142857142857143, "Precision": 0.8, "Recall": 1.0, "F1-Score": 0.888888888888889}, "Class: Downgrade": {"Accuracy": 1.0, "Precision": 0.8, "Recall": 0.6, "F1-Score": 0.6857142857142857}}, "Confusion Matrix": {"predicted_down_AND_was_down": 3, "predicted_up_AND_was_up": 5, "predicted_no_change_AND_was_no_change": 3, "predicted_down_BUT_was_up": 0, "predicted_down_BUT_was_no_change": 316, "predicted_no_change_BUT_was_up": 0, "predicted_no_change_BUT_was_down": 0, "predicted_up_BUT_was_down": 2, "predicted_up_BUT_was_no_change": 267}}, "Restricted to jumps to or from below B-": {"Metrics": {"Class: Upgrade": "No element of this class", "Class: Downgrade": "No element of this class"}, "Confusion Matrix": {"predicted_down_AND_was_down": 0, "predicted_up_AND_was_up": 0, "predicted_no_change_AND_was_no_change": 3, "predicted_down_BUT_was_up": 0, "predicted_down_BUT_was_no_change": 319, "predicted_no_change_BUT_was_up": 0, "predicted_no_change_BUT_was_down": 0, "predicted_up_BUT_was_down": 0, "predicted_up_BUT_was_no_change": 274}}}, "Share of total companies in each clusters": [0.026845637583892617, 0.18288590604026847, 0.053691275167785234, 0.05201342281879195, 0.08221476510067115, 0.010067114093959731, 0.10570469798657718, 0.16275167785234898, 0.050335570469798654, 0.018456375838926176, 0.087248322147651, 0.0016778523489932886, 0.13926174496644295, 0.0016778523489932886, 0.0050335570469798654, 0.018456375838926176, 0.0016778523489932886, {"SUM": 1.0}], "Clusters with significant ranges (count)": 14, "Significant Clusters (count)": 8, "Cluster Credit Ratings Shares": [{"1.0": 0.125, "3.0": 0.125, "4.0": 0.125, "7.0": 0.25, "8.0": 0.1875, "9.0": 0.1875}, {"2.0": 0.009174311926605505, "5.0": 0.009174311926605505, "6.0": 0.03669724770642202, "7.0": 0.09174311926605505, "8.0": 0.13761467889908258, "9.0": 0.2018348623853211, "10.0": 0.13761467889908258, "11.0": 0.11926605504587157, "12.0": 0.08256880733944955, "13.0": 0.09174311926605505, "14.0": 0.05504587155963303, "15.0": 0.027522935779816515}, {"2.0": 0.03125, "4.0": 0.03125, "5.0": 0.03125, "6.0": 0.125, "7.0": 0.125, "8.0": 0.0625, "9.0": 0.15625, "10.0": 0.125, "11.0": 0.03125, "12.0": 0.09375, "13.0": 0.09375, "14.0": 0.09375}, {"3.0": 0.03225806451612903, "4.0": 0.06451612903225806, "5.0": 0.12903225806451613, "6.0": 0.0967741935483871, "7.0": 0.06451612903225806, "8.0": 0.0967741935483871, "9.0": 0.25806451612903225, "10.0": 0.06451612903225806, "11.0": 0.06451612903225806, "12.0": 0.06451612903225806, "14.0": 0.06451612903225806}, {"3.0": 0.02040816326530612, "5.0": 0.02040816326530612, "6.0": 0.10204081632653061, "7.0": 0.08163265306122448, "8.0": 0.1836734693877551, "9.0": 0.16326530612244897, "10.0": 0.14285714285714285, "11.0": 0.10204081632653061, "12.0": 0.02040816326530612, "13.0": 0.061224489795918366, "14.0": 0.08163265306122448, "15.0": 0.02040816326530612}, {"3.0": 0.16666666666666666, "8.0": 0.5, "9.0": 0.16666666666666666, "10.0": 0.16666666666666666}, {"4.0": 0.031746031746031744, "6.0": 0.015873015873015872, "7.0": 0.06349206349206349, "8.0": 0.07936507936507936, "9.0": 0.25396825396825395, "10.0": 0.19047619047619047, "11.0": 0.1111111111111111, "12.0": 0.09523809523809523, "13.0": 0.07936507936507936, "14.0": 0.06349206349206349, "15.0": 0.015873015873015872}, {"4.0": 0.010309278350515464, "7.0": 0.12371134020618557, "8.0": 0.15463917525773196, "9.0": 0.17525773195876287, "10.0": 0.15463917525773196, "11.0": 0.061855670103092786, "12.0": 0.1134020618556701, "13.0": 0.08247422680412371, "14.0": 0.07216494845360824, "15.0": 0.020618556701030927, "16.0": 0.020618556701030927, "17.0": 0.010309278350515464}, {"4.0": 0.03333333333333333, "5.0": 0.06666666666666667, "6.0": 0.16666666666666666, "7.0": 0.16666666666666666, "8.0": 0.2, "9.0": 0.16666666666666666, "10.0": 0.03333333333333333, "11.0": 0.06666666666666667, "12.0": 0.06666666666666667, "14.0": 0.03333333333333333}, {"4.0": 0.09090909090909091, "5.0": 0.09090909090909091, "6.0": 0.09090909090909091, "8.0": 0.2727272727272727, "9.0": 0.18181818181818182, "10.0": 0.09090909090909091, "12.0": 0.09090909090909091, "14.0": 0.09090909090909091}, {"5.0": 0.019230769230769232, "6.0": 0.019230769230769232, "8.0": 0.11538461538461539, "9.0": 0.15384615384615385, "10.0": 0.057692307692307696, "11.0": 0.17307692307692307, "12.0": 0.21153846153846154, "13.0": 0.1346153846153846, "14.0": 0.057692307692307696, "15.0": 0.038461538461538464, "16.0": 0.019230769230769232}, {"5.0": 1.0}, {"6.0": 0.060240963855421686, "7.0": 0.13253012048192772, "8.0": 0.1927710843373494, "9.0": 0.18072289156626506, "10.0": 0.024096385542168676, "11.0": 0.07228915662650602, "12.0": 0.12048192771084337, "13.0": 0.10843373493975904, "14.0": 0.07228915662650602, "15.0": 0.012048192771084338, "16.0": 0.012048192771084338, "17.0": 0.012048192771084338}, {"7.0": 1.0}, {"7.0": 0.3333333333333333, "8.0": 0.3333333333333333, "16.0": 0.3333333333333333}, {"8.0": 0.09090909090909091, "10.0": 0.18181818181818182, "11.0": 0.18181818181818182, "12.0": 0.2727272727272727, "13.0": 0.09090909090909091, "14.0": 0.09090909090909091, "16.0": 0.09090909090909091}, {"13.0": 1.0}], "Share of total companies with given credit rating in each cluter": [{"1.0": 1.0, "3.0": 0.4, "4.0": 0.2, "7.0": 0.06896551724137931, "8.0": 0.03409090909090909, "9.0": 0.02727272727272727}, {"2.0": 0.5, "5.0": 0.08333333333333333, "6.0": 0.13793103448275862, "7.0": 0.1724137931034483, "8.0": 0.17045454545454544, "9.0": 0.2, "10.0": 0.23076923076923078, "11.0": 0.24528301886792453, "12.0": 0.15254237288135594, "13.0": 0.2127659574468085, "14.0": 0.15789473684210525, "15.0": 0.3}, {"2.0": 0.5, "4.0": 0.1, "5.0": 0.08333333333333333, "6.0": 0.13793103448275862, "7.0": 0.06896551724137931, "8.0": 0.022727272727272728, "9.0": 0.045454545454545456, "10.0": 0.06153846153846154, "11.0": 0.018867924528301886, "12.0": 0.05084745762711865, "13.0": 0.06382978723404255, "14.0": 0.07894736842105263}, {"3.0": 0.2, "4.0": 0.2, "5.0": 0.3333333333333333, "6.0": 0.10344827586206896, "7.0": 0.034482758620689655, "8.0": 0.03409090909090909, "9.0": 0.07272727272727272, "10.0": 0.03076923076923077, "11.0": 0.03773584905660377, "12.0": 0.03389830508474576, "14.0": 0.05263157894736842}, {"3.0": 0.2, "5.0": 0.08333333333333333, "6.0": 0.1724137931034483, "7.0": 0.06896551724137931, "8.0": 0.10227272727272728, "9.0": 0.07272727272727272, "10.0": 0.1076923076923077, "11.0": 0.09433962264150944, "12.0": 0.01694915254237288, "13.0": 0.06382978723404255, "14.0": 0.10526315789473684, "15.0": 0.1}, {"3.0": 0.2, "8.0": 0.03409090909090909, "9.0": 0.00909090909090909, "10.0": 0.015384615384615385}, {"4.0": 0.2, "6.0": 0.034482758620689655, "7.0": 0.06896551724137931, "8.0": 0.056818181818181816, "9.0": 0.14545454545454545, "10.0": 0.18461538461538463, "11.0": 0.1320754716981132, "12.0": 0.1016949152542373, "13.0": 0.10638297872340426, "14.0": 0.10526315789473684, "15.0": 0.1}, {"4.0": 0.1, "7.0": 0.20689655172413793, "8.0": 0.17045454545454544, "9.0": 0.15454545454545454, "10.0": 0.23076923076923078, "11.0": 0.11320754716981132, "12.0": 0.1864406779661017, "13.0": 0.1702127659574468, "14.0": 0.18421052631578946, "15.0": 0.2, "16.0": 0.3333333333333333, "17.0": 0.5}, {"4.0": 0.1, "5.0": 0.16666666666666666, "6.0": 0.1724137931034483, "7.0": 0.08620689655172414, "8.0": 0.06818181818181818, "9.0": 0.045454545454545456, "10.0": 0.015384615384615385, "11.0": 0.03773584905660377, "12.0": 0.03389830508474576, "14.0": 0.02631578947368421}, {"4.0": 0.1, "5.0": 0.08333333333333333, "6.0": 0.034482758620689655, "8.0": 0.03409090909090909, "9.0": 0.01818181818181818, "10.0": 0.015384615384615385, "12.0": 0.01694915254237288,