{"Algorithm Parameters": {"K": 17}, "Algorithm Performance": {"WCSS": 10101.480166436737, "Silhouette Score": 0.10124087025578887, "Calinski Harabasz Index": 43.33345507398072}, "Clusters Content Analysis": {"Predictive Power": {"Global": {"Metrics": {"Class: Upgrade": {"Accuracy": 0.7142857142857143, "Precision": 0.8, "Recall": 1.0, "F1-Score": 0.888888888888889}, "Class: Downgrade": {"Accuracy": 1.0, "Precision": 0.8, "Recall": 0.6, "F1-Score": 0.6857142857142857}}, "Confusion Matrix": {"predicted_down_AND_was_down": 3, "predicted_up_AND_was_up": 5, "predicted_no_change_AND_was_no_change": 6, "predicted_down_BUT_was_up": 0, "predicted_down_BUT_was_no_change": 307, "predicted_no_change_BUT_was_up": 0, "predicted_no_change_BUT_was_down": 0, "predicted_up_BUT_was_down": 2, "predicted_up_BUT_was_no_change": 273}}, "Restricted to jumps to or from below B-": {"Metrics": {"Class: Upgrade": "No element of this class", "Class: Downgrade": "No element of this class"}, "Confusion Matrix": {"predicted_down_AND_was_down": 0, "predicted_up_AND_was_up": 0, "predicted_no_change_AND_was_no_change": 6, "predicted_down_BUT_was_up": 0, "predicted_down_BUT_was_no_change": 310, "predicted_no_change_BUT_was_up": 0, "predicted_no_change_BUT_was_down": 0, "predicted_up_BUT_was_down": 0, "predicted_up_BUT_was_no_change": 280}}}, "Share of total companies in each clusters": [0.006711409395973154, 0.050335570469798654, 0.2063758389261745, 0.11409395973154363, 0.08557046979865772, 0.030201342281879196, 0.09899328859060402, 0.031879194630872486, 0.08557046979865772, 0.0016778523489932886, 0.11577181208053691, 0.003355704697986577, 0.14429530201342283, 0.018456375838926176, 0.003355704697986577, 0.0016778523489932886, 0.0016778523489932886, {"SUM": 1.0000000000000002}], "Clusters with significant ranges (count)": 11, "Significant Clusters (count)": 5, "Cluster Credit Ratings Shares": [{"1.0": 0.25, "3.0": 0.25, "4.0": 0.5}, {"1.0": 0.03333333333333333, "3.0": 0.03333333333333333, "4.0": 0.06666666666666667, "5.0": 0.1, "6.0": 0.06666666666666667, "7.0": 0.06666666666666667, "8.0": 0.13333333333333333, "9.0": 0.23333333333333334, "10.0": 0.06666666666666667, "11.0": 0.06666666666666667, "12.0": 0.06666666666666667, "14.0": 0.06666666666666667}, {"2.0": 0.008130081300813009, "3.0": 0.008130081300813009, "5.0": 0.008130081300813009, "6.0": 0.024390243902439025, "7.0": 0.12195121951219512, "8.0": 0.16260162601626016, "9.0": 0.23577235772357724, "10.0": 0.14634146341463414, "11.0": 0.08943089430894309, "12.0": 0.08943089430894309, "13.0": 0.032520325203252036, "14.0": 0.04065040650406504, "15.0": 0.024390243902439025, "16.0": 0.008130081300813009}, {"2.0": 0.014705882352941176, "5.0": 0.014705882352941176, "6.0": 0.04411764705882353, "7.0": 0.10294117647058823, "8.0": 0.10294117647058823, "9.0": 0.20588235294117646, "10.0": 0.14705882352941177, "11.0": 0.07352941176470588, "12.0": 0.08823529411764706, "13.0": 0.08823529411764706, "14.0": 0.10294117647058823, "15.0": 0.014705882352941176}, {"3.0": 0.0196078431372549, "4.0": 0.0196078431372549, "5.0": 0.0196078431372549, "6.0": 0.0784313725490196, "7.0": 0.0784313725490196, "8.0": 0.17647058823529413, "9.0": 0.17647058823529413, "10.0": 0.13725490196078433, "11.0": 0.09803921568627451, "12.0": 0.0392156862745098, "13.0": 0.058823529411764705, "14.0": 0.0784313725490196, "15.0": 0.0196078431372549}, {"3.0": 0.05555555555555555, "6.0": 0.16666666666666666, "7.0": 0.16666666666666666, "8.0": 0.2222222222222222, "9.0": 0.16666666666666666, "10.0": 0.05555555555555555, "11.0": 0.1111111111111111, "12.0": 0.05555555555555555}, {"4.0": 0.0847457627118644, "5.0": 0.01694915254237288, "6.0": 0.06779661016949153, "7.0": 0.2033898305084746, "8.0": 0.1694915254237288, "9.0": 0.1864406779661017, "10.0": 0.13559322033898305, "11.0": 0.03389830508474576, "12.0": 0.06779661016949153, "13.0": 0.03389830508474576}, {"5.0": 0.10526315789473684, "6.0": 0.15789473684210525, "8.0": 0.21052631578947367, "9.0": 0.21052631578947367, "10.0": 0.10526315789473684, "11.0": 0.05263157894736842, "12.0": 0.10526315789473684, "14.0": 0.05263157894736842}, {"5.0": 0.0392156862745098, "6.0": 0.0784313725490196, "7.0": 0.0392156862745098, "8.0": 0.1568627450980392, "9.0": 0.23529411764705882, "10.0": 0.09803921568627451, "11.0": 0.11764705882352941, "12.0": 0.0784313725490196, "13.0": 0.11764705882352941, "14.0": 0.0392156862745098}, {"5.0": 1.0}, {"6.0": 0.043478260869565216, "7.0": 0.14492753623188406, "8.0": 0.21739130434782608, "9.0": 0.14492753623188406, "10.0": 0.014492753623188406, "11.0": 0.07246376811594203, "12.0": 0.11594202898550725, "13.0": 0.13043478260869565, "14.0": 0.08695652173913043, "16.0": 0.014492753623188406, "17.0": 0.014492753623188406}, {"7.0": 0.5, "10.0": 0.5}, {"7.0": 0.023255813953488372, "8.0": 0.046511627906976744, "9.0": 0.12790697674418605, "10.0": 0.09302325581395349, "11.0": 0.13953488372093023, "12.0": 0.18604651162790697, "13.0": 0.18604651162790697, "14.0": 0.10465116279069768, "15.0": 0.05813953488372093, "16.0": 0.023255813953488372, "17.0": 0.011627906976744186}, {"8.0": 0.09090909090909091, "10.0": 0.18181818181818182, "11.0": 0.18181818181818182, "12.0": 0.2727272727272727, "13.0": 0.09090909090909091, "14.0": 0.09090909090909091, "16.0": 0.09090909090909091}, {"8.0": 1.0}, {"14.0": 1.0}, {"16.0": 1.0}], "Share of total companies with given credit rating in each cluter": [{"1.0": 0.5, "3.0": 0.2, "4.0": 0.2}, {"1.0": 0.5, "3.0": 0.2, "4.0": 0.2, "5.0": 0.25, "6.0": 0.06896551724137931, "7.0": 0.034482758620689655, "8.0": 0.045454545454545456, "9.0": 0.06363636363636363, "10.0": 0.03076923076923077, "11.0": 0.03773584905660377, "12.0": 0.03389830508474576, "14.0": 0.05263157894736842}, {"2.0": 0.5, "3.0": 0.2, "5.0": 0.08333333333333333, "6.0": 0.10344827586206896, "7.0": 0.25862068965517243, "8.0": 0.22727272727272727, "9.0": 0.2636363636363636, "10.0": 0.27692307692307694, "11.0": 0.20754716981132076, "12.0": 0.1864406779661017, "13.0": 0.0851063829787234, "14.0": 0.13157894736842105, "15.0": 0.3, "16.0": 0.16666666666666666}, {"2.0": 0.5, "5.0": 0.08333333333333333, "6.0": 0.10344827586206896, "7.0": 0.1206896551724138, "8.0": 0.07954545454545454, "9.0": 0.12727272727272726, "10.0": 0.15384615384615385, "11.0": 0.09433962264150944, "12.0": 0.1016949152542373, "13.0": 0.1276595744680851, "14.0": 0.18421052631578946, "15.0": 0.1}, {"3.0": 0.2, "4.0": 0.1, "5.0": 0.08333333333333333, "6.0": 0.13793103448275862, "7.0": 0.06896551724137931, "8.0": 0.10227272727272728, "9.0": 0.08181818181818182, "10.0": 0.1076923076923077, "11.0": 0.09433962264150944, "12.0": 0.03389830508474576, "13.0": 0.06382978723404255, "14.0": 0.10526315789473684, "15.0": 0.1}, {"3.0": 0.2, "6.0": 0.10344827586206896, "7.0": 0.05172413793103448, "8.0": 0.045454545454545456, "9.0": 0.02727272727272727, "10.0": 0.015384615384615385, "11.0": 0.03773584905660377, "12.0": 0.01694915254237288}, {"4.0": 0.5, "5.0": 0.08333333333333333, "6.0": 0.13793103448275862, "7.0": 0.20689655172413793, "8.0": 0.11363636363636363, "9.0": 0.1, "10.0": 0.12307692307692308, "11.0": 0.03773584905660377, "12.0": 0.06779661016949153, "13.0": 0.0425531914893617}, {"5.0": 0.16666666666666666, "6.0": 0.10344827586206896, "8.0": 0.045454545454545456, "9.0": 0.03636363636363636, "10.0": 0.03076923076923077, "11.0": 0.018867924528301886, "12.0": 0.03389830508474576, "14.0": 0.02631578947368421}, {"5.0": 0.16666666666666666, "6.0": 0.13793103448275862, "7.0": 0.034482758620689655, "8.0": 0.09090909090909091, "9.0": 0.10909090909090909, "10.0": 0.07692307692307693, "11.0": 0.11320754716981132, "12.0": 0.06779661016949153, "13.0": 0.1276595744680851, "14.0": 0.05263157894736842}, {"5.0": 0.08333333333333333}, {"6.0": 0.10344827586206896, "7.0": 0.1724137931034483, "8.0": 0.17045454545454544, "9.0": 0.09090909090909091, "10.0": 0.015384615384615385, "11.0": 0.09433962264150944, "12.0": 0.13559322033898305, "13.0": 0.19148936170212766, "14.0": 0.15789473684210525, "16.0": 0.16666666666666666,