{"Algorithm Parameters": {"C": 17}, "Algorithm Performance": {"WCSS": 22170.277749361492, "Silhouette Score": -0.16511253738589585, "Calinski Harabasz Index": 17.80263006076668}, "Clusters Content Analysis": {"Predictive Power": {"Global": {"Metrics": {"Class: Upgrade": {"Accuracy": 0.6666666666666666, "Precision": 0.7, "Recall": 0.8, "F1-Score": 0.7466666666666666}, "Class: Downgrade": {"Accuracy": 0.75, "Precision": 0.7, "Recall": 0.6, "F1-Score": 0.6461538461538462}}, "Confusion Matrix": {"predicted_down_AND_was_down": 3, "predicted_up_AND_was_up": 4, "predicted_no_change_AND_was_no_change": 1, "predicted_down_BUT_was_up": 1, "predicted_down_BUT_was_no_change": 342, "predicted_no_change_BUT_was_up": 0, "predicted_no_change_BUT_was_down": 0, "predicted_up_BUT_was_down": 2, "predicted_up_BUT_was_no_change": 243}}, "Restricted to jumps to or from below B-": {"Metrics": {"Class: Upgrade": "No element of this class", "Class: Downgrade": "No element of this class"}, "Confusion Matrix": {"predicted_down_AND_was_down": 0, "predicted_up_AND_was_up": 0, "predicted_no_change_AND_was_no_change": 1, "predicted_down_BUT_was_up": 0, "predicted_down_BUT_was_no_change": 346, "predicted_no_change_BUT_was_up": 0, "predicted_no_change_BUT_was_down": 0, "predicted_up_BUT_was_down": 0, "predicted_up_BUT_was_no_change": 249}}}, "Share of total companies in each clusters": [0.46140939597315433, 0.5268456375838926, 0.006711409395973154, 0.003355704697986577, 0.0016778523489932886, {"SUM": 1.0}], "Clusters with significant ranges (count)": 3, "Significant Clusters (count)": 4, "Cluster Credit Ratings Shares": [{"1.0": 0.007272727272727273, "2.0": 0.0036363636363636364, "3.0": 0.014545454545454545, "4.0": 0.02909090909090909, "5.0": 0.03272727272727273, "6.0": 0.06545454545454546, "7.0": 0.10909090909090909, "8.0": 0.14181818181818182, "9.0": 0.19272727272727272, "10.0": 0.12363636363636364, "11.0": 0.07636363636363637, "12.0": 0.07636363636363637, "13.0": 0.05090909090909091, "14.0": 0.05818181818181818, "15.0": 0.01090909090909091, "16.0": 0.007272727272727273}, {"2.0": 0.0031847133757961785, "3.0": 0.0031847133757961785, "4.0": 0.006369426751592357, "5.0": 0.009554140127388535, "6.0": 0.03184713375796178, "7.0": 0.08598726114649681, "8.0": 0.15605095541401273, "9.0": 0.18152866242038215, "10.0": 0.09235668789808917, "11.0": 0.10191082802547771, "12.0": 0.1178343949044586, "13.0": 0.10509554140127389, "14.0": 0.07006369426751592, "15.0": 0.022292993630573247, "16.0": 0.009554140127388535, "17.0": 0.0031847133757961785}, {"6.0": 0.25, "7.0": 0.25, "16.0": 0.25, "17.0": 0.25}, {"10.0": 0.5, "12.0": 0.5}, {"10.0": 1.0}], "Share of total companies with given credit rating in each cluter": [{"1.0": 1.0, "2.0": 0.5, "3.0": 0.8, "4.0": 0.8, "5.0": 0.75, "6.0": 0.6206896551724138, "7.0": 0.5172413793103449, "8.0": 0.4431818181818182, "9.0": 0.4818181818181818, "10.0": 0.5230769230769231, "11.0": 0.39622641509433965, "12.0": 0.3559322033898305, "13.0": 0.2978723404255319, "14.0": 0.42105263157894735, "15.0": 0.3, "16.0": 0.3333333333333333}, {"2.0": 0.5, "3.0": 0.2, "4.0": 0.2, "5.0": 0.25, "6.0": 0.3448275862068966, "7.0": 0.46551724137931033, "8.0": 0.5568181818181818, "9.0": 0.5181818181818182, "10.0": 0.4461538461538462, "11.0": 0.6037735849056604, "12.0": 0.6271186440677966, "13.0": 0.7021276595744681, "14.0": 0.5789473684210527, "15.0": 0.7, "16.0": 0.5, "17.0": 0.5}, {"6.0": 0.034482758620689655, "7.0": 0.017241379310344827, "16.0": 0.16666666666666666, "17.0": 0.5}, {"10.0": 0.015384615384615385, "12.0": 0.01694915254237288}, {"10.0": 0.015384615384615385}], "Cluster ranges": [15.0, 15.0, 11.0, 2.0, 0.0], "Cluster metrics of location and dispersion": [{"Mean": 9.112727272727273, "Median": 9.0, "1st Quartile": 7.0, "3rd Quartile": 11.0, "Standard Deviation": 2.7762011025830735, "Is Signficant": true}, {"Mean": 10.111464968152866, "Median": 10.0, "1st Quartile": 8.0, "3rd Quartile": 12.0, "Standard Deviation": 2.5694795664498566, "Is Signficant": true}, {"Mean": 11.5, "Median": 11.5, "1st Quartile": 6.75, "3rd Quartile": 16.25, "Standard Deviation": 5.024937810560445, "Is Signficant": true}, {"Mean": 11.0, "Median": 11.0, "1st Quartile": 10.5, "3rd Quartile": 11.5, "Standard Deviation": 1.0, "Is Signficant": true}, {"Mean": 10.0, "Median": 10.0, "1st Quartile": 10.0, "3rd Quartile": 10.0, "Standard Deviation": 0.0, "Is Signficant": false}], "Cluster entropies": [3.463236578212514, 3.331048325099037, 2.0, 1.0, 0], "Maximum entropy": 3.463236578212514, "Weighted average entropy": 3.369696699814663, "Incoherencies explanations": {"CLUSTER 0": {}, "CLUSTER 1": {}, "CLUSTER 2": {}, "CLUSTER 3": {}}}}