{"Algorithm Parameters": {"C": 17}, "Algorithm Performance": {"WCSS": 22170.277749361492, "Silhouette Score": -0.16511253738589585, "Calinski Harabasz Index": 17.80263006076668}, "Clusters Content Analysis": {"Predictive Power": {"Global": {"Metrics": {"Class: Upgrade": {"Accuracy": 0.6666666666666666, "Precision": 0.7, "Recall": 0.8, "F1-Score": 0.7466666666666666}, "Class: Downgrade": {"Accuracy": 0.75, "Precision": 0.7, "Recall": 0.6, "F1-Score": 0.6461538461538462}}, "Confusion Matrix": {"predicted_down_AND_was_down": 3, "predicted_up_AND_was_up": 4, "predicted_no_change_AND_was_no_change": 2, "predicted_down_BUT_was_up": 1, "predicted_down_BUT_was_no_change": 338, "predicted_no_change_BUT_was_up": 0, "predicted_no_change_BUT_was_down": 0, "predicted_up_BUT_was_down": 2, "predicted_up_BUT_was_no_change": 246}}, "Restricted to jumps to or from below B-": {"Metrics": {"Class: Upgrade": "No element of this class", "Class: Downgrade": "No element of this class"}, "Confusion Matrix": {"predicted_down_AND_was_down": 0, "predicted_up_AND_was_up": 0, "predicted_no_change_AND_was_no_change": 2, "predicted_down_BUT_was_up": 0, "predicted_down_BUT_was_no_change": 342, "predicted_no_change_BUT_was_up": 0, "predicted_no_change_BUT_was_down": 0, "predicted_up_BUT_was_down": 0, "predicted_up_BUT_was_no_change": 252}}}, "Share of total companies in each clusters": [0.45805369127516776, 0.5302013422818792, 0.0050335570469798654, 0.003355704697986577, 0.003355704697986577, {"SUM": 1.0}], "Clusters with significant ranges (count)": 3, "Significant Clusters (count)": 2, "Cluster Credit Ratings Shares": [{"1.0": 0.007326007326007326, "2.0": 0.003663003663003663, "3.0": 0.01098901098901099, "4.0": 0.029304029304029304, "5.0": 0.03296703296703297, "6.0": 0.06593406593406594, "7.0": 0.10622710622710622, "8.0": 0.1391941391941392, "9.0": 0.19413919413919414, "10.0": 0.12454212454212454, "11.0": 0.07692307692307693, "12.0": 0.08058608058608059, "13.0": 0.05128205128205128, "14.0": 0.05860805860805861, "15.0": 0.01098901098901099, "16.0": 0.007326007326007326}, {"2.0": 0.0031645569620253164, "3.0": 0.0031645569620253164, "4.0": 0.006329113924050633, "5.0": 0.006329113924050633, "6.0": 0.03481012658227848, "7.0": 0.08860759493670886, "8.0": 0.1550632911392405, "9.0": 0.17721518987341772, "10.0": 0.09177215189873418, "11.0": 0.10126582278481013, "12.0": 0.11708860759493671, "13.0": 0.10443037974683544, "14.0": 0.06962025316455696, "15.0": 0.022151898734177215, "16.0": 0.012658227848101266, "17.0": 0.006329113924050633}, {"3.0": 0.3333333333333333, "7.0": 0.3333333333333333, "8.0": 0.3333333333333333}, {"5.0": 0.5, "9.0": 0.5}, {"10.0": 1.0}], "Share of total companies with given credit rating in each cluter": [{"1.0": 1.0, "2.0": 0.5, "3.0": 0.6, "4.0": 0.8, "5.0": 0.75, "6.0": 0.6206896551724138, "7.0": 0.5, "8.0": 0.4318181818181818, "9.0": 0.4818181818181818, "10.0": 0.5230769230769231, "11.0": 0.39622641509433965, "12.0": 0.3728813559322034, "13.0": 0.2978723404255319, "14.0": 0.42105263157894735, "15.0": 0.3, "16.0": 0.3333333333333333}, {"2.0": 0.5, "3.0": 0.2, "4.0": 0.2, "5.0": 0.16666666666666666, "6.0": 0.3793103448275862, "7.0": 0.4827586206896552, "8.0": 0.5568181818181818, "9.0": 0.509090909090909, "10.0": 0.4461538461538462, "11.0": 0.6037735849056604, "12.0": 0.6271186440677966, "13.0": 0.7021276595744681, "14.0": 0.5789473684210527, "15.0": 0.7, "16.0": 0.6666666666666666, "17.0": 1.0}, {"3.0": 0.2, "7.0": 0.017241379310344827, "8.0": 0.011363636363636364}, {"5.0": 0.08333333333333333, "9.0": 0.00909090909090909}, {"10.0": 0.03076923076923077}], "Cluster ranges": [15.0, 15.0, 5.0, 4.0, 0.0], "Cluster metrics of location and dispersion": [{"Mean": 9.157509157509157, "Median": 9.0, "1st Quartile": 7.0, "3rd Quartile": 11.0, "Standard Deviation": 2.763065602666975, "Is Signficant": true}, {"Mean": 10.14873417721519, "Median": 10.0, "1st Quartile": 8.0, "3rd Quartile": 12.0, "Standard Deviation": 2.6108400447872766, "Is Signficant": true}, {"Mean": 6.0, "Median": 7.0, "1st Quartile": 5.0, "3rd Quartile": 7.5, "Standard Deviation": 2.160246899469287, "Is Signficant": false}, {"Mean": 7.0, "Median": 7.0, "1st Quartile": 6.0, "3rd Quartile": 8.0, "Standard Deviation": 2.0, "Is Signficant": false}, {"Mean": 10.0, "Median": 10.0, "1st Quartile": 10.0, "3rd Quartile": 10.0, "Standard Deviation": 0.0, "Is Signficant": false}], "Cluster entropies": [3.4568483661785794, 3.35173152979192, 1.584962500721156, 1.0, 0], "Maximum entropy": 3.4568483661785794, "Weighted average entropy": 3.3718484142334937, "Incoherencies explanations": {"CLUSTER 0": {}, "CLUSTER 1": {}, "CLUSTER 2": {}}}}