{"Algorithm Parameters": {"K": 17}, "Algorithm Performance": {"WCSS": 11435.768745915297, "Silhouette Score": 0.11567657727341815, "Calinski Harabasz Index": 33.99304528031615}, "Clusters Content Analysis": {"Predictive Power": {"Global": {"Metrics": {"Class: Upgrade": {"Accuracy": 0.7142857142857143, "Precision": 0.7777777777777778, "Recall": 1.0, "F1-Score": 0.8750000000000001}, "Class: Downgrade": {"Accuracy": 1.0, "Precision": 0.7777777777777778, "Recall": 0.5, "F1-Score": 0.6086956521739131}}, "Confusion Matrix": {"predicted_down_AND_was_down": 2, "predicted_up_AND_was_up": 5, "predicted_no_change_AND_was_no_change": 13, "predicted_down_BUT_was_up": 0, "predicted_down_BUT_was_no_change": 295, "predicted_no_change_BUT_was_up": 0, "predicted_no_change_BUT_was_down": 1, "predicted_up_BUT_was_down": 2, "predicted_up_BUT_was_no_change": 278}}, "Restricted to jumps to or from below B-": {"Metrics": {"Class: Upgrade": "No element of this class", "Class: Downgrade": "No element of this class"}, "Confusion Matrix": {"predicted_down_AND_was_down": 0, "predicted_up_AND_was_up": 0, "predicted_no_change_AND_was_no_change": 14, "predicted_down_BUT_was_up": 0, "predicted_down_BUT_was_no_change": 297, "predicted_no_change_BUT_was_up": 0, "predicted_no_change_BUT_was_down": 0, "predicted_up_BUT_was_down": 0, "predicted_up_BUT_was_no_change": 285}}}, "Share of total companies in each clusters": [0.0016778523489932886, 0.053691275167785234, 0.31711409395973156, 0.17114093959731544, 0.0016778523489932886, 0.07214765100671142, 0.10234899328859061, 0.008389261744966443, 0.0016778523489932886, 0.050335570469798654, 0.010067114093959731, 0.0016778523489932886, 0.20134228187919462, 0.0016778523489932886, 0.0016778523489932886, 0.0016778523489932886, 0.0016778523489932886, {"SUM": 1.0000000000000002}], "Clusters with significant ranges (count)": 9, "Significant Clusters (count)": 5, "Cluster Credit Ratings Shares": [{"1.0": 1.0}, {"1.0": 0.03125, "3.0": 0.03125, "4.0": 0.09375, "5.0": 0.03125, "6.0": 0.0625, "7.0": 0.21875, "8.0": 0.25, "9.0": 0.25, "11.0": 0.03125}, {"2.0": 0.005291005291005291, "6.0": 0.021164021164021163, "7.0": 0.07936507936507936, "8.0": 0.12169312169312169, "9.0": 0.164021164021164, "10.0": 0.13227513227513227, "11.0": 0.10582010582010581, "12.0": 0.14285714285714285, "13.0": 0.12169312169312169, "14.0": 0.0582010582010582, "15.0": 0.031746031746031744, "16.0": 0.015873015873015872}, {"2.0": 0.00980392156862745, "4.0": 0.00980392156862745, "5.0": 0.00980392156862745, "6.0": 0.049019607843137254, "7.0": 0.0784313725490196, "8.0": 0.08823529411764706, "9.0": 0.22549019607843138, "10.0": 0.20588235294117646, "11.0": 0.0784313725490196, "12.0": 0.08823529411764706, "13.0": 0.0784313725490196, "14.0": 0.06862745098039216, "15.0": 0.00980392156862745}, {"3.0": 1.0}, {"3.0": 0.023255813953488372, "4.0": 0.046511627906976744, "5.0": 0.11627906976744186, "6.0": 0.06976744186046512, "7.0": 0.09302325581395349, "8.0": 0.11627906976744186, "9.0": 0.3023255813953488, "10.0": 0.06976744186046512, "11.0": 0.06976744186046512, "12.0": 0.046511627906976744, "14.0": 0.046511627906976744}, {"3.0": 0.01639344262295082, "4.0": 0.01639344262295082, "5.0": 0.01639344262295082, "6.0": 0.08196721311475409, "7.0": 0.06557377049180328, "8.0": 0.16393442622950818, "9.0": 0.13114754098360656, "10.0": 0.14754098360655737, "11.0": 0.11475409836065574, "12.0": 0.06557377049180328, "13.0": 0.06557377049180328, "14.0": 0.08196721311475409, "15.0": 0.01639344262295082, "16.0": 0.01639344262295082}, {"3.0": 0.2, "8.0": 0.4, "9.0": 0.2, "10.0": 0.2}, {"4.0": 1.0}, {"4.0": 0.03333333333333333, "5.0": 0.06666666666666667, "6.0": 0.16666666666666666, "7.0": 0.2, "8.0": 0.2, "9.0": 0.13333333333333333, "10.0": 0.03333333333333333, "11.0": 0.06666666666666667, "12.0": 0.06666666666666667, "14.0": 0.03333333333333333}, {"4.0": 0.16666666666666666, "5.0": 0.16666666666666666, "6.0": 0.16666666666666666, "8.0": 0.16666666666666666, "12.0": 0.16666666666666666, "14.0": 0.16666666666666666}, {"5.0": 1.0}, {"6.0": 0.03333333333333333, "7.0": 0.10833333333333334, "8.0": 0.18333333333333332, "9.0": 0.18333333333333332, "10.0": 0.041666666666666664, "11.0": 0.1, "12.0": 0.11666666666666667, "13.0": 0.09166666666666666, "14.0": 0.09166666666666666, "15.0": 0.016666666666666666, "16.0": 0.016666666666666666, "17.0": 0.016666666666666666}, {"7.0": 1.0}, {"8.0": 1.0}, {"8.0": 1.0}, {"13.0": 1.0}], "Share of total companies with given credit rating in each cluter": [{"1.0": 0.5}, {"1.0": 0.5, "3.0": 0.2, "4.0": 0.3, "5.0": 0.08333333333333333, "6.0": 0.06896551724137931, "7.0": 0.1206896551724138, "8.0": 0.09090909090909091, "9.0": 0.07272727272727272, "11.0": 0.018867924528301886}, {"2.0": 0.5, "6.0": 0.13793103448275862, "7.0": 0.25862068965517243, "8.0": 0.26136363636363635, "9.0": 0.2818181818181818, "10.0": 0.38461538461538464, "11.0": 0.37735849056603776, "12.0": 0.4576271186440678, "13.0": 0.48936170212765956, "14.0": 0.2894736842105263, "15.0": 0.6, "16.0": 0.5}, {"2.0": 0.5, "4.0": 0.1, "5.0": 0.08333333333333333, "6.0": 0.1724137931034483, "7.0": 0.13793103448275862, "8.0": 0.10227272727272728, "9.0": 0.20909090909090908, "10.0": 0.3230769230769231, "11.0": 0.1509433962264151, "12.0": 0.15254237288135594, "13.0": 0.1702127659574468, "14.0": 0.18421052631578946, "15.0": 0.1}, {"3.0": 0.2}, {"3.0": 0.2, "4.0": 0.2, "5.0": 0.4166666666666667, "6.0": 0.10344827586206896, "7.0": 0.06896551724137931, "8.0": 0.056818181818181816, "9.0": 0.11818181818181818, "10.0": 0.046153846153846156, "11.0": 0.05660377358490566, "12.0": 0.03389830508474576, "14.0": 0.05263157894736842}, {"3.0": 0.2, "4.0": 0.1, "5.0": 0.08333333333333333, "6.0": 0.1724137931034483, "7.0": 0.06896551724137931, "8.0": 0.11363636363636363, "9.0": 0.07272727272727272, "10.0": 0.13846153846153847, "11.0": 0.1320754716981132, "12.0": 0.06779661016949153, "13.0": 0.0851063829787234, "14.0": 0.13157894736842105, "15.0": 0.1, "16.0": 0.16666666666666666}, {"3.0": 0.2, "8.0": 0.022727272727272728, "9.0": 0.00909090909090909, "10.0": 0.015384615384615385}, {"4.0": 0.1}, {"4.0": 0.1, "5.0": 0.16666666666666666, "6.0": 0.1724137931034483, "7.0": 0.10344827586206896, "8.0": 0.06818181818181818, "9.0": 0.03636363636363636, "10.0": 0.015384615384615385, "11.0": 0.03773584905660377, "12.0": 0.03389830508474576, "14.0": 0.02631578947368421}, {"4.0": 0.1, "5.0": 0.08333333333333333, "6.0": 0.034482758620689655, "8.0": 0.011363636363636364, "12.0": 0.01694915254237288, "14.0": 0.02631578947368421}, {"5.0": 0.08333333333333333}, {"6.0": 0.13793103448275862, "7.0": 0.22413793103448276, "8.0": 0.25, "9.0": 0.2, "10.0": 0.07692307692307693, "11.0": 0.22641509433962265, "12.0": 0.23728813559322035, "13.0": 0.23404255319148937, "14.0": 0.2894736842105263, "15.0": 0.2, "16.0": 0.3333333333333333, "17.0": 1.0}, {"7.0": 0.017241379310344827}, {"8.0": 0.011363636363636364}, {"8.0": 0.011363636363636364}, {"13.0": 0.02127659574468085}], "Cluster ranges": [0.0, 10.0, 14.0, 13.0, 0.0, 11.0, 13.0, 7.0, 0.0, 10.0, 10.0, 0.0, 11.0, 0.0, 0.0, 0.0, 0.0], "Cluster metrics of location and dispersion": [{"Mean": 1.0, "Median": 1.0, "1st Quartile": 1.0, "3rd Quartile": 1.0, "Standard Deviation": 0.0, "Is Signficant": false}, {"Mean": 7.15625, "Median": 8.0, "1st Quartile": 6.75, "3rd Quartile": 9.0, "Standard Deviation": 2.093283530126772, "Is Signficant": false}, {"Mean": 10.470899470899472, "Median": 10.0, "1st Quartile": 9.0, "3rd Quartile": 12.0, "Standard Deviation": 2.4268013514537423, "Is Signficant": true}, {"Mean": 9.794117647058824, "Median": 10.0, "1st Quartile": 9.0, "3rd Quartile": 11.0, "Standard Deviation": 2.3941850932350603, "Is Signficant": true}, {"Mean": 3.0, "Median": 3.0, "1st Quartile": 3.0, "3rd Quartile": 3.0, "Standard Deviation": 0.0, "Is Signficant": false}, {"Mean": 8.232558139534884, "Median": 9.0, "1st Quartile": 6.5, "3rd Quartile": 9.0, "Standard Deviation": 2.5135651443700215, "Is Signficant": false}, {"Mean": 9.672131147540984,