{"Algorithm Parameters": {"Threshold Value": 0.1, "Braching Factor": 2, "K": 2}, "Algorithm Performance": {"Calinski Harabasz Index": 96.54054519150435}, "Clusters Content Analysis": {"Predictive Power": {"Global": {"Metrics": {"Class: Upgrade": "No element of this class", "Class: Downgrade": "No element of this class"}, "Confusion Matrix": {"predicted_down_AND_was_down": 0, "predicted_up_AND_was_up": 0, "predicted_no_change_AND_was_no_change": 0, "predicted_down_BUT_was_up": 0, "predicted_down_BUT_was_no_change": 87, "predicted_no_change_BUT_was_up": 0, "predicted_no_change_BUT_was_down": 0, "predicted_up_BUT_was_down": 0, "predicted_up_BUT_was_no_change": 53}}, "Restricted to jumps to or from below B-": {"Metrics": {"Class: Upgrade": "No element of this class", "Class: Downgrade": "No element of this class"}, "Confusion Matrix": {"predicted_down_AND_was_down": 0, "predicted_up_AND_was_up": 0, "predicted_no_change_AND_was_no_change": 0, "predicted_down_BUT_was_up": 0, "predicted_down_BUT_was_no_change": 87, "predicted_no_change_BUT_was_up": 0, "predicted_no_change_BUT_was_down": 0, "predicted_up_BUT_was_down": 0, "predicted_up_BUT_was_no_change": 53}}}, "Share of total companies in each clusters": [0.75, 0.25, {"SUM": 1.0}], "Clusters with significant ranges (count)": 2, "Significant Clusters (count)": 1, "Cluster Credit Ratings Shares": [{"AA-": 0.009523809523809525, "A": 0.02857142857142857, "A-": 0.24761904761904763, "BBB+": 0.3333333333333333, "BBB": 0.1523809523809524, "BBB-": 0.05714285714285714, "BB+": 0.009523809523809525, "BB": 0.09523809523809523, "BB-": 0.01904761904761905, "CCC": 0.01904761904761905, "B+": 0.009523809523809525, "B": 0.009523809523809525, "B-": 0.009523809523809525}, {"A": 0.02857142857142857, "BBB": 0.2857142857142857, "AA-": 0.02857142857142857, "A+": 0.02857142857142857, "A-": 0.05714285714285714, "BBB+": 0.2, "BBB-": 0.08571428571428572, "BB+": 0.05714285714285714, "BB": 0.11428571428571428, "BB-": 0.02857142857142857, "B+": 0.02857142857142857, "B": 0.02857142857142857, "CC": 0.02857142857142857}], "Share of total companies with given credit rating in each cluter": [{"AA-": 0.5, "A": 0.75, "A-": 0.9285714285714286, "BBB+": 0.8333333333333334, "BBB": 0.6153846153846154, "BBB-": 0.6666666666666666, "BB+": 0.3333333333333333, "BB": 0.7142857142857143, "BB-": 0.6666666666666666, "CCC": 1.0, "B+": 0.5, "B": 0.5, "B-": 1.0}, {"A": 0.25, "BBB": 0.38461538461538464, "AA-": 0.5, "A+": 1.0, "A-": 0.07142857142857142, "BBB+": 0.16666666666666666, "BBB-": 0.3333333333333333, "BB+": 0.6666666666666666, "BB": 0.2857142857142857, "BB-": 0.3333333333333333, "B+": 0.5, "B": 0.5, "CC": 1.0}], "Cluster ranges": [14.0, 16.0], "Cluster metrics of location and dispersion": [{"Mean": 8.81904761904762, "Median": 8.0, "1st Quartile": 7.0, "3rd Quartile": 9.0, "Standard Deviation": 2.3735886127326973, "Is Signficant": false}, {"Mean": 9.628571428571428, "Median": 9.0, "1st Quartile": 8.0, "3rd Quartile": 11.0, "Standard Deviation": 2.9089587168480975, "Is Signficant": true}], "Cluster entropies": [2.6835761679508243, 3.139978648218099], "Maximum entropy": 3.139978648218099, "Weighted average entropy": 2.7976767880176427, "Incoherencies explanations": {"CLUSTER 0": {"RATING BBB": [{"Leverage": {"Comparison": "Cluster elements in lower half", "Credit Rating Statistics": {"Mean": 0.25611807657485325, "Median": 0.27954085524929984, "1st Quartile": 0.20937675798387026, "3rd Quartile": 0.3066972420122668, "Standard Deviation": 0.08352939835268075}, "Cluster Statistics": {"Mean": 0.2520582232696066, "Median": 0.28216399603874776, "1st Quartile": 0.18349876614169075, "3rd Quartile": 0.33947951041107316, "Standard Deviation": 0.11076751146882267}}}, {"Financial Statement Lines": {"Comparison": "Cluster elements in highest 75%", "Credit Rating Statistics": {"Mean": 0.023210345293442944, "Median": 0.009302992291221668, "1st Quartile": 0.004655534975830147, "3rd Quartile": 0.012035304428878972, "Standard Deviation": 0.048423164225940535}, "Cluster Statistics": {"Mean": 0.04874401112098205, "Median": 0.01358799682453861, "1st Quartile": 0.010941136125422628, "3rd Quartile": 0.028251426486886562, "Standard Deviation": 0.07072607887466283}}}, {"Industry Diversification": {"Comparison": "Cluster elements in highest 75%", "Credit Rating Statistics": {"Mean": 0.28589751518659406, "Median": 0.28218101220844943, "1st Quartile": 0.029585542112374602, "3rd Quartile": 0.43526794423579973, "Standard Deviation": 0.23063211891328322}, "Cluster Statistics": {"Mean": 0.4720196588224163, "Median": 0.5055666475353618, "1st Quartile": 0.35853659628632434, "3rd Quartile": 0.572589205759086, "Standard Deviation": 0.1995111399291562}}}]}, "CLUSTER 1": {"RATING A-": [{"Leverage": {"Comparison": "Cluster elements in upper half", "Credit Rating Statistics": {"Mean": 0.30383730746415594, "Median": 0.30088548454813197, "1st Quartile": 0.2828364726889406, "3rd Quartile": 0.31585364901512913, "Standard Deviation": 0.03472496083932061}, "Cluster Statistics": {"Mean": 0.30279382712231756, "Median": 0.2973704281469698, "1st Quartile": 0.2807413102497688, "3rd Quartile": 0.3103331052899225, "Standard Deviation": 0.035692803533519245}}}, {"Financial Statement Lines": {"Comparison": "Cluster elements in upper half", "Credit Rating Statistics": {"Mean": 0.021530676190909027, "Median": 0.009743645747085762, "1st Quartile": 0.004748505800474594, "3rd Quartile": 0.014812066754223824, "Standard Deviation": 0.05765472628576028}, "Cluster Statistics": {"Mean": 0.010318586421630914, "Median": 0.008721517011462844, "1st Quartile": 0.004258693973971325, "3rd Quartile": 0.01301861150019934, "Standard Deviation": 0.007701292117429201}}}, {"Industry Risk": {"Comparison": "Cluster elements in upper half", "Credit Rating Statistics": {"Mean": 0.09999999999999999, "Median": 0.0, "1st Quartile": 0.0, "3rd Quartile": 0.3, "Standard Deviation": 0.148804761828569}, "Cluster Statistics": {"Mean": 0.07692307692307693, "Median": 0.0, "1st Quartile": 0.0, "3rd Quartile": 0.15000000000000002, "Standard Deviation": 0.12802551520840952}}}, {"Country Risk": {"Comparison": "Cluster elements in lowest 25%", "Credit Rating Statistics": {"Mean": 0.2857672221864641, "Median": 0.2894834982447783, "1st Quartile": 0.2894834982447783, "3rd Quartile": 0.2894834982447783, "Standard Deviation": 0.015636881345687803}, "Cluster Statistics": {"Mean": 0.2862252518000114, "Median": 0.2894834982447783, "1st Quartile": 0.2894834982447783, "3rd Quartile": 0.2894834982447783, "Standard Deviation": 0.015911933463554292}}}, {"Country Diversification": {"Comparison": "Cluster elements in highest 75%", "Credit Rating Statistics": {"Mean": 0.03223240187005644, "Median": 0.0, "1st Quartile": 0.0, "3rd Quartile": 0.0, "Standard Deviation": 0.09021658399579068}, "Cluster Statistics": {"Mean": 0.009106713397811187, "Median": 0.0, "1st Quartile": 0.0, "3rd Quartile": 0.0, "Standard Deviation": 0.03574834896290361}}}], "RATING BBB+": [{"Leverage": {"Comparison": "Cluster elements in upper half", "Credit Rating Statistics": {"Mean": 0.3118316855054249, "Median": 0.31529546044442947, "1st Quartile": 0.295126084891726, "3rd Quartile": 0.33322124085630755, "Standard Deviation": 0.03699330148430497}, "Cluster Statistics": {"Mean": 0.31967790693488507, "Median": 0.316211234105051, "1st Quartile": 0.30597815783380666, "3rd Quartile": 0.34128084751189247, "Standard Deviation": 0.02893396729390069}}}, {"Financial Statement Lines": {"Comparison": "Cluster elements in upper half", "Credit Rating Statistics": {"Mean": 0.021318745800159227, "Median": 0.014713956018704469, "1st Quartile": 0.007581766669996581, "3rd Quartile": 0.028373510190912124, "Standard Deviation": 0.01970194618677376}, "Cluster Statistics": {"Mean": 0.018181064717194658, "Median": 0.011043824927505178, "1st Quartile": 0.006582021540978701, "3rd Quartile": 0.022591635282832534, "Standard Deviation": 0.01746889182217129}}}, {"Industry Risk": {"Comparison": "Cluster elements in upper half",