{"Algorithm Parameters": {"Eps": 0.1, "MinPts": 30, "K": 1}, "Algorithm Performance": {"Silhouette Score": 0.285}, "Clusters Content Analysis": {"Predictive Power": {"Global": {"Metrics": {"Class: Upgrade": "No element of this class", "Class: Downgrade": "No element of this class"}, "Confusion Matrix": {"predicted_down_AND_was_down": 0, "predicted_up_AND_was_up": 0, "predicted_no_change_AND_was_no_change": 0, "predicted_down_BUT_was_up": 0, "predicted_down_BUT_was_no_change": 97, "predicted_no_change_BUT_was_up": 0, "predicted_no_change_BUT_was_down": 0, "predicted_up_BUT_was_down": 0, "predicted_up_BUT_was_no_change": 43}}, "Restricted to jumps to or from below B-": {"Metrics": {"Class: Upgrade": "No element of this class", "Class: Downgrade": "No element of this class"}, "Confusion Matrix": {"predicted_down_AND_was_down": 0, "predicted_up_AND_was_up": 0, "predicted_no_change_AND_was_no_change": 0, "predicted_down_BUT_was_up": 0, "predicted_down_BUT_was_no_change": 97, "predicted_no_change_BUT_was_up": 0, "predicted_no_change_BUT_was_down": 0, "predicted_up_BUT_was_down": 0, "predicted_up_BUT_was_no_change": 43}}}, "Share of total companies in each clusters": [0.7, 0.3, {"SUM": 1.0}], "Clusters with significant ranges (count)": 2, "Significant Clusters (count)": 1, "Cluster Credit Ratings Shares": [{"AA-": 0.02040816326530612, "A": 0.030612244897959183, "A-": 0.17346938775510204, "BBB+": 0.25510204081632654, "BBB": 0.20408163265306123, "BBB-": 0.07142857142857142, "BB-": 0.030612244897959183, "A+": 0.01020408163265306, "BB+": 0.02040816326530612, "BB": 0.12244897959183673, "B+": 0.01020408163265306, "B": 0.02040816326530612, "B-": 0.01020408163265306, "CCC": 0.01020408163265306, "CC": 0.01020408163265306}, {"A": 0.023809523809523808, "A-": 0.2619047619047619, "BBB+": 0.40476190476190477, "BBB": 0.14285714285714285, "BBB-": 0.047619047619047616, "BB+": 0.023809523809523808, "BB": 0.047619047619047616, "CCC": 0.023809523809523808, "B+": 0.023809523809523808}], "Share of total companies with given credit rating in each cluter": [{"AA-": 1.0, "A": 0.75, "A-": 0.6071428571428571, "BBB+": 0.5952380952380952, "BBB": 0.7692307692307693, "BBB-": 0.7777777777777778, "BB-": 1.0, "A+": 1.0, "BB+": 0.6666666666666666, "BB": 0.8571428571428571, "B+": 0.5, "B": 1.0, "B-": 1.0, "CCC": 0.5, "CC": 1.0}, {"A": 0.25, "A-": 0.39285714285714285, "BBB+": 0.40476190476190477, "BBB": 0.23076923076923078, "BBB-": 0.2222222222222222, "BB+": 0.3333333333333333, "BB": 0.14285714285714285, "CCC": 0.5, "B+": 0.5}], "Cluster ranges": [16.0, 12.0], "Cluster metrics of location and dispersion": [{"Mean": 9.214285714285714, "Median": 9.0, "1st Quartile": 8.0, "3rd Quartile": 10.0, "Standard Deviation": 2.6735667531732714, "Is Signficant": true}, {"Mean": 8.571428571428571, "Median": 8.0, "1st Quartile": 7.0, "3rd Quartile": 9.0, "Standard Deviation": 2.1396801846343783, "Is Signficant": false}], "Cluster entropies": [3.0412134725768896, 2.367308110621785], "Maximum entropy": 3.0412134725768896, "Weighted average entropy": 2.8390418639903583, "Incoherencies explanations": {"CLUSTER 0": {"RATING BBB+": [{"Leverage": {"Comparison": "Cluster elements in lower half", "Credit Rating Statistics": {"Mean": 0.3118316855054249, "Median": 0.31529546044442947, "1st Quartile": 0.295126084891726, "3rd Quartile": 0.33322124085630755, "Standard Deviation": 0.03699330148430497}, "Cluster Statistics": {"Mean": 0.31180966184602593, "Median": 0.3162537406060973, "1st Quartile": 0.2943974826575516, "3rd Quartile": 0.3454502931969222, "Standard Deviation": 0.04530135777931081}}}, {"Financial Statement Lines": {"Comparison": "Cluster elements in upper half", "Credit Rating Statistics": {"Mean": 0.021318745800159227, "Median": 0.014713956018704469, "1st Quartile": 0.007581766669996581, "3rd Quartile": 0.028373510190912124, "Standard Deviation": 0.01970194618677376}, "Cluster Statistics": {"Mean": 0.027506648239761754, "Median": 0.01949569201857426, "1st Quartile": 0.011698255263584829, "3rd Quartile": 0.032547656787474954, "Standard Deviation": 0.022074744785908967}}}, {"Industry Risk": {"Comparison": "Cluster elements in upper half", "Credit Rating Statistics": {"Mean": 0.1380952380952381, "Median": 0.05, "1st Quartile": 0.0, "3rd Quartile": 0.3, "Standard Deviation": 0.1479259482572292}, "Cluster Statistics": {"Mean": 0.23199999999999998, "Median": 0.3, "1st Quartile": 0.2, "3rd Quartile": 0.3, "Standard Deviation": 0.12237646832622684}}}, {"Country Risk": {"Comparison": "Cluster elements in lowest 25%", "Credit Rating Statistics": {"Mean": 0.2809239216126028, "Median": 0.2894834982447783, "1st Quartile": 0.2894834982447783, "3rd Quartile": 0.2894834982447783, "Standard Deviation": 0.031151631406605554}, "Cluster Statistics": {"Mean": 0.28099659280717726, "Median": 0.2894834982447783, "1st Quartile": 0.2894834982447783, "3rd Quartile": 0.2894834982447783, "Standard Deviation": 0.03303300410681084}}}, {"Country Diversification": {"Comparison": "Cluster elements in highest 75%", "Credit Rating Statistics": {"Mean": 0.07747530552111752, "Median": 0.0, "1st Quartile": 0.0, "3rd Quartile": 0.0, "Standard Deviation": 0.17166354146416396}, "Cluster Statistics": {"Mean": 0.130054603460595, "Median": 0.0, "1st Quartile": 0.0, "3rd Quartile": 0.22613731786612848, "Standard Deviation": 0.20658282802771918}}}], "RATING BBB": [{"Leverage": {"Comparison": "Cluster elements in lower half", "Credit Rating Statistics": {"Mean": 0.25611807657485325, "Median": 0.27954085524929984, "1st Quartile": 0.20937675798387026, "3rd Quartile": 0.3066972420122668, "Standard Deviation": 0.08352939835268075}, "Cluster Statistics": {"Mean": 0.2470077892040996, "Median": 0.25787256444890094, "1st Quartile": 0.17131893292876757, "3rd Quartile": 0.3054910027271355, "Standard Deviation": 0.09182982409236165}}}, {"Financial Statement Lines": {"Comparison": "Cluster elements in highest 75%", "Credit Rating Statistics": {"Mean": 0.023210345293442944, "Median": 0.009302992291221668, "1st Quartile": 0.004655534975830147, "3rd Quartile": 0.012035304428878972, "Standard Deviation": 0.048423164225940535}, "Cluster Statistics": {"Mean": 0.02865287759659712, "Median": 0.010632088708137605, "1st Quartile": 0.0074810322511939635, "3rd Quartile": 0.015483614455387637, "Standard Deviation": 0.05400472991570672}}}, {"Industry Diversification": {"Comparison": "Cluster elements in upper half", "Credit Rating Statistics": {"Mean": 0.28589751518659406, "Median": 0.28218101220844943, "1st Quartile": 0.029585542112374602, "3rd Quartile": 0.43526794423579973, "Standard Deviation": 0.23063211891328322}, "Cluster Statistics": {"Mean": 0.3716667697425723, "Median": 0.3635656895776609, "1st Quartile": 0.24777437258744042, "3rd Quartile": 0.4954930963806485, "Standard Deviation": 0.19305684337187126}}}]}, "CLUSTER 1": {"RATING A-": [{"Leverage": {"Comparison": "Cluster elements in lower half", "Credit Rating Statistics": {"Mean": 0.30383730746415594, "Median": 0.30088548454813197, "1st Quartile": 0.2828364726889406, "3rd Quartile": 0.31585364901512913, "Standard Deviation": 0.03472496083932061}, "Cluster Statistics": {"Mean": 0.2937553074235482, "Median": 0.28569695277763046, "1st Quartile": 0.27547320073245574, "3rd Quartile": 0.3090054980424838, "Standard Deviation": 0.02273140939683295}}}, {"Financial Statement Lines": {"Comparison": "Cluster elements in lower half", "Credit Rating Statistics": {"Mean": 0.021530676190909027, "Median": 0.009743645747085762, "1st Quartile": 0.004748505800474594, "3rd Quartile": 0.014812066754223824, "Standard Deviation": 0.05765472628576028}, "Cluster Statistics": {"Mean": 0.007467484874524519, "Median": 0.005162276696297182, "1st Quartile": 0.003924838758059471, "3rd Quartile": 0.008721517011462844, "Standard Deviation": 0.005158184636889002}}}, {"Industry Risk": {"Comparison": "Cluster elements in lowest 25%", "Credit Rating Statistics": {"Mean": 0.09999999999999999, "Median": 0.0, "1st Quartile": 0.0, "3rd Quartile": 0.3,