{"Algorithm Parameters": {"Threshold Value": 0.1, "Braching Factor": 22, "K": 2}, "Algorithm Performance": {"Calinski Harabasz Index": 43.15396573650397}, "Clusters Content Analysis": {"Predictive Power": {"Global": {"Metrics": {"Class: Upgrade": "No element of this class", "Class: Downgrade": "No element of this class"}, "Confusion Matrix": {"predicted_down_AND_was_down": 0, "predicted_up_AND_was_up": 0, "predicted_no_change_AND_was_no_change": 3, "predicted_down_BUT_was_up": 0, "predicted_down_BUT_was_no_change": 38, "predicted_no_change_BUT_was_up": 0, "predicted_no_change_BUT_was_down": 0, "predicted_up_BUT_was_down": 0, "predicted_up_BUT_was_no_change": 48}}, "Restricted to jumps to or from below B-": {"Metrics": {"Class: Upgrade": "No element of this class", "Class: Downgrade": "No element of this class"}, "Confusion Matrix": {"predicted_down_AND_was_down": 0, "predicted_up_AND_was_up": 0, "predicted_no_change_AND_was_no_change": 3, "predicted_down_BUT_was_up": 0, "predicted_down_BUT_was_no_change": 38, "predicted_no_change_BUT_was_up": 0, "predicted_no_change_BUT_was_down": 0, "predicted_up_BUT_was_down": 0, "predicted_up_BUT_was_no_change": 48}}}, "Share of total companies in each clusters": [0.4606741573033708, 0.5393258426966292, {"SUM": 1.0}], "Clusters with significant ranges (count)": 2, "Significant Clusters (count)": 2, "Cluster Credit Ratings Shares": [{"A": 0.04878048780487805, "BBB+": 0.14634146341463414, "BBB-": 0.12195121951219512, "B+": 0.17073170731707318, "AA-": 0.07317073170731707, "A+": 0.024390243902439025, "A-": 0.04878048780487805, "BBB": 0.024390243902439025, "BB+": 0.0975609756097561, "BB": 0.04878048780487805, "BB-": 0.024390243902439025, "B": 0.0975609756097561, "CCC": 0.07317073170731707}, {"A-": 0.0625, "BBB-": 0.125, "B+": 0.16666666666666666, "AA": 0.020833333333333332, "AA-": 0.020833333333333332, "BBB+": 0.041666666666666664, "BBB": 0.08333333333333333, "BB+": 0.020833333333333332, "BB": 0.0625, "BB-": 0.125, "B": 0.1875, "B-": 0.08333333333333333}], "Share of total companies with given credit rating in each cluter": [{"A": 1.0, "BBB+": 0.75, "BBB-": 0.45454545454545453, "B+": 0.4666666666666667, "AA-": 0.75, "A+": 1.0, "A-": 0.4, "BBB": 0.2, "BB+": 0.8, "BB": 0.4, "BB-": 0.14285714285714285, "B": 0.3076923076923077, "CCC": 1.0}, {"A-": 0.6, "BBB-": 0.5454545454545454, "B+": 0.5333333333333333, "AA": 1.0, "AA-": 0.25, "BBB+": 0.25, "BBB": 0.8, "BB+": 0.2, "BB": 0.6, "BB-": 0.8571428571428571, "B": 0.6923076923076923, "B-": 1.0}], "Cluster ranges": [14.0, 13.0], "Cluster metrics of location and dispersion": [{"Mean": 10.804878048780488, "Median": 11.0, "1st Quartile": 8.0, "3rd Quartile": 14.0, "Standard Deviation": 3.8459323598881996, "Is Signficant": true}, {"Mean": 12.0, "Median": 13.0, "1st Quartile": 10.0, "3rd Quartile": 15.0, "Standard Deviation": 3.2145502536643185, "Is Signficant": true}], "Cluster entropies": [3.4482672500450615, 3.271240625180289], "Maximum entropy": 3.4482672500450615, "Weighted average entropy": 3.352792216410128, "Incoherencies explanations": {"CLUSTER 0": {}, "CLUSTER 1": {}}}}