{"Algorithm Parameters": {"Eps": 0.1, "MinPts": 25, "K": 2}, "Algorithm Performance": {"Calinski Harabasz Index": 246.314}, "Clusters Content Analysis": {"Predictive Power": {"Global": {"Metrics": {"Class: Upgrade": {"Accuracy": 0.6896551724137931, "Precision": 0.7608695652173914, "Recall": 0.9090909090909091, "F1-Score": 0.8284023668639053}, "Class: Downgrade": {"Accuracy": 0.8823529411764706, "Precision": 0.7608695652173914, "Recall": 0.625, "F1-Score": 0.6862745098039216}}, "Confusion Matrix": {"predicted_down_AND_was_down": 15, "predicted_up_AND_was_up": 20, "predicted_no_change_AND_was_no_change": 0, "predicted_down_BUT_was_up": 2, "predicted_down_BUT_was_no_change": 761, "predicted_no_change_BUT_was_up": 0, "predicted_no_change_BUT_was_down": 0, "predicted_up_BUT_was_down": 9, "predicted_up_BUT_was_no_change": 534}}, "Restricted to jumps to or from below B-": {"Metrics": {"Class: Upgrade": "No element of this class", "Class: Downgrade": "No element of this class"}, "Confusion Matrix": {"predicted_down_AND_was_down": 0, "predicted_up_AND_was_up": 0, "predicted_no_change_AND_was_no_change": 0, "predicted_down_BUT_was_up": 0, "predicted_down_BUT_was_no_change": 778, "predicted_no_change_BUT_was_up": 0, "predicted_no_change_BUT_was_down": 0, "predicted_up_BUT_was_down": 0, "predicted_up_BUT_was_no_change": 563}}}, "Share of total companies in each clusters": [0.4153616703952274, 0.5167785234899329, 0.06785980611483967, {"SUM": 1.0}], "Clusters with significant ranges (count)": 3, "Significant Clusters (count)": 3, "Cluster Credit Ratings Shares": [{"AAA": 0.003590664272890485, "AA+": 0.005385996409335727, "AA": 0.012567324955116697, "AA-": 0.010771992818671455, "A+": 0.02333931777378815, "A": 0.04847396768402154, "A-": 0.12567324955116696, "BBB+": 0.14183123877917414, "BBB": 0.15080789946140036, "BBB-": 0.05745062836624776, "BB+": 0.06642728904847396, "BB": 0.07899461400359066, "BB-": 0.08797127468581688, "B+": 0.0718132854578097, "B": 0.059245960502693, "B-": 0.026929982046678635, "CCC+": 0.01436265709156194, "CCC": 0.005385996409335727, "CCC-": 0.003590664272890485, "CC": 0.003590664272890485, "D": 0.0017953321364452424}, {"AA+": 0.002886002886002886, "AA": 0.007215007215007215, "AA-": 0.01875901875901876, "A+": 0.03463203463203463, "A": 0.047619047619047616, "A-": 0.09523809523809523, "BBB+": 0.11976911976911978, "BBB": 0.1414141414141414, "BBB-": 0.11832611832611832, "BB+": 0.08225108225108226, "BB": 0.09235209235209235, "BB-": 0.06782106782106782, "B+": 0.06926406926406926, "B": 0.04184704184704185, "B-": 0.024531024531024532, "CCC+": 0.01875901875901876, "AAA": 0.002886002886002886, "CCC": 0.004329004329004329, "CCC-": 0.005772005772005772, "CC": 0.001443001443001443, "D": 0.002886002886002886}, {"AA+": 0.02197802197802198, "AA-": 0.01098901098901099, "A+": 0.01098901098901099, "A": 0.06593406593406594, "A-": 0.10989010989010989, "BBB+": 0.0989010989010989, "BBB": 0.1978021978021978, "BBB-": 0.17582417582417584, "BB+": 0.06593406593406594, "BB": 0.0989010989010989, "BB-": 0.04395604395604396, "B+": 0.06593406593406594, "B": 0.01098901098901099, "B-": 0.02197802197802198}], "Share of total companies with given credit rating in each cluter": [{"AAA": 0.5, "AA+": 0.42857142857142855, "AA": 0.5833333333333334, "AA-": 0.3, "A+": 0.34210526315789475, "A": 0.4090909090909091, "A-": 0.4794520547945205, "BBB+": 0.4619883040935672, "BBB": 0.42, "BBB-": 0.24615384615384617, "BB+": 0.37, "BB": 0.37606837606837606, "BB-": 0.49, "B+": 0.425531914893617, "B": 0.5238095238095238, "B-": 0.4411764705882353, "CCC+": 0.38095238095238093, "CCC": 0.5, "CCC-": 0.3333333333333333, "CC": 0.6666666666666666, "D": 0.3333333333333333}, {"AA+": 0.2857142857142857, "AA": 0.4166666666666667, "AA-": 0.65, "A+": 0.631578947368421, "A": 0.5, "A-": 0.4520547945205479, "BBB+": 0.4853801169590643, "BBB": 0.49, "BBB-": 0.6307692307692307, "BB+": 0.57, "BB": 0.5470085470085471, "BB-": 0.47, "B+": 0.5106382978723404, "B": 0.4603174603174603, "B-": 0.5, "CCC+": 0.6190476190476191, "AAA": 0.5, "CCC": 0.5, "CCC-": 0.6666666666666666, "CC": 0.3333333333333333, "D": 0.6666666666666666}, {"AA+": 0.2857142857142857, "AA-": 0.05, "A+": 0.02631578947368421, "A": 0.09090909090909091, "A-": 0.0684931506849315, "BBB+": 0.05263157894736842, "BBB": 0.09, "BBB-": 0.12307692307692308, "BB+": 0.06, "BB": 0.07692307692307693, "BB-": 0.04, "B+": 0.06382978723404255, "B": 0.015873015873015872, "B-": 0.058823529411764705}], "Cluster ranges": [21.0, 21.0, 14.0], "Cluster metrics of location and dispersion": [{"Mean": 10.11669658886894, "Median": 9.0, "1st Quartile": 8.0, "3rd Quartile": 13.0, "Standard Deviation": 3.40065859122637, "Is Signficant": true}, {"Mean": 10.128427128427129, "Median": 10.0, "1st Quartile": 8.0, "3rd Quartile": 12.0, "Standard Deviation": 3.295361641547986, "Is Signficant": true}, {"Mean": 9.56043956043956, "Median": 9.0, "1st Quartile": 8.0, "3rd Quartile": 11.0, "Standard Deviation": 2.738447427335629, "Is Signficant": true}], "Cluster entropies": [3.6974888064939493, 3.7272077839602415, 3.344433035651689], "Maximum entropy": 3.7272077839602415, "Weighted average entropy": 3.6888886396315295, "Incoherencies explanations": {"CLUSTER 0": {}, "CLUSTER 1": {}, "CLUSTER 2": {}}}}