{"Algorithm Parameters": {"C": 7}, "Algorithm Performance": {"WCSS": 35.17528047651476, "Silhouette Score": 0.3054671462996816, "Calinski Harabasz Index": 748.0949020180441}, "Clusters Content Analysis": {"Predictive Power": {"Global": {"Metrics": {"Class: Upgrade": {"Accuracy": 0.6666666666666666, "Precision": 0.7391304347826086, "Recall": 0.9090909090909091, "F1-Score": 0.8153477218225419}, "Class: Downgrade": {"Accuracy": 0.875, "Precision": 0.7391304347826086, "Recall": 0.5833333333333334, "F1-Score": 0.6520547945205479}}, "Confusion Matrix": {"predicted_down_AND_was_down": 14, "predicted_up_AND_was_up": 20, "predicted_no_change_AND_was_no_change": 0, "predicted_down_BUT_was_up": 2, "predicted_down_BUT_was_no_change": 739, "predicted_no_change_BUT_was_up": 0, "predicted_no_change_BUT_was_down": 0, "predicted_up_BUT_was_down": 10, "predicted_up_BUT_was_no_change": 556}}, "Restricted to jumps to or from below B-": {"Metrics": {"Class: Upgrade": "No element of this class", "Class: Downgrade": "No element of this class"}, "Confusion Matrix": {"predicted_down_AND_was_down": 0, "predicted_up_AND_was_up": 0, "predicted_no_change_AND_was_no_change": 0, "predicted_down_BUT_was_up": 0, "predicted_down_BUT_was_no_change": 755, "predicted_no_change_BUT_was_up": 0, "predicted_no_change_BUT_was_down": 0, "predicted_up_BUT_was_down": 0, "predicted_up_BUT_was_no_change": 586}}}, "Share of total companies in each clusters": [0.28635346756152125, 0.1476510067114094, 0.10141685309470544, 0.1267710663683818, 0.10887397464578673, 0.11782252050708426, 0.1111111111111111, {"SUM": 1.0}], "Clusters with significant ranges (count)": 7, "Significant Clusters (count)": 6, "Cluster Credit Ratings Shares": [{"AAA": 0.005208333333333333, "AA+": 0.005208333333333333, "AA": 0.013020833333333334, "AA-": 0.010416666666666666, "A+": 0.036458333333333336, "A": 0.052083333333333336, "A-": 0.1328125, "BBB+": 0.140625, "BBB": 0.13541666666666666, "BBB-": 0.044270833333333336, "BB+": 0.0625, "BB": 0.08333333333333333, "BB-": 0.078125, "B+": 0.07291666666666667, "B": 0.0546875, "B-": 0.0390625, "CCC": 0.005208333333333333, "CCC-": 0.0078125, "CCC+": 0.015625, "CC": 0.0026041666666666665, "D": 0.0026041666666666665}, {"AA+": 0.005050505050505051, "AA-": 0.005050505050505051, "A+": 0.020202020202020204, "A": 0.05555555555555555, "A-": 0.09595959595959595, "BBB+": 0.1111111111111111, "BBB": 0.11616161616161616, "BBB-": 0.08080808080808081, "BB+": 0.06565656565656566, "BB": 0.12626262626262627, "BB-": 0.1111111111111111, "B+": 0.09090909090909091, "B": 0.06060606060606061, "CCC+": 0.015151515151515152, "CC": 0.005050505050505051, "D": 0.005050505050505051, "AA": 0.005050505050505051, "B-": 0.020202020202020204, "CCC": 0.005050505050505051}, {"AA+": 0.007352941176470588, "AA": 0.007352941176470588, "AA-": 0.007352941176470588, "A+": 0.029411764705882353, "A": 0.04411764705882353, "A-": 0.125, "BBB+": 0.13970588235294118, "BBB": 0.13970588235294118, "BBB-": 0.11029411764705882, "BB+": 0.04411764705882353, "BB-": 0.0661764705882353, "B+": 0.07352941176470588, "B": 0.08088235294117647, "BB": 0.07352941176470588, "B-": 0.022058823529411766, "CCC+": 0.014705882352941176, "CCC-": 0.014705882352941176}, {"AA": 0.011764705882352941, "A-": 0.09411764705882353, "BBB": 0.18235294117647058, "BBB-": 0.14705882352941177, "BB-": 0.07058823529411765, "B+": 0.058823529411764705, "B-": 0.01764705882352941, "AAA": 0.0058823529411764705, "AA+": 0.0058823529411764705, "AA-": 0.011764705882352941, "A+": 0.01764705882352941, "A": 0.03529411764705882, "BBB+": 0.12352941176470589, "BB+": 0.1, "BB": 0.08235294117647059, "B": 0.01764705882352941, "CCC": 0.0058823529411764705, "CCC-": 0.0058823529411764705, "D": 0.0058823529411764705}, {"AA-": 0.0547945205479452, "BBB+": 0.17123287671232876, "BBB": 0.18493150684931506, "BB+": 0.0821917808219178, "B+": 0.0410958904109589, "B": 0.0136986301369863, "AA+": 0.00684931506849315, "AA": 0.00684931506849315, "A+": 0.02054794520547945, "A": 0.0684931506849315, "A-": 0.1232876712328767, "BBB-": 0.0958904109589041, "BB": 0.0684931506849315, "BB-": 0.03424657534246575, "CCC+": 0.0136986301369863, "CCC": 0.0136986301369863}, {"A+": 0.0379746835443038, "A-": 0.06962025316455696, "BBB": 0.14556962025316456, "BBB-": 0.08227848101265822, "BB+": 0.10126582278481013, "BB": 0.0759493670886076, "BB-": 0.10126582278481013, "B+": 0.11392405063291139, "B": 0.06329113924050633, "B-": 0.012658227848101266, "AA+": 0.006329113924050633, "AA": 0.006329113924050633, "AA-": 0.02531645569620253, "A": 0.04430379746835443, "BBB+": 0.0949367088607595, "CCC+": 0.0189873417721519}, {"A-": 0.09395973154362416, "BBB+": 0.10067114093959731, "BBB-": 0.20134228187919462, "BB+": 0.08053691275167785, "B": 0.026845637583892617, "CCC+": 0.03355704697986577, "AAA": 0.006711409395973154, "AA": 0.006711409395973154, "A+": 0.026845637583892617, "A": 0.040268456375838924, "BBB": 0.16778523489932887, "BB": 0.09395973154362416, "BB-": 0.040268456375838924, "B+": 0.026845637583892617, "B-": 0.04697986577181208, "CC": 0.006711409395973154}], "Share of total companies with given credit rating in each cluter": [{"AAA": 0.5, "AA+": 0.2857142857142857, "AA": 0.4166666666666667, "AA-": 0.2, "A+": 0.3684210526315789, "A": 0.30303030303030304, "A-": 0.3493150684931507, "BBB+": 0.3157894736842105, "BBB": 0.26, "BBB-": 0.13076923076923078, "BB+": 0.24, "BB": 0.27350427350427353, "BB-": 0.3, "B+": 0.2978723404255319, "B": 0.3333333333333333, "B-": 0.4411764705882353, "CCC": 0.3333333333333333, "CCC-": 0.5, "CCC+": 0.2857142857142857, "CC": 0.3333333333333333, "D": 0.3333333333333333}, {"AA+": 0.14285714285714285, "AA-": 0.05, "A+": 0.10526315789473684, "A": 0.16666666666666666, "A-": 0.13013698630136986, "BBB+": 0.1286549707602339, "BBB": 0.115, "BBB-": 0.12307692307692308, "BB+": 0.13, "BB": 0.21367521367521367, "BB-": 0.22, "B+": 0.19148936170212766, "B": 0.19047619047619047, "CCC+": 0.14285714285714285, "CC": 0.3333333333333333, "D": 0.3333333333333333, "AA": 0.08333333333333333, "B-": 0.11764705882352941, "CCC": 0.16666666666666666}, {"AA+": 0.14285714285714285, "AA": 0.08333333333333333, "AA-": 0.05, "A+": 0.10526315789473684, "A": 0.09090909090909091, "A-": 0.11643835616438356, "BBB+": 0.1111111111111111, "BBB": 0.095, "BBB-": 0.11538461538461539, "BB+": 0.06, "BB-": 0.09, "B+": 0.10638297872340426, "B": 0.1746031746031746, "BB": 0.08547008547008547, "B-": 0.08823529411764706, "CCC+": 0.09523809523809523, "CCC-": 0.3333333333333333}, {"AA": 0.16666666666666666, "A-": 0.1095890410958904, "BBB": 0.155, "BBB-": 0.19230769230769232, "BB-": 0.12, "B+": 0.10638297872340426, "B-": 0.08823529411764706, "AAA": 0.25, "AA+": 0.14285714285714285, "AA-": 0.1, "A+": 0.07894736842105263, "A": 0.09090909090909091, "BBB+": 0.12280701754385964, "BB+": 0.17, "BB": 0.11965811965811966, "B": 0.047619047619047616, "CCC": 0.16666666666666666, "CCC-": 0.16666666666666666, "D": 0.3333333333333333}, {"AA-": 0.4, "BBB+": 0.14619883040935672, "BBB": 0.135, "BB+": 0.12, "B+": 0.06382978723404255, "B": 0.031746031746031744, "AA+": 0.14285714285714285, "AA": 0.08333333333333333, "A+": 0.07894736842105263, "A": 0.15151515151515152, "A-": 0.1232876712328767, "BBB-": 0.1076923076923077, "BB": 0.08547008547008547, "BB-": 0.05, "CCC+": 0.09523809523809523, "CCC": 0.3333333333333333}, {"A+": 0.15789473684210525, "A-": 0.07534246575342465, "BBB": 0.115, "BBB-": 0.1, "BB+": 0.16, "BB": 0.10256410256410256, "BB-": 0.16, "B+": 0.19148936170212766, "B": 0.15873015873015872, "B-": 0.058823529411764705, "AA+": 0.14285714285714285, "AA": 0.08333333333333333, "AA-": 0.2, "A": 0.10606060606060606, "BBB+": 0.08771929824561403, "CCC+": 0.14285714285714285}, {"A-": 0.0958904109589041, "BBB+": 0.08771929824561403, "BBB-": 0.23076923076923078, "BB+": 0.12, "B": 0.06349206349206349, "CCC+": 0.23809523809523808, "AAA": 0.25, "AA": 0.08333333333333333, "A+": 0.10526315789473684, "A": 0.09090909090909091, "BBB": 0.125, "BB": 0.11965811965811966, "BB-": 0.06,