{"Algorithm Parameters": {"Threshold Value": 10.1, "Braching Factor": 67, "K": 12}, "Algorithm Performance": {"Silhouette Score": 0.5428996723268129}, "Clusters Content Analysis": {"Clusters with significant ranges (count)": 1, "Significant Clusters (count)": 1, "Cluster Credit Ratings Counts": [{"1.0": 9, "2.0": 15, "3.0": 19, "4.0": 32, "5.0": 69, "6.0": 91, "7.0": 182, "8.0": 201, "9.0": 305, "10.0": 181, "11.0": 113, "12.0": 129, "13.0": 116, "14.0": 107, "15.0": 67, "16.0": 2089, "17.0": 26, "18.0": 4, "20.0": 3}], "Cluster ranges": [19.0], "Cluster metrics of location and dispersion": [{"Mean": 13.132517296434273, "Median": 16.0, "1st Quartile": 10.0, "3rd Quartile": 16.0, "Standard Deviation": 3.822777258438674, "Is Signficant": true}], "Cluster entropies": [2.5908956664038882], "Maximum entropy": 2.5908956664038882, "Weighted average entropy": 2.5908956664038882, "Incoherencies explanations": {"CLUSTER 0": {"RATING 16.0": [{"1": {"Comparison": "Cluster elements in highest 75%", "Credit Rating Statistics": {"Mean": -0.533021015467971, "Median": -0.5548412631903294, "1st Quartile": -0.5548412631903294, "3rd Quartile": -0.5548412631903294, "Standard Deviation": 0.5085639639045677}, "Cluster Statistics": {"Mean": -0.533021015467971, "Median": -0.5548412631903294, "1st Quartile": -0.5548412631903294, "3rd Quartile": -0.5548412631903294, "Standard Deviation": 0.5085639639045677}}}, {"5": {"Comparison": "Cluster elements in lowest 25%", "Credit Rating Statistics": {"Mean": -0.09632034001777638, "Median": -0.09093536978636121, "1st Quartile": -0.09093536978636121, "3rd Quartile": -0.09093536978636121, "Standard Deviation": 0.3215651786662148}, "Cluster Statistics": {"Mean": -0.09632034001777638, "Median": -0.09093536978636121, "1st Quartile": -0.09093536978636121, "3rd Quartile": -0.09093536978636121, "Standard Deviation": 0.3215651786662148}}}, {"6": {"Comparison": "Cluster elements in highest 75%", "Credit Rating Statistics": {"Mean": -0.16961176168983527, "Median": -0.18084564465884329, "1st Quartile": -0.18084564465884329, "3rd Quartile": -0.18084564465884329, "Standard Deviation": 0.20008802831105904}, "Cluster Statistics": {"Mean": -0.16961176168983527, "Median": -0.18084564465884329, "1st Quartile": -0.18084564465884329, "3rd Quartile": -0.18084564465884329, "Standard Deviation": 0.20008802831105904}}}, {"7": {"Comparison": "Cluster elements in highest 75%", "Credit Rating Statistics": {"Mean": -0.02308011525608585, "Median": -0.028912016718849916, "1st Quartile": -0.028912016718849916, "3rd Quartile": -0.028912016718849916, "Standard Deviation": 0.1876596128618831}, "Cluster Statistics": {"Mean": -0.02308011525608585, "Median": -0.028912016718849916, "1st Quartile": -0.028912016718849916, "3rd Quartile": -0.028912016718849916, "Standard Deviation": 0.1876596128618831}}}, {"10": {"Comparison": "Cluster elements in highest 75%", "Credit Rating Statistics": {"Mean": 0.010273082047080832, "Median": -0.002439231831901369, "1st Quartile": -0.002439231831901369, "3rd Quartile": -0.002439231831901369, "Standard Deviation": 0.3223445816581981}, "Cluster Statistics": {"Mean": 0.010273082047080832, "Median": -0.002439231831901369, "1st Quartile": -0.002439231831901369, "3rd Quartile": -0.002439231831901369, "Standard Deviation": 0.3223445816581981}}}]}}}}