{"Algorithm Parameters": {"C": 19}, "Algorithm Performance": {"WCSS": 44518.400209660205, "Silhouette Score": 0.5323157823458894, "Calinski Harabasz Index": 329.25290103448594}, "Clusters Content Analysis": {"Predictive Power": {"Global": {"Metrics": {"Class: Upgrade": {"Accuracy": 0.6470588235294118, "Precision": 0.75, "Recall": 0.9166666666666666, "F1-Score": 0.8250000000000001}, "Class: Downgrade": {"Accuracy": 0.9090909090909091, "Precision": 0.75, "Recall": 0.625, "F1-Score": 0.6818181818181818}}, "Confusion Matrix": {"predicted_down_AND_was_down": 10, "predicted_up_AND_was_up": 11, "predicted_no_change_AND_was_no_change": 0, "predicted_down_BUT_was_up": 1, "predicted_down_BUT_was_no_change": 909, "predicted_no_change_BUT_was_up": 0, "predicted_no_change_BUT_was_down": 0, "predicted_up_BUT_was_down": 6, "predicted_up_BUT_was_no_change": 2821}}, "Restricted to jumps to or from below B-": {"Metrics": {"Class: Upgrade": "No element of this class", "Class: Downgrade": "No element of this class"}, "Confusion Matrix": {"predicted_down_AND_was_down": 0, "predicted_up_AND_was_up": 0, "predicted_no_change_AND_was_no_change": 0, "predicted_down_BUT_was_up": 0, "predicted_down_BUT_was_no_change": 920, "predicted_no_change_BUT_was_up": 0, "predicted_no_change_BUT_was_down": 0, "predicted_up_BUT_was_down": 0, "predicted_up_BUT_was_no_change": 2838}}}, "Share of total companies in each clusters": [0.13970196913251728, 0.5601383714741884, 0.09925492283129324, 0.03113358169238957, 0.05694518360830229, 0.04310803618946248, 0.06971793507184673, {"SUM": 1.0}], "Clusters with significant ranges (count)": 7, "Significant Clusters (count)": 5, "Cluster Credit Ratings Shares": [{"1.0": 0.011428571428571429, "2.0": 0.011428571428571429, "3.0": 0.017142857142857144, "4.0": 0.02095238095238095, "5.0": 0.05333333333333334, "6.0": 0.05142857142857143, "7.0": 0.08761904761904762, "8.0": 0.08761904761904762, "9.0": 0.14285714285714285, "10.0": 0.15047619047619049, "11.0": 0.07238095238095238, "12.0": 0.07428571428571429, "13.0": 0.0838095238095238, "14.0": 0.05142857142857143, "15.0": 0.04380952380952381, "16.0": 0.022857142857142857, "17.0": 0.013333333333333334, "20.0": 0.0038095238095238095}, {"1.0": 0.00047505938242280285, "3.0": 0.0019002375296912114, "5.0": 0.005700712589073635, "6.0": 0.00332541567695962, "7.0": 0.007125890736342043, "8.0": 0.0014251781472684087, "9.0": 0.0019002375296912114, "10.0": 0.0019002375296912114, "11.0": 0.0014251781472684087, "16.0": 0.9729216152019002, "12.0": 0.00047505938242280285, "14.0": 0.0009501187648456057, "15.0": 0.00047505938242280285}, {"2.0": 0.01876675603217158, "3.0": 0.002680965147453083, "4.0": 0.010723860589812333, "5.0": 0.0160857908847185, "6.0": 0.032171581769437, "7.0": 0.1126005361930295, "8.0": 0.12064343163538874, "9.0": 0.2761394101876676, "10.0": 0.04289544235924933, "11.0": 0.058981233243967826, "12.0": 0.06702412868632708, "14.0": 0.0777479892761394, "15.0": 0.045576407506702415, "16.0": 0.032171581769437, "18.0": 0.005361930294906166, "13.0": 0.064343163538874, "17.0": 0.0160857908847185}, {"4.0": 0.02564102564102564, "5.0": 0.008547008547008548, "6.0": 0.06837606837606838, "7.0": 0.1452991452991453, "8.0": 0.10256410256410256, "9.0": 0.09401709401709402, "10.0": 0.06837606837606838, "12.0": 0.10256410256410256, "13.0": 0.1111111111111111, "15.0": 0.042735042735042736, "17.0": 0.042735042735042736, "18.0": 0.008547008547008548, "20.0": 0.008547008547008548, "11.0": 0.042735042735042736, "14.0": 0.09401709401709402, "16.0": 0.03418803418803419}, {"4.0": 0.04205607476635514, "5.0": 0.06542056074766354, "6.0": 0.102803738317757, "7.0": 0.10747663551401869, "8.0": 0.14953271028037382, "9.0": 0.1822429906542056, "10.0": 0.102803738317757, "11.0": 0.056074766355140186, "14.0": 0.02336448598130841, "1.0": 0.009345794392523364, "2.0": 0.004672897196261682, "3.0": 0.02336448598130841, "12.0": 0.056074766355140186, "13.0": 0.03271028037383177, "15.0": 0.014018691588785047, "16.0": 0.009345794392523364, "17.0": 0.014018691588785047, "18.0": 0.004672897196261682}, {"4.0": 0.012345679012345678, "6.0": 0.037037037037037035, "7.0": 0.08641975308641975, "8.0": 0.16666666666666666, "9.0": 0.1419753086419753, "11.0": 0.04938271604938271, "13.0": 0.06790123456790123, "14.0": 0.11728395061728394, "15.0": 0.08024691358024691, "10.0": 0.10493827160493827, "12.0": 0.10493827160493827, "16.0": 0.018518518518518517, "17.0": 0.012345679012345678}, {"5.0": 0.030534351145038167, "8.0": 0.13740458015267176, "9.0": 0.19083969465648856, "10.0": 0.13358778625954199, "13.0": 0.0648854961832061, "14.0": 0.05343511450381679, "15.0": 0.019083969465648856, "16.0": 0.030534351145038167, "2.0": 0.003816793893129771, "4.0": 0.011450381679389313, "6.0": 0.03435114503816794, "7.0": 0.09541984732824428, "11.0": 0.09541984732824428, "12.0": 0.08778625954198473, "17.0": 0.011450381679389313}], "Share of total companies with given credit rating in each cluter": [{"1.0": 0.6666666666666666, "2.0": 0.4, "3.0": 0.47368421052631576, "4.0": 0.34375, "5.0": 0.4057971014492754, "6.0": 0.2967032967032967, "7.0": 0.25274725274725274, "8.0": 0.22885572139303484, "9.0": 0.2459016393442623, "10.0": 0.43646408839779005, "11.0": 0.336283185840708, "12.0": 0.3023255813953488, "13.0": 0.3793103448275862, "14.0": 0.2523364485981308, "15.0": 0.34328358208955223, "16.0": 0.0057443752991862135, "17.0": 0.2692307692307692, "20.0": 0.6666666666666666}, {"1.0": 0.1111111111111111, "3.0": 0.21052631578947367, "5.0": 0.17391304347826086, "6.0": 0.07692307692307693, "7.0": 0.08241758241758242, "8.0": 0.014925373134328358, "9.0": 0.013114754098360656, "10.0": 0.022099447513812154, "11.0": 0.02654867256637168, "16.0": 0.9803733843944471, "12.0": 0.007751937984496124, "14.0": 0.018691588785046728, "15.0": 0.014925373134328358}, {"2.0": 0.4666666666666667, "3.0": 0.05263157894736842, "4.0": 0.125, "5.0": 0.08695652173913043, "6.0": 0.13186813186813187, "7.0": 0.23076923076923078, "8.0": 0.22388059701492538, "9.0": 0.3377049180327869, "10.0": 0.08839779005524862, "11.0": 0.19469026548672566, "12.0": 0.1937984496124031, "14.0": 0.27102803738317754, "15.0": 0.2537313432835821, "16.0": 0.0057443752991862135, "18.0": 0.5, "13.0": 0.20689655172413793, "17.0": 0.23076923076923078}, {"4.0": 0.09375, "5.0": 0.014492753623188406, "6.0": 0.08791208791208792, "7.0": 0.09340659340659341, "8.0": 0.05970149253731343, "9.0": 0.036065573770491806, "10.0": 0.04419889502762431, "12.0": 0.09302325581395349, "13.0": 0.11206896551724138, "15.0": 0.07462686567164178, "17.0": 0.19230769230769232, "18.0": 0.25, "20.0": 0.3333333333333333, "11.0": 0.04424778761061947, "14.0": 0.102803738317757, "16.0": 0.0019147917663954045}, {"4.0": 0.28125, "5.0": 0.2028985507246377, "6.0": 0.24175824175824176, "7.0": 0.12637362637362637, "8.0": 0.15920398009950248, "9.0": 0.12786885245901639, "10.0": 0.12154696132596685, "11.0": 0.10619469026548672, "14.0": 0.04672897196261682, "1.0": 0.2222222222222222, "2.0": 0.06666666666666667, "3.0": 0.2631578947368421, "12.0": 0.09302325581395349, "13.0": 0.0603448275862069, "15.0": 0.04477611940298507, "16.0": 0.0009573958831977022, "17.0": 0.11538461538461539, "18.0": 0.25}, {"4.0": 0.0625, "6.0": 0.06593406593406594, "7.0": 0.07692307692307693, "8.0": 0.13432835820895522, "9.0": 0.07540983606557378, "11.0": 0.07079646017699115, "13.0": 0.09482758620689655, "14.0": 0.17757009345794392, "15.0": 0.19402985074626866, "10.0": 0.09392265193370165, "12.0": 0.13178294573643412, "16.0": 0.0014360938247965534, "17.0": 0.07692307692307693}, {"5.0": 0.11594202898550725, "8.0": 0.1791044776119403, "9.0": 0.16393442622950818, "10.0": 0.19337016574585636, "13.0": 0.14655172413793102, "14.0": 0.1308411214953271, "15.0": 0.07462686567164178, "16.0": 0.003829583532790809, "2.0": 0.06666666666666667, "4.0": 0.09375, "6.0": 0.0989010989010989, "7.0": 0.13736263736263737, "11.0": 0.22123893805309736, "12.0": 0.17829457364341086, "17.0": 0.11538461538461539}],