{"Algorithm Parameters": {"C": 19}, "Algorithm Performance": {"WCSS": 44518.400209660205, "Silhouette Score": 0.5323157823458894, "Calinski Harabasz Index": 329.25290103448594}, "Clusters Content Analysis": {"Predictive Power": {"Global": {"Metrics": {"Class: Upgrade": {"Accuracy": 0.625, "Precision": 0.7142857142857143, "Recall": 0.8333333333333334, "F1-Score": 0.7692307692307692}, "Class: Downgrade": {"Accuracy": 0.8333333333333334, "Precision": 0.7142857142857143, "Recall": 0.625, "F1-Score": 0.6666666666666666}}, "Confusion Matrix": {"predicted_down_AND_was_down": 10, "predicted_up_AND_was_up": 10, "predicted_no_change_AND_was_no_change": 0, "predicted_down_BUT_was_up": 2, "predicted_down_BUT_was_no_change": 971, "predicted_no_change_BUT_was_up": 0, "predicted_no_change_BUT_was_down": 0, "predicted_up_BUT_was_down": 6, "predicted_up_BUT_was_no_change": 2759}}, "Restricted to jumps to or from below B-": {"Metrics": {"Class: Upgrade": "No element of this class", "Class: Downgrade": "No element of this class"}, "Confusion Matrix": {"predicted_down_AND_was_down": 0, "predicted_up_AND_was_up": 0, "predicted_no_change_AND_was_no_change": 0, "predicted_down_BUT_was_up": 0, "predicted_down_BUT_was_no_change": 983, "predicted_no_change_BUT_was_up": 0, "predicted_no_change_BUT_was_down": 0, "predicted_up_BUT_was_down": 0, "predicted_up_BUT_was_no_change": 2775}}}, "Share of total companies in each clusters": [0.10510910058541778, 0.060936668440659925, 0.5593400745077168, 0.07211282597126131, 0.04869611495476317, 0.05321979776476849, 0.06732304417243215, 0.028472591804151143, 0.004789781798829164, {"SUM": 1.0}], "Clusters with significant ranges (count)": 9, "Significant Clusters (count)": 6, "Cluster Credit Ratings Shares": [{"1.0": 0.017721518987341773, "2.0": 0.015189873417721518, "3.0": 0.020253164556962026, "4.0": 0.02531645569620253, "5.0": 0.07088607594936709, "6.0": 0.053164556962025315, "7.0": 0.09620253164556962, "8.0": 0.08860759493670886, "9.0": 0.1620253164556962, "10.0": 0.09873417721518987, "11.0": 0.06329113924050633, "12.0": 0.07341772151898734, "13.0": 0.0810126582278481, "14.0": 0.04810126582278481, "15.0": 0.043037974683544304, "16.0": 0.020253164556962026, "17.0": 0.017721518987341773, "20.0": 0.005063291139240506}, {"2.0": 0.03056768558951965, "3.0": 0.004366812227074236, "4.0": 0.017467248908296942, "5.0": 0.017467248908296942, "6.0": 0.008733624454148471, "7.0": 0.05240174672489083, "8.0": 0.05240174672489083, "9.0": 0.36681222707423583, "10.0": 0.0611353711790393, "11.0": 0.07423580786026202, "12.0": 0.06986899563318777, "14.0": 0.08733624454148471, "18.0": 0.004366812227074236, "13.0": 0.09170305676855896, "15.0": 0.043668122270742356, "16.0": 0.013100436681222707, "17.0": 0.004366812227074236}, {"3.0": 0.0019029495718363464, "5.0": 0.005708848715509039, "6.0": 0.0028544243577545195, "7.0": 0.007136060894386299, "8.0": 0.0014272121788772598, "9.0": 0.0019029495718363464, "10.0": 0.0019029495718363464, "11.0": 0.0014272121788772598, "16.0": 0.9743101807802094, "12.0": 0.0004757373929590866, "14.0": 0.0004757373929590866, "15.0": 0.0004757373929590866}, {"3.0": 0.014760147601476014, "4.0": 0.025830258302583026, "5.0": 0.04428044280442804, "6.0": 0.08118081180811808, "7.0": 0.09225092250922509, "8.0": 0.13284132841328414, "9.0": 0.12915129151291513, "10.0": 0.1992619926199262, "13.0": 0.04797047970479705, "14.0": 0.03690036900369004, "15.0": 0.025830258302583026, "1.0": 0.007380073800738007, "2.0": 0.0036900369003690036, "11.0": 0.07380073800738007, "12.0": 0.05166051660516605, "16.0": 0.01845018450184502, "17.0": 0.01107011070110701, "18.0": 0.0036900369003690036}, {"4.0": 0.01092896174863388, "5.0": 0.01092896174863388, "6.0": 0.07650273224043716, "7.0": 0.19672131147540983, "8.0": 0.18579234972677597, "9.0": 0.1092896174863388, "10.0": 0.03825136612021858, "12.0": 0.060109289617486336, "13.0": 0.04371584699453552, "14.0": 0.07103825136612021, "15.0": 0.0546448087431694, "16.0": 0.060109289617486336, "17.0": 0.03825136612021858, "20.0": 0.00546448087431694, "11.0": 0.03278688524590164, "18.0": 0.00546448087431694}, {"4.0": 0.01, "5.0": 0.005, "6.0": 0.03, "7.0": 0.115, "8.0": 0.165, "9.0": 0.1, "10.0": 0.085, "11.0": 0.045, "13.0": 0.085, "14.0": 0.12, "15.0": 0.08, "18.0": 0.005, "12.0": 0.1, "16.0": 0.03, "17.0": 0.025}, {"4.0": 0.023715415019762844, "5.0": 0.03557312252964427, "6.0": 0.06719367588932806, "7.0": 0.1225296442687747, "8.0": 0.15810276679841898, "9.0": 0.19367588932806323, "10.0": 0.1383399209486166, "11.0": 0.07509881422924901, "14.0": 0.03557312252964427, "15.0": 0.015810276679841896, "16.0": 0.015810276679841896, "2.0": 0.003952569169960474, "3.0": 0.007905138339920948, "12.0": 0.05533596837944664, "13.0": 0.04743083003952569, "17.0": 0.003952569169960474}, {"6.0": 0.018691588785046728, "9.0": 0.2523364485981308, "13.0": 0.102803738317757, "4.0": 0.009345794392523364, "5.0": 0.009345794392523364, "7.0": 0.018691588785046728, "8.0": 0.06542056074766354, "10.0": 0.09345794392523364, "11.0": 0.12149532710280374, "12.0": 0.16822429906542055, "14.0": 0.08411214953271028, "15.0": 0.009345794392523364, "16.0": 0.028037383177570093, "17.0": 0.018691588785046728}, {"6.0": 0.05555555555555555, "12.0": 0.3333333333333333, "8.0": 0.05555555555555555, "9.0": 0.1111111111111111, "10.0": 0.05555555555555555, "11.0": 0.05555555555555555, "13.0": 0.1111111111111111, "14.0": 0.1111111111111111, "15.0": 0.05555555555555555, "16.0": 0.05555555555555555}], "Share of total companies with given credit rating in each cluter": [{"1.0": 0.7777777777777778, "2.0": 0.4, "3.0": 0.42105263157894735, "4.0": 0.3125, "5.0": 0.4057971014492754, "6.0": 0.23076923076923078, "7.0": 0.2087912087912088, "8.0": 0.17412935323383086, "9.0": 0.2098360655737705, "10.0": 0.2154696132596685, "11.0": 0.22123893805309736, "12.0": 0.2248062015503876, "13.0": 0.27586206896551724, "14.0": 0.17757009345794392, "15.0": 0.2537313432835821, "16.0": 0.003829583532790809, "17.0": 0.2692307692307692, "20.0": 0.6666666666666666}, {"2.0": 0.4666666666666667, "3.0": 0.05263157894736842, "4.0": 0.125, "5.0": 0.057971014492753624, "6.0": 0.02197802197802198, "7.0": 0.06593406593406594, "8.0": 0.05970149253731343, "9.0": 0.2754098360655738, "10.0": 0.07734806629834254, "11.0": 0.1504424778761062, "12.0": 0.12403100775193798, "14.0": 0.18691588785046728, "18.0": 0.25, "13.0": 0.1810344827586207, "15.0": 0.14925373134328357, "16.0": 0.0014360938247965534, "17.0": 0.038461538461538464}, {"3.0": 0.21052631578947367, "5.0": 0.17391304347826086, "6.0": 0.06593406593406594, "7.0": 0.08241758241758242, "8.0": 0.014925373134328358, "9.0": 0.013114754098360656, "10.0": 0.022099447513812154, "11.0": 0.02654867256637168, "16.0": 0.9803733843944471, "12.0": 0.007751937984496124, "14.0": 0.009345794392523364, "15.0": 0.014925373134328358}, {"3.0": 0.21052631578947367, "4.0": 0.21875, "5.0": 0.17391304347826086, "6.0": 0.24175824175824176, "7.0": 0.13736263736263737, "8.0": 0.1791044776119403, "9.0": 0.11475409836065574, "10.0": 0.2983425414364641, "13.0": 0.11206896551724138, "14.0": 0.09345794392523364, "15.0": 0.1044776119402985, "1.0": 0.2222222222222222, "2.0": 0.06666666666666667, "11.0": 0.17699115044247787, "12.0": 0.10852713178294573, "16.0": 0.0023934897079942556, "17.0": 0.11538461538461539, "18.0": 0.25}, {"4.0": 0.0625, "5.0": 0.028985507246376812, "6.0": 0.15384615384615385, "7.0": 0.1978021978021978, "8.0": 0.1691542288557214, "9.0": 0.06557377049180328, "10.0": 0.03867403314917127, "12.0": 0.08527131782945736, "13.0": 0.06896551724137931, "14.0": 0.12149532710280374, "15.0": 0.14925373134328357, "16.0": 0.005265677357587362, "17.0": 0.2692307692307692, "20.0": 0.3333333333333333, "11.0": 0.05309734513274336, "18.0": 0.25}, {"4.0": 0.0625, "5.0": 0.014492753623188406, "6.0": 0.06593406593406594, "7.0": 0.12637362637362637, "8.0": 0.16417910447761194, "9.0": 0.06557377049180328, "10.0": 0.09392265193370165, "11.0": 0.07964601769911504, "13.0": 0.14655172413793102,