{"Algorithm Parameters": {"K": 19}, "Algorithm Performance": {"WCSS": 11862.638954934613, "Silhouette Score": 0.6921819339196887, "Calinski Harabasz Index": 997.7615982225738}, "Clusters Content Analysis": {"Predictive Power": {"Global": {"Metrics": {"Class: Upgrade": {"Accuracy": 0.625, "Precision": 0.7142857142857143, "Recall": 0.8333333333333334, "F1-Score": 0.7692307692307692}, "Class: Downgrade": {"Accuracy": 0.8333333333333334, "Precision": 0.7142857142857143, "Recall": 0.625, "F1-Score": 0.6666666666666666}}, "Confusion Matrix": {"predicted_down_AND_was_down": 10, "predicted_up_AND_was_up": 10, "predicted_no_change_AND_was_no_change": 8, "predicted_down_BUT_was_up": 2, "predicted_down_BUT_was_no_change": 915, "predicted_no_change_BUT_was_up": 0, "predicted_no_change_BUT_was_down": 0, "predicted_up_BUT_was_down": 6, "predicted_up_BUT_was_no_change": 2807}}, "Restricted to jumps to or from below B-": {"Metrics": {"Class: Upgrade": "No element of this class", "Class: Downgrade": "No element of this class"}, "Confusion Matrix": {"predicted_down_AND_was_down": 0, "predicted_up_AND_was_up": 0, "predicted_no_change_AND_was_no_change": 8, "predicted_down_BUT_was_up": 0, "predicted_down_BUT_was_no_change": 927, "predicted_no_change_BUT_was_up": 0, "predicted_no_change_BUT_was_down": 0, "predicted_up_BUT_was_down": 0, "predicted_up_BUT_was_no_change": 2823}}}, "Share of total companies in each clusters": [0.09233634912187334, 0.18706758914316127, 0.555880787653007, 0.0013304949441192123, 0.021820117083555083, 0.07530601383714741, 0.00026609898882384245, 0.007716870675891432, 0.0013304949441192123, 0.03139968068121341, 0.00026609898882384245, 0.015433741351782864, 0.004523682810005322, 0.00026609898882384245, 0.00026609898882384245, 0.00026609898882384245, 0.0037253858435337944, 0.00026609898882384245, 0.0005321979776476849, {"SUM": 0.9999999999999999}], "Clusters with significant ranges (count)": 11, "Significant Clusters (count)": 7, "Cluster Credit Ratings Shares": [{"1.0": 0.020172910662824207, "2.0": 0.01729106628242075, "3.0": 0.025936599423631124, "4.0": 0.020172910662824207, "5.0": 0.07492795389048991, "6.0": 0.05763688760806916, "7.0": 0.11815561959654179, "8.0": 0.1037463976945245, "9.0": 0.1786743515850144, "10.0": 0.10662824207492795, "11.0": 0.07204610951008646, "12.0": 0.040345821325648415, "13.0": 0.04610951008645533, "14.0": 0.043227665706051875, "15.0": 0.04610951008645533, "17.0": 0.01729106628242075, "16.0": 0.008645533141210375, "20.0": 0.002881844380403458}, {"2.0": 0.00995732574679943, "3.0": 0.001422475106685633, "4.0": 0.008534850640113799, "5.0": 0.011379800853485065, "6.0": 0.032716927453769556, "7.0": 0.10668563300142248, "8.0": 0.12375533428165007, "9.0": 0.20910384068278806, "10.0": 0.06827880512091039, "11.0": 0.05689900426742532, "12.0": 0.08819345661450925, "13.0": 0.08108108108108109, "14.0": 0.09246088193456614, "15.0": 0.05263157894736842, "16.0": 0.032716927453769556, "17.0": 0.01849217638691323, "18.0": 0.004267425320056899, "20.0": 0.001422475106685633}, {"3.0": 0.0014360938247965534, "5.0": 0.0057443752991862135, "6.0": 0.0023934897079942556, "7.0": 0.005265677357587362, "8.0": 0.0009573958831977022, "9.0": 0.0023934897079942556, "10.0": 0.0009573958831977022, "16.0": 0.9803733843944471, "12.0": 0.0004786979415988511}, {"3.0": 0.2, "5.0": 0.2, "6.0": 0.2, "14.0": 0.2, "15.0": 0.2}, {"4.0": 0.10975609756097561, "5.0": 0.0975609756097561, "6.0": 0.15853658536585366, "8.0": 0.1951219512195122, "9.0": 0.13414634146341464, "3.0": 0.012195121951219513, "7.0": 0.1951219512195122, "10.0": 0.04878048780487805, "11.0": 0.04878048780487805}, {"4.0": 0.01060070671378092, "5.0": 0.03180212014134275, "6.0": 0.038869257950530034, "7.0": 0.0812720848056537, "8.0": 0.11307420494699646, "9.0": 0.1978798586572438, "10.0": 0.1519434628975265, "11.0": 0.10247349823321555, "14.0": 0.053003533568904596, "15.0": 0.02120141342756184, "16.0": 0.024734982332155476, "2.0": 0.0035335689045936395, "12.0": 0.08833922261484099, "13.0": 0.05653710247349823, "17.0": 0.02120141342756184, "18.0": 0.0035335689045936395}, {"4.0": 1.0}, {"5.0": 0.10344827586206896, "6.0": 0.2413793103448276, "1.0": 0.034482758620689655, "3.0": 0.06896551724137931, "4.0": 0.13793103448275862, "7.0": 0.20689655172413793, "8.0": 0.20689655172413793}, {"5.0": 0.2, "2.0": 0.2, "4.0": 0.2, "7.0": 0.2, "8.0": 0.2}, {"6.0": 0.07627118644067797, "7.0": 0.059322033898305086, "9.0": 0.09322033898305085, "10.0": 0.3389830508474576, "13.0": 0.059322033898305086, "15.0": 0.03389830508474576, "3.0": 0.00847457627118644, "5.0": 0.00847457627118644, "8.0": 0.1271186440677966, "11.0": 0.06779661016949153, "12.0": 0.03389830508474576, "14.0": 0.059322033898305086, "16.0": 0.03389830508474576}, {"8.0": 1.0}, {"9.0": 0.05172413793103448, "12.0": 0.3620689655172414, "13.0": 0.27586206896551724, "16.0": 0.034482758620689655, "17.0": 0.017241379310344827, "8.0": 0.034482758620689655, "10.0": 0.08620689655172414, "11.0": 0.08620689655172414, "14.0": 0.017241379310344827, "15.0": 0.017241379310344827, "20.0": 0.017241379310344827}, {"11.0": 0.11764705882352941, "12.0": 0.11764705882352941, "13.0": 0.23529411764705882, "14.0": 0.17647058823529413, "15.0": 0.11764705882352941, "7.0": 0.11764705882352941, "16.0": 0.11764705882352941}, {"1.0": 1.0}, {"3.0": 1.0}, {"4.0": 1.0}, {"6.0": 0.14285714285714285, "8.0": 0.21428571428571427, "9.0": 0.5, "10.0": 0.14285714285714285}, {"9.0": 1.0}, {"9.0": 1.0}], "Share of total companies with given credit rating in each cluter": [{"1.0": 0.7777777777777778, "2.0": 0.4, "3.0": 0.47368421052631576, "4.0": 0.21875, "5.0": 0.37681159420289856, "6.0": 0.21978021978021978, "7.0": 0.22527472527472528, "8.0": 0.1791044776119403, "9.0": 0.20327868852459016, "10.0": 0.20441988950276244, "11.0": 0.22123893805309736, "12.0": 0.10852713178294573, "13.0": 0.13793103448275862, "14.0": 0.14018691588785046, "15.0": 0.23880597014925373, "17.0": 0.23076923076923078, "16.0": 0.0014360938247965534, "20.0": 0.3333333333333333}, {"2.0": 0.4666666666666667, "3.0": 0.05263157894736842, "4.0": 0.1875, "5.0": 0.11594202898550725, "6.0": 0.25274725274725274, "7.0": 0.41208791208791207, "8.0": 0.43283582089552236, "9.0": 0.4819672131147541, "10.0": 0.26519337016574585, "11.0": 0.35398230088495575, "12.0": 0.4806201550387597, "13.0": 0.49137931034482757, "14.0": 0.6074766355140186, "15.0": 0.5522388059701493, "16.0": 0.011010052656773576, "17.0": 0.5, "18.0": 0.75, "20.0": 0.3333333333333333}, {"3.0": 0.15789473684210525, "5.0": 0.17391304347826086, "6.0": 0.054945054945054944, "7.0": 0.06043956043956044, "8.0": 0.009950248756218905, "9.0": 0.01639344262295082, "10.0": 0.011049723756906077, "16.0": 0.9803733843944471, "12.0": 0.007751937984496124}, {"3.0": 0.05263157894736842, "5.0": 0.014492753623188406, "6.0": 0.01098901098901099, "14.0": 0.009345794392523364, "15.0": 0.014925373134328358}, {"4.0": 0.28125, "5.0": 0.11594202898550725, "6.0": 0.14285714285714285, "8.0": 0.07960199004975124, "9.0": 0.036065573770491806, "3.0": 0.05263157894736842, "7.0": 0.08791208791208792, "10.0": 0.022099447513812154, "11.0": 0.035398230088495575}, {"4.0": 0.09375, "5.0": 0.13043478260869565, "6.0": 0.12087912087912088, "7.0": 0.12637362637362637, "8.0": 0.15920398009950248, "9.0": 0.18360655737704917, "10.0": 0.23756906077348067, "11.0": 0.25663716814159293, "14.0": 0.14018691588785046, "15.0": 0.08955223880597014, "16.0": 0.003350885591191958, "2.0": 0.06666666666666667, "12.0": 0.1937984496124031, "13.0": 0.13793103448275862, "17.0": 0.23076923076923078, "18.0": 0.25}, {"4.0": 0.03125}, {"5.0": 0.043478260869565216, "6.0": 0.07692307692307693, "1.0": 0.1111111111111111, "3.0": 0.10526315789473684, "4.0": 0.125, "7.0": 0.03296703296703297, "8.0": 0.029850746268656716}, {"5.0": 0.014492753623188406, "2.0": 0.06666666666666667, "4.0": 0.03125, "7.0": 0.005494505494505495, "8.0": 0.004975124378109453}, {"6.0": 0.0989010989010989, "7.0": 0.038461538461538464, "9.0": 0.036065573770491806,