{"Algorithm Parameters": {"Threshold Value": 0.1, "Braching Factor": 67, "K": 2}, "Algorithm Performance": {"Silhouette Score": 0.9247683767412161}, "Clusters Content Analysis": {"Predictive Power": {"Global": {"Metrics": {"Class: Upgrade": {"Accuracy": 0.2857142857142857, "Precision": 0.4642857142857143, "Recall": 0.16666666666666666, "F1-Score": 0.24528301886792456}, "Class: Downgrade": {"Accuracy": 0.5238095238095238, "Precision": 0.4642857142857143, "Recall": 0.6875, "F1-Score": 0.5542635658914729}}, "Confusion Matrix": {"predicted_down_AND_was_down": 11, "predicted_up_AND_was_up": 2, "predicted_no_change_AND_was_no_change": 0, "predicted_down_BUT_was_up": 10, "predicted_down_BUT_was_no_change": 1383, "predicted_no_change_BUT_was_up": 0, "predicted_no_change_BUT_was_down": 0, "predicted_up_BUT_was_down": 5, "predicted_up_BUT_was_no_change": 2347}}, "Restricted to jumps to or from below B-": {"Metrics": {"Class: Upgrade": "No element of this class", "Class: Downgrade": "No element of this class"}, "Confusion Matrix": {"predicted_down_AND_was_down": 0, "predicted_up_AND_was_up": 0, "predicted_no_change_AND_was_no_change": 0, "predicted_down_BUT_was_up": 0, "predicted_down_BUT_was_no_change": 1404, "predicted_no_change_BUT_was_up": 0, "predicted_no_change_BUT_was_down": 0, "predicted_up_BUT_was_down": 0, "predicted_up_BUT_was_no_change": 2354}}}, "Share of total companies in each clusters": [0.9781798829164449, 0.021820117083555083, {"SUM": 1.0}], "Clusters with significant ranges (count)": 2, "Significant Clusters (count)": 1, "Cluster Credit Ratings Shares": [{"AAA": 0.0019042437431991295, "AA+": 0.003808487486398259, "AA": 0.004352557127312296, "AA-": 0.0073449401523395, "A+": 0.018498367791077257, "A": 0.023939064200217627, "A-": 0.04733405875952122, "BBB+": 0.051958650707290534, "BBB": 0.07154515778019586, "BBB-": 0.04842219804134929, "BB+": 0.030467899891186073, "BB": 0.03482045701849837, "BB-": 0.031284004352557127, "B+": 0.02883569096844396, "B": 0.01822633297062024, "B-": 0.5682807399347116, "CCC+": 0.005168661588683352, "CCC": 0.0019042437431991295, "CC": 0.001088139281828074, "D": 0.0008161044613710555}, {"A+": 0.012195121951219513, "BBB+": 0.12195121951219512, "B+": 0.012195121951219513, "AAA": 0.024390243902439025, "AA+": 0.012195121951219513, "AA": 0.036585365853658534, "AA-": 0.06097560975609756, "A": 0.036585365853658534, "A-": 0.0975609756097561, "BBB": 0.5121951219512195, "BBB-": 0.036585365853658534, "BB+": 0.012195121951219513, "BB": 0.012195121951219513, "BB-": 0.012195121951219513}], "Share of total companies with given credit rating in each cluter": [{"AAA": 0.7777777777777778, "AA+": 0.9333333333333333, "AA": 0.8421052631578947, "AA-": 0.84375, "A+": 0.9855072463768116, "A": 0.967032967032967, "A-": 0.9560439560439561, "BBB+": 0.9502487562189055, "BBB": 0.8622950819672132, "BBB-": 0.9834254143646409, "BB+": 0.9911504424778761, "BB": 0.9922480620155039, "BB-": 0.9913793103448276, "B+": 0.9906542056074766, "B": 1.0, "B-": 1.0, "CCC+": 1.0, "CCC": 1.0, "CC": 1.0, "D": 1.0}, {"A+": 0.014492753623188406, "BBB+": 0.04975124378109453, "B+": 0.009345794392523364, "AAA": 0.2222222222222222, "AA+": 0.06666666666666667, "AA": 0.15789473684210525, "AA-": 0.15625, "A": 0.03296703296703297, "A-": 0.04395604395604396, "BBB": 0.1377049180327869, "BBB-": 0.016574585635359115, "BB+": 0.008849557522123894, "BB": 0.007751937984496124, "BB-": 0.008620689655172414}], "Cluster ranges": [21.0, 13.0], "Cluster metrics of location and dispersion": [{"Mean": 13.254352557127312, "Median": 16.0, "1st Quartile": 10.0, "3rd Quartile": 16.0, "Standard Deviation": 3.7767248781152194, "Is Signficant": true}, {"Mean": 7.926829268292683, "Median": 9.0, "1st Quartile": 7.0, "3rd Quartile": 9.0, "Standard Deviation": 2.362204880546976, "Is Signficant": false}], "Cluster entropies": [2.553363514843513, 2.557906691367976], "Maximum entropy": 2.557906691367976, "Weighted average entropy": 2.553462647487208, "Incoherencies explanations": {"CLUSTER 0": {"RATING BBB": [{"Total Revenue - Capital IQ [LTM] ($USDmm, Historical rate)": {"Comparison": "Cluster elements in highest 75%", "Credit Rating Statistics": {"Mean": 27607.104262295077, "Median": 5684.0, "1st Quartile": 2800.9, "3rd Quartile": 18916.0, "Standard Deviation": 50819.35970190645}, "Cluster Statistics": {"Mean": 147410.49047619046, "Median": 147797.0, "1st Quartile": 147797.0, "3rd Quartile": 147797.0, "Standard Deviation": 39719.38470053927}}}, {"Total Equity - Capital IQ [LTM] ($USDmm, Historical rate)": {"Comparison": "Cluster elements in highest 75%", "Credit Rating Statistics": {"Mean": 7775.76915737705, "Median": 3877.2, "1st Quartile": 1351.8, "3rd Quartile": 11191.0, "Standard Deviation": 12175.540859372428}, "Cluster Statistics": {"Mean": 21113.561904761904, "Median": 11191.0, "1st Quartile": 11191.0, "3rd Quartile": 11191.0, "Standard Deviation": 23905.663698488173}}}, {"Net Debt/EBITDA - Capital IQ [LTM]": {"Comparison": "Cluster elements in upper half", "Credit Rating Statistics": {"Mean": 2.525977049180328, "Median": 2.09, "1st Quartile": 1.23, "3rd Quartile": 3.14, "Standard Deviation": 2.254901359362947}, "Cluster Statistics": {"Mean": 2.2924285714285713, "Median": 2.09, "1st Quartile": 2.09, "3rd Quartile": 2.09, "Standard Deviation": 1.071431666662196}}}, {"Total Equity - Capital IQ [Latest Annual] ($USDmm, Historical rate)": {"Comparison": "Cluster elements in highest 75%", "Credit Rating Statistics": {"Mean": 7613.580501639345, "Median": 3812.0, "1st Quartile": 1351.8, "3rd Quartile": 10014.0, "Standard Deviation": 12089.098464631605}, "Cluster Statistics": {"Mean": 20078.35714285714, "Median": 10014.0, "1st Quartile": 10014.0, "3rd Quartile": 10014.0, "Standard Deviation": 24089.627364195203}}}, {"As-Reported Total Revenue - Capital IQ [LTM] ($USD, Historical rate)": {"Comparison": "Cluster elements in highest 75%", "Credit Rating Statistics": {"Mean": 6029.901639344263, "Median": 0.0, "1st Quartile": 0.0, "3rd Quartile": 895.0, "Standard Deviation": 27256.123095000148}, "Cluster Statistics": {"Mean": 27346.233333333334, "Median": 0.0, "1st Quartile": 0.0, "3rd Quartile": 0.0, "Standard Deviation": 67920.40904519778}}}]}, "CLUSTER 1": {"RATING B-": [{"Total Revenue - Capital IQ [LTM] ($USDmm, Historical rate)": {"Comparison": "Cluster elements in lowest 25%", "Credit Rating Statistics": {"Mean": 3588.1067017711835, "Median": 3623.9, "1st Quartile": 3623.9, "3rd Quartile": 3623.9, "Standard Deviation": 378.3901680605736}, "Cluster Statistics": {"Mean": 3588.1067017711835, "Median": 3623.9, "1st Quartile": 3623.9, "3rd Quartile": 3623.9, "Standard Deviation": 378.3901680605736}}}, {"Total Equity - Capital IQ [LTM] ($USDmm, Historical rate)": {"Comparison": "Cluster elements in lowest 25%", "Credit Rating Statistics": {"Mean": 5576.862470081378, "Median": 5677.9, "1st Quartile": 5677.9, "3rd Quartile": 5677.9, "Standard Deviation": 741.5031685435354}, "Cluster Statistics": {"Mean": 5576.862470081378, "Median": 5677.9, "1st Quartile": 5677.9, "3rd Quartile": 5677.9, "Standard Deviation": 741.5031685435354}}}, {"Net Debt/EBITDA - Capital IQ [LTM]": {"Comparison": "Cluster elements in highest 75%", "Credit Rating Statistics": {"Mean": 0.10739205361416945, "Median": 0.0, "1st Quartile": 0.0, "3rd Quartile": 0.0, "Standard Deviation": 1.046902951703884}, "Cluster Statistics": {"Mean": 0.10739205361416945, "Median": 0.0, "1st Quartile": 0.0, "3rd Quartile": 0.0, "Standard Deviation": 1.046902951703884}}}, {"Total Equity - Capital IQ [Latest Annual] ($USDmm, Historical rate)": {"Comparison": "Cluster elements in lowest 25%", "Credit Rating Statistics": {"Mean": 6023.760569650551, "Median": 6133.1, "1st Quartile": 6133.1, "3rd Quartile": 6133.1, "Standard Deviation": 796.792152307281}, "Cluster Statistics": {"Mean": 6023.760569650551, "Median": 6133.1, "1st Quartile": 6133.1, "3rd Quartile": 6133.1,