{"Algorithm Parameters": {"C": 5}, "Algorithm Performance": {"WCSS": 44450.978176872675, "Silhouette Score": 0.6325164830470531, "Calinski Harabasz Index": 707.6810530861804}, "Clusters Content Analysis": {"Predictive Power": {"Global": {"Metrics": {"Class: Upgrade": {"Accuracy": 0.42857142857142855, "Precision": 0.5357142857142857, "Recall": 0.25, "F1-Score": 0.3409090909090909}, "Class: Downgrade": {"Accuracy": 0.5714285714285714, "Precision": 0.5357142857142857, "Recall": 0.75, "F1-Score": 0.6250000000000001}}, "Confusion Matrix": {"predicted_down_AND_was_down": 12, "predicted_up_AND_was_up": 3, "predicted_no_change_AND_was_no_change": 0, "predicted_down_BUT_was_up": 9, "predicted_down_BUT_was_no_change": 1258, "predicted_no_change_BUT_was_up": 0, "predicted_no_change_BUT_was_down": 0, "predicted_up_BUT_was_down": 4, "predicted_up_BUT_was_no_change": 2472}}, "Restricted to jumps to or from below B-": {"Metrics": {"Class: Upgrade": "No element of this class", "Class: Downgrade": "No element of this class"}, "Confusion Matrix": {"predicted_down_AND_was_down": 0, "predicted_up_AND_was_up": 0, "predicted_no_change_AND_was_no_change": 0, "predicted_down_BUT_was_up": 0, "predicted_down_BUT_was_no_change": 1279, "predicted_no_change_BUT_was_up": 0, "predicted_no_change_BUT_was_down": 0, "predicted_up_BUT_was_down": 0, "predicted_up_BUT_was_no_change": 2479}}}, "Share of total companies in each clusters": [0.8922299095263438, 0.07184672698243746, 0.019159127195316657, 0.004789781798829164, 0.011974454497072911, {"SUM": 1.0}], "Clusters with significant ranges (count)": 5, "Significant Clusters (count)": 1, "Cluster Credit Ratings Shares": [{"AAA": 0.0020876826722338203, "AA+": 0.003578884580972264, "AA": 0.003280644199224575, "AA-": 0.003280644199224575, "A+": 0.010140172979421413, "A": 0.014315538323889055, "A-": 0.03638532657321801, "BBB+": 0.03698180733671339, "BBB": 0.06412168207575306, "BBB-": 0.045630778407396363, "BB+": 0.027438115120787355, "BB": 0.03638532657321801, "BB-": 0.03250820161049806, "B+": 0.031613480465254994, "B": 0.01968386519534745, "B-": 0.6230241574709215, "CCC+": 0.0056665672532060845, "CCC": 0.0020876826722338203, "CC": 0.000894721145243066, "D": 0.000894721145243066}, {"AA+": 0.007407407407407408, "AA": 0.011111111111111112, "AA-": 0.025925925925925925, "A+": 0.1, "A": 0.09259259259259259, "A-": 0.16666666666666666, "BBB+": 0.2074074074074074, "BBB": 0.17407407407407408, "BBB-": 0.08518518518518518, "BB+": 0.07037037037037037, "BB": 0.022222222222222223, "B+": 0.003703703703703704, "CC": 0.003703703703703704, "BB-": 0.025925925925925925, "B": 0.003703703703703704}, {"AA": 0.05555555555555555, "AA-": 0.1527777777777778, "A+": 0.08333333333333333, "A": 0.20833333333333334, "AAA": 0.013888888888888888, "A-": 0.1527777777777778, "BBB+": 0.20833333333333334, "BBB": 0.041666666666666664, "BBB-": 0.041666666666666664, "BB+": 0.027777777777777776, "BB": 0.013888888888888888}, {"A+": 0.05555555555555555, "AAA": 0.05555555555555555, "AA+": 0.05555555555555555, "AA": 0.05555555555555555, "AA-": 0.1111111111111111, "A": 0.05555555555555555, "A-": 0.1111111111111111, "BBB+": 0.1111111111111111, "BBB": 0.2777777777777778, "BBB-": 0.1111111111111111}, {"BBB+": 0.08888888888888889, "AA-": 0.022222222222222223, "A+": 0.022222222222222223, "A": 0.044444444444444446, "A-": 0.044444444444444446, "BBB": 0.7777777777777778}], "Share of total companies with given credit rating in each cluter": [{"AAA": 0.7777777777777778, "AA+": 0.8, "AA": 0.5789473684210527, "AA-": 0.34375, "A+": 0.4927536231884058, "A": 0.5274725274725275, "A-": 0.6703296703296703, "BBB+": 0.6169154228855721, "BBB": 0.7049180327868853, "BBB-": 0.8453038674033149, "BB+": 0.8141592920353983, "BB": 0.9457364341085271, "BB-": 0.9396551724137931, "B+": 0.9906542056074766, "B": 0.9850746268656716, "B-": 1.0, "CCC+": 1.0, "CCC": 1.0, "CC": 0.75, "D": 1.0}, {"AA+": 0.13333333333333333, "AA": 0.15789473684210525, "AA-": 0.21875, "A+": 0.391304347826087, "A": 0.27472527472527475, "A-": 0.24725274725274726, "BBB+": 0.27860696517412936, "BBB": 0.1540983606557377, "BBB-": 0.1270718232044199, "BB+": 0.168141592920354, "BB": 0.046511627906976744, "B+": 0.009345794392523364, "CC": 0.25, "BB-": 0.0603448275862069, "B": 0.014925373134328358}, {"AA": 0.21052631578947367, "AA-": 0.34375, "A+": 0.08695652173913043, "A": 0.16483516483516483, "AAA": 0.1111111111111111, "A-": 0.06043956043956044, "BBB+": 0.07462686567164178, "BBB": 0.009836065573770493, "BBB-": 0.016574585635359115, "BB+": 0.017699115044247787, "BB": 0.007751937984496124}, {"A+": 0.014492753623188406, "AAA": 0.1111111111111111, "AA+": 0.06666666666666667, "AA": 0.05263157894736842, "AA-": 0.0625, "A": 0.01098901098901099, "A-": 0.01098901098901099, "BBB+": 0.009950248756218905, "BBB": 0.01639344262295082, "BBB-": 0.011049723756906077}, {"BBB+": 0.01990049751243781, "AA-": 0.03125, "A+": 0.014492753623188406, "A": 0.02197802197802198, "A-": 0.01098901098901099, "BBB": 0.11475409836065574}], "Cluster ranges": [21.0, 18.0, 11.0, 9.0, 5.0], "Cluster metrics of location and dispersion": [{"Mean": 13.791529973158365, "Median": 16.0, "1st Quartile": 12.0, "3rd Quartile": 16.0, "Standard Deviation": 3.4416996652114724, "Is Signficant": true}, {"Mean": 8.011111111111111, "Median": 8.0, "1st Quartile": 7.0, "3rd Quartile": 9.0, "Standard Deviation": 2.3229663879415416, "Is Signficant": false}, {"Mean": 6.458333333333333, "Median": 6.0, "1st Quartile": 5.0, "3rd Quartile": 8.0, "Standard Deviation": 2.133968004550313, "Is Signficant": false}, {"Mean": 6.666666666666667, "Median": 7.5, "1st Quartile": 4.25, "3rd Quartile": 9.0, "Standard Deviation": 2.7688746209726918, "Is Signficant": false}, {"Mean": 8.488888888888889, "Median": 9.0, "1st Quartile": 9.0, "3rd Quartile": 9.0, "Standard Deviation": 1.1474071683044964, "Is Signficant": false}], "Cluster entropies": [2.314251249426989, 3.1723360138592454, 2.998622730790507, 3.080500530640267, 1.2357440831502564], "Maximum entropy": 3.1723360138592454, "Weighted average entropy": 2.379769423358407, "Incoherencies explanations": {"CLUSTER 0": {"RATING BBB+": [{"Total Revenue - Capital IQ [LTM] ($USDmm, Historical rate)": {"Comparison": "Cluster elements in highest 75%", "Credit Rating Statistics": {"Mean": 17295.912437810948, "Median": 7288.1, "1st Quartile": 2504.4, "3rd Quartile": 17751.7, "Standard Deviation": 28795.6837002902}, "Cluster Statistics": {"Mean": 20669.235714285714, "Median": 17518.85, "1st Quartile": 10979.55, "3rd Quartile": 27384.5, "Standard Deviation": 12657.431336844724}}}, {"Total Equity - Capital IQ [LTM] ($USDmm, Historical rate)": {"Comparison": "Cluster elements in highest 75%", "Credit Rating Statistics": {"Mean": 13760.234328358209, "Median": 6850.4, "1st Quartile": 3305.8, "3rd Quartile": 17493.0, "Standard Deviation": 22662.298165393106}, "Cluster Statistics": {"Mean": 19326.523214285717, "Median": 19110.7, "1st Quartile": 13576.75, "3rd Quartile": 24437.75, "Standard Deviation": 8056.293366900702}}}, {"Total Equity - Capital IQ [Latest Annual] ($USDmm, Historical rate)": {"Comparison": "Cluster elements in highest 75%", "Credit Rating Statistics": {"Mean": 13693.896019900496, "Median": 6418.0, "1st Quartile": 3305.8, "3rd Quartile": 17493.0, "Standard Deviation": 22650.7756872192}, "Cluster Statistics": {"Mean": 19288.951785714286, "Median": 18882.5, "1st Quartile": 13576.75, "3rd Quartile": 24437.75, "Standard Deviation": 8313.846405072665}}}, {"As-Reported Total Revenue - Capital IQ [LTM] ($USD, Historical rate)": {"Comparison": "Cluster elements in highest 75%", "Credit Rating Statistics": {"Mean": 5946.677114427861, "Median": 0.0, "1st Quartile": 0.0, "3rd Quartile": 1628.0, "Standard Deviation": 20297.69683485727}, "Cluster Statistics": {"Mean": 5396.296428571428, "Median": 0.0, "1st Quartile": 0.0, "3rd Quartile": 9550.15, "Standard Deviation": 9675.517432471439}}}, {"CUSTOMNGDP_FY": {"Comparison": "Cluster elements in highest 75%",