{"Algorithm Parameters": {"Threshold Value": 9.85, "Braching Factor": 57, "K": 2}, "Algorithm Performance": {"Silhouette Score": 0.9386055681321698}, "Clusters Content Analysis": {"Predictive Power": {"Global": {"Metrics": {"Class: Upgrade": {"Accuracy": 0.6363636363636364, "Precision": 0.75, "Recall": 1.0, "F1-Score": 0.8571428571428571}, "Class: Downgrade": {"Accuracy": 1.0, "Precision": 0.75, "Recall": 0.5555555555555556, "F1-Score": 0.6382978723404256}}, "Confusion Matrix": {"predicted_down_AND_was_down": 5, "predicted_up_AND_was_up": 7, "predicted_no_change_AND_was_no_change": 0, "predicted_down_BUT_was_up": 0, "predicted_down_BUT_was_no_change": 440, "predicted_no_change_BUT_was_up": 0, "predicted_no_change_BUT_was_down": 0, "predicted_up_BUT_was_down": 4, "predicted_up_BUT_was_no_change": 400}}, "Restricted to jumps to or from below B-": {"Metrics": {"Class: Upgrade": "No element of this class", "Class: Downgrade": "No element of this class"}, "Confusion Matrix": {"predicted_down_AND_was_down": 0, "predicted_up_AND_was_up": 0, "predicted_no_change_AND_was_no_change": 0, "predicted_down_BUT_was_up": 0, "predicted_down_BUT_was_no_change": 445, "predicted_no_change_BUT_was_up": 0, "predicted_no_change_BUT_was_down": 0, "predicted_up_BUT_was_down": 0, "predicted_up_BUT_was_no_change": 411}}}, "Share of total companies in each clusters": [0.005841121495327103, 0.9941588785046729, {"SUM": 1.0}], "Clusters with significant ranges (count)": 2, "Significant Clusters (count)": 1, "Cluster Credit Ratings Shares": [{"AAA": 0.2, "AA+": 0.2, "AA": 0.2, "AA-": 0.2, "BBB": 0.2}, {"AAA": 0.0011750881316098707, "AA+": 0.0023501762632197414, "AA": 0.004700352526439483, "AA-": 0.012925969447708578, "A+": 0.023501762632197415, "A": 0.04465334900117509, "A-": 0.08695652173913043, "BBB+": 0.12220916568742655, "BBB": 0.2209165687426557, "BBB-": 0.13866039952996476, "BB+": 0.07403055229142186, "BB": 0.08578143360752057, "BB-": 0.06345475910693302, "B+": 0.06580493537015276, "B": 0.025851938895417155, "B-": 0.01762632197414806, "CCC+": 0.007050528789659225, "CCC": 0.0023501762632197414}], "Share of total companies with given credit rating in each cluter": [{"AAA": 0.5, "AA+": 0.3333333333333333, "AA": 0.2, "AA-": 0.08333333333333333, "BBB": 0.005291005291005291}, {"AAA": 0.5, "AA+": 0.6666666666666666, "AA": 0.8, "AA-": 0.9166666666666666, "A+": 1.0, "A": 1.0, "A-": 1.0, "BBB+": 1.0, "BBB": 0.9947089947089947, "BBB-": 1.0, "BB+": 1.0, "BB": 1.0, "BB-": 1.0, "B+": 1.0, "B": 1.0, "B-": 1.0, "CCC+": 1.0, "CCC": 1.0}], "Cluster ranges": [8.0, 17.0], "Cluster metrics of location and dispersion": [{"Mean": 3.8, "Median": 3.0, "1st Quartile": 2.0, "3rd Quartile": 4.0, "Standard Deviation": 2.785677655436824, "Is Signficant": false}, {"Mean": 9.840188014101058, "Median": 9.0, "1st Quartile": 8.0, "3rd Quartile": 12.0, "Standard Deviation": 2.7437067334449736, "Is Signficant": true}], "Cluster entropies": [2.321928094887362, 3.4330204013849204], "Maximum entropy": 3.4330204013849204, "Weighted average entropy": 3.426530376230145, "Incoherencies explanations": {"CLUSTER 0": {"RATING BBB": [{"Leverage": {"Comparison": "Cluster elements in lower half", "Credit Rating Statistics": {"Mean": 12.308439153439155, "Median": 12.82, "1st Quartile": 6.94, "3rd Quartile": 16.200000000000003, "Standard Deviation": 6.252935676491486}, "Cluster Statistics": {"Mean": 12.338297872340428, "Median": 12.82, "1st Quartile": 7.01875, "3rd Quartile": 16.200000000000003, "Standard Deviation": 6.2560912255105725}}}, {"Profitability": {"Comparison": "Cluster elements in upper half", "Credit Rating Statistics": {"Mean": 10.973939153439153, "Median": 9.94, "1st Quartile": 8.04, "3rd Quartile": 11.8, "Standard Deviation": 5.970564160483148}, "Cluster Statistics": {"Mean": 11.002311170212765, "Median": 9.95, "1st Quartile": 8.07, "3rd Quartile": 11.8, "Standard Deviation": 5.973701691512871}}}, {"Financial Statement Lines": {"Comparison": "Cluster elements in highest 75%", "Credit Rating Statistics": {"Mean": 11839.370105820108, "Median": 7430.65, "1st Quartile": 2149.8, "3rd Quartile": 10602.5, "Standard Deviation": 22372.45542657045}, "Cluster Statistics": {"Mean": 10750.060904255317, "Median": 7428.05, "1st Quartile": 2144.05, "3rd Quartile": 10602.5, "Standard Deviation": 16700.981132451972}}}, {"Liquidity": {"Comparison": "Cluster elements in upper half", "Credit Rating Statistics": {"Mean": 0.7688148148148147, "Median": 0.585, "1st Quartile": 0.406, "3rd Quartile": 0.949, "Standard Deviation": 0.6515731492941145}, "Cluster Statistics": {"Mean": 0.7697659574468085, "Median": 0.585, "1st Quartile": 0.393, "3rd Quartile": 0.9564999999999999, "Standard Deviation": 0.653172884896877}}}, {"Efficiency": {"Comparison": "Cluster elements in upper half", "Credit Rating Statistics": {"Mean": 1.1438280423280425, "Median": 0.921, "1st Quartile": 0.58, "3rd Quartile": 1.18, "Standard Deviation": 0.8571372608413559}, "Cluster Statistics": {"Mean": 1.1473856382978722, "Median": 0.9215, "1st Quartile": 0.58375, "3rd Quartile": 1.1875, "Standard Deviation": 0.8580210385607631}}}]}, "CLUSTER 1": {}}}}