{"Algorithm Parameters": {"C": 5}, "Algorithm Performance": {"WCSS": 44187009320.792564, "Silhouette Score": 0.6515422102057067, "Calinski Harabasz Index": 2818.371208454018}, "Clusters Content Analysis": {"Predictive Power": {"Global": {"Metrics": {"Class: Upgrade": {"Accuracy": 0.5, "Precision": 0.5625, "Recall": 0.8571428571428571, "F1-Score": 0.6792452830188678}, "Class: Downgrade": {"Accuracy": 0.75, "Precision": 0.5625, "Recall": 0.3333333333333333, "F1-Score": 0.4186046511627907}}, "Confusion Matrix": {"predicted_down_AND_was_down": 3, "predicted_up_AND_was_up": 6, "predicted_no_change_AND_was_no_change": 0, "predicted_down_BUT_was_up": 1, "predicted_down_BUT_was_no_change": 423, "predicted_no_change_BUT_was_up": 0, "predicted_no_change_BUT_was_down": 0, "predicted_up_BUT_was_down": 6, "predicted_up_BUT_was_no_change": 417}}, "Restricted to jumps to or from below B-": {"Metrics": {"Class: Upgrade": "No element of this class", "Class: Downgrade": "No element of this class"}, "Confusion Matrix": {"predicted_down_AND_was_down": 0, "predicted_up_AND_was_up": 0, "predicted_no_change_AND_was_no_change": 0, "predicted_down_BUT_was_up": 0, "predicted_down_BUT_was_no_change": 427, "predicted_no_change_BUT_was_up": 0, "predicted_no_change_BUT_was_down": 0, "predicted_up_BUT_was_down": 0, "predicted_up_BUT_was_no_change": 429}}}, "Share of total companies in each clusters": [0.005841121495327103, 0.029205607476635514, 0.6261682242990654, 0.2651869158878505, 0.07359813084112149, {"SUM": 1.0}], "Clusters with significant ranges (count)": 5, "Significant Clusters (count)": 1, "Cluster Credit Ratings Shares": [{"AAA": 0.2, "AA+": 0.2, "AA": 0.2, "AA-": 0.2, "BBB": 0.2}, {"AAA": 0.04, "AA": 0.04, "AA-": 0.12, "A": 0.08, "A-": 0.2, "BBB+": 0.24, "BBB": 0.2, "BBB-": 0.04, "BB": 0.04}, {"AA+": 0.0018656716417910447, "AA": 0.0018656716417910447, "AA-": 0.0037313432835820895, "A+": 0.005597014925373134, "A": 0.016791044776119403, "A-": 0.04664179104477612, "BBB+": 0.07276119402985075, "BBB": 0.1884328358208955, "BBB-": 0.16977611940298507, "BB+": 0.08395522388059702, "BB": 0.12686567164179105, "BB-": 0.09514925373134328, "B+": 0.1044776119402985, "B": 0.03917910447761194, "B-": 0.027985074626865673, "CCC+": 0.011194029850746268, "CCC": 0.0037313432835820895}, {"AA+": 0.004405286343612335, "AA-": 0.00881057268722467, "A+": 0.05286343612334802, "A": 0.08370044052863436, "A-": 0.14537444933920704, "BBB+": 0.1894273127753304, "BBB": 0.32599118942731276, "BBB-": 0.09251101321585903, "BB+": 0.06167400881057269, "BB": 0.01762114537444934, "BB-": 0.013215859030837005, "B": 0.004405286343612335}, {"AA": 0.031746031746031744, "AA-": 0.06349206349206349, "A+": 0.07936507936507936, "A": 0.12698412698412698, "A-": 0.1746031746031746, "BBB+": 0.25396825396825395, "BBB": 0.12698412698412698, "BBB-": 0.07936507936507936, "BB+": 0.06349206349206349}], "Share of total companies with given credit rating in each cluter": [{"AAA": 0.5, "AA+": 0.3333333333333333, "AA": 0.2, "AA-": 0.08333333333333333, "BBB": 0.005291005291005291}, {"AAA": 0.5, "AA": 0.2, "AA-": 0.25, "A": 0.05263157894736842, "A-": 0.06756756756756757, "BBB+": 0.057692307692307696, "BBB": 0.026455026455026454, "BBB-": 0.00847457627118644, "BB": 0.0136986301369863}, {"AA+": 0.3333333333333333, "AA": 0.2, "AA-": 0.16666666666666666, "A+": 0.15, "A": 0.23684210526315788, "A-": 0.33783783783783783, "BBB+": 0.375, "BBB": 0.5343915343915344, "BBB-": 0.7711864406779662, "BB+": 0.7142857142857143, "BB": 0.9315068493150684, "BB-": 0.9444444444444444, "B+": 1.0, "B": 0.9545454545454546, "B-": 1.0, "CCC+": 1.0, "CCC": 1.0}, {"AA+": 0.3333333333333333, "AA-": 0.16666666666666666, "A+": 0.6, "A": 0.5, "A-": 0.44594594594594594, "BBB+": 0.41346153846153844, "BBB": 0.3915343915343915, "BBB-": 0.17796610169491525, "BB+": 0.2222222222222222, "BB": 0.0547945205479452, "BB-": 0.05555555555555555, "B": 0.045454545454545456}, {"AA": 0.4, "AA-": 0.3333333333333333, "A+": 0.25, "A": 0.21052631578947367, "A-": 0.14864864864864866, "BBB+": 0.15384615384615385, "BBB": 0.042328042328042326, "BBB-": 0.0423728813559322, "BB+": 0.06349206349206349}], "Cluster ranges": [8.0, 11.0, 16.0, 13.0, 8.0], "Cluster metrics of location and dispersion": [{"Mean": 3.8, "Median": 3.0, "1st Quartile": 2.0, "3rd Quartile": 4.0, "Standard Deviation": 2.785677655436824, "Is Signficant": false}, {"Mean": 7.12, "Median": 8.0, "1st Quartile": 6.0, "3rd Quartile": 9.0, "Standard Deviation": 2.371834732859775, "Is Signficant": false}, {"Mean": 10.89365671641791, "Median": 10.0, "1st Quartile": 9.0, "3rd Quartile": 13.0, "Standard Deviation": 2.597695029106753, "Is Signficant": true}, {"Mean": 8.330396475770925, "Median": 9.0, "1st Quartile": 7.0, "3rd Quartile": 9.0, "Standard Deviation": 1.7960066622684585, "Is Signficant": false}, {"Mean": 7.396825396825397, "Median": 8.0, "1st Quartile": 6.0, "3rd Quartile": 9.0, "Standard Deviation": 1.964281705944283, "Is Signficant": false}], "Cluster entropies": [2.321928094887362, 2.8244984515601628, 3.345682089257041, 2.7898937097536134, 2.9412001020096956], "Maximum entropy": 3.345682089257041, "Weighted average entropy": 3.147323808581654, "Incoherencies explanations": {"CLUSTER 0": {}, "CLUSTER 1": {"RATING BBB": [{"Leverage": {"Comparison": "Cluster elements in upper half", "Credit Rating Statistics": {"Mean": 12.308439153439155, "Median": 12.82, "1st Quartile": 6.94, "3rd Quartile": 16.200000000000003, "Standard Deviation": 6.252935676491486}, "Cluster Statistics": {"Mean": 12.830945945945945, "Median": 16.200000000000003, "1st Quartile": 7.30375, "3rd Quartile": 16.200000000000003, "Standard Deviation": 5.48709263560155}}}, {"Profitability": {"Comparison": "Cluster elements in lower half", "Credit Rating Statistics": {"Mean": 10.973939153439153, "Median": 9.94, "1st Quartile": 8.04, "3rd Quartile": 11.8, "Standard Deviation": 5.970564160483148}, "Cluster Statistics": {"Mean": 9.832567567567567, "Median": 9.14, "1st Quartile": 7.37, "3rd Quartile": 9.14, "Standard Deviation": 5.565322666348265}}}, {"Financial Statement Lines": {"Comparison": "Cluster elements in highest 75%", "Credit Rating Statistics": {"Mean": 11839.370105820108, "Median": 7430.65, "1st Quartile": 2149.8, "3rd Quartile": 10602.5, "Standard Deviation": 22372.45542657045}, "Cluster Statistics": {"Mean": 12597.500675675676, "Median": 10602.5, "1st Quartile": 10602.5, "3rd Quartile": 13213.237500000001, "Standard Deviation": 4138.596523830313}}}, {"Liquidity": {"Comparison": "Cluster elements in lower half", "Credit Rating Statistics": {"Mean": 0.7688148148148147, "Median": 0.585, "1st Quartile": 0.406, "3rd Quartile": 0.949, "Standard Deviation": 0.6515731492941145}, "Cluster Statistics": {"Mean": 0.5796621621621622, "Median": 0.436, "1st Quartile": 0.218, "3rd Quartile": 0.89, "Standard Deviation": 0.46319592716978464}}}, {"Efficiency": {"Comparison": "Cluster elements in highest 75%", "Credit Rating Statistics": {"Mean": 1.1438280423280425, "Median": 0.921, "1st Quartile": 0.58, "3rd Quartile": 1.18, "Standard Deviation": 0.8571372608413559}, "Cluster Statistics": {"Mean": 1.662445945945946, "Median": 1.06, "1st Quartile": 0.60775, "3rd Quartile": 2.9, "Standard Deviation": 1.1240295861727452}}}]}, "CLUSTER 2": {"RATING BBB+": [{"Leverage": {"Comparison": "Cluster elements in lower half", "Credit Rating Statistics": {"Mean": 10.788538461538462, "Median": 8.895, "1st Quartile": 5.73, "3rd Quartile": 12.467500000000001, "Standard Deviation": 6.981028503025837}, "Cluster Statistics": {"Mean": 7.405, "Median": 7.185, "1st Quartile": 6.584999999999999, "3rd Quartile": 8.00625, "Standard Deviation": 1.6409905545127308}}}, {"Profitability": {"Comparison": "Cluster elements in lower half", "Credit Rating Statistics": {"Mean": 10.718447115384615, "Median": 9.325, "1st Quartile": 5.4725, "3rd Quartile": 14.625, "Standard Deviation": 7.7699341253389695}, "Cluster Statistics": {"Mean": 9.13, "Median": 9.01, "1st Quartile": 7.01, "3rd Quartile": 10.3275,