{"Algorithm Parameters": {"Threshold Value": 0.1, "Braching Factor": 17, "K": 19}, "Algorithm Performance": {"Silhouette Score": 0.3337420499182153}, "Clusters Content Analysis": {"Predictive Power": {"Global": {"Metrics": {"Class: Upgrade": {"Accuracy": 0.5384615384615384, "Precision": 0.6818181818181818, "Recall": 0.875, "F1-Score": 0.7664233576642336}, "Class: Downgrade": {"Accuracy": 0.8888888888888888, "Precision": 0.6818181818181818, "Recall": 0.5714285714285714, "F1-Score": 0.621761658031088}}, "Confusion Matrix": {"predicted_down_AND_was_down": 8, "predicted_up_AND_was_up": 7, "predicted_no_change_AND_was_no_change": 4, "predicted_down_BUT_was_up": 1, "predicted_down_BUT_was_no_change": 615, "predicted_no_change_BUT_was_up": 0, "predicted_no_change_BUT_was_down": 0, "predicted_up_BUT_was_down": 6, "predicted_up_BUT_was_no_change": 457}}, "Restricted to jumps to or from below B-": {"Metrics": {"Class: Upgrade": "No element of this class", "Class: Downgrade": "No element of this class"}, "Confusion Matrix": {"predicted_down_AND_was_down": 0, "predicted_up_AND_was_up": 0, "predicted_no_change_AND_was_no_change": 4, "predicted_down_BUT_was_up": 0, "predicted_down_BUT_was_no_change": 624, "predicted_no_change_BUT_was_up": 0, "predicted_no_change_BUT_was_down": 0, "predicted_up_BUT_was_down": 0, "predicted_up_BUT_was_no_change": 470}}}, "Share of total companies in each clusters": [0.32786885245901637, 0.14389799635701275, 0.01092896174863388, 0.08743169398907104, 0.039162112932604735, 0.023679417122040074, 0.020947176684881604, 0.08652094717668488, 0.0546448087431694, 0.1029143897996357, 0.039162112932604735, 0.0036429872495446266, 0.020036429872495445, 0.0009107468123861566, 0.007285974499089253, 0.0018214936247723133, 0.026411657559198543, 0.0009107468123861566, 0.0018214936247723133, {"SUM": 0.9999999999999999}], "Clusters with significant ranges (count)": 16, "Significant Clusters (count)": 11, "Cluster Credit Ratings Shares": [{"4.0": 0.002777777777777778, "5.0": 0.005555555555555556, "6.0": 0.044444444444444446, "7.0": 0.11944444444444445, "8.0": 0.10277777777777777, "9.0": 0.26944444444444443, "10.0": 0.044444444444444446, "11.0": 0.058333333333333334, "12.0": 0.07777777777777778, "13.0": 0.08055555555555556, "15.0": 0.058333333333333334, "16.0": 0.03333333333333333, "17.0": 0.03333333333333333, "14.0": 0.06388888888888888, "18.0": 0.002777777777777778, "20.0": 0.002777777777777778}, {"4.0": 0.006329113924050633, "6.0": 0.03164556962025317, "7.0": 0.14556962025316456, "8.0": 0.14556962025316456, "9.0": 0.06962025316455696, "10.0": 0.10759493670886076, "11.0": 0.05063291139240506, "12.0": 0.10126582278481013, "13.0": 0.10759493670886076, "14.0": 0.10126582278481013, "15.0": 0.06329113924050633, "16.0": 0.03164556962025317, "17.0": 0.0379746835443038}, {"6.0": 0.08333333333333333, "10.0": 0.16666666666666666, "14.0": 0.08333333333333333, "8.0": 0.08333333333333333, "9.0": 0.3333333333333333, "12.0": 0.08333333333333333, "13.0": 0.16666666666666666}, {"7.0": 0.09375, "9.0": 0.20833333333333334, "11.0": 0.13541666666666666, "4.0": 0.010416666666666666, "6.0": 0.041666666666666664, "8.0": 0.08333333333333333, "10.0": 0.14583333333333334, "12.0": 0.10416666666666667, "13.0": 0.041666666666666664, "14.0": 0.03125, "15.0": 0.03125, "16.0": 0.03125, "17.0": 0.03125, "20.0": 0.010416666666666666}, {"7.0": 0.13953488372093023, "10.0": 0.11627906976744186, "6.0": 0.023255813953488372, "8.0": 0.046511627906976744, "9.0": 0.13953488372093023, "11.0": 0.06976744186046512, "12.0": 0.046511627906976744, "13.0": 0.16279069767441862, "14.0": 0.13953488372093023, "15.0": 0.06976744186046512, "17.0": 0.046511627906976744}, {"8.0": 0.19230769230769232, "4.0": 0.038461538461538464, "5.0": 0.038461538461538464, "6.0": 0.07692307692307693, "7.0": 0.15384615384615385, "9.0": 0.038461538461538464, "10.0": 0.07692307692307693, "11.0": 0.11538461538461539, "12.0": 0.038461538461538464, "13.0": 0.07692307692307693, "14.0": 0.07692307692307693, "15.0": 0.038461538461538464, "17.0": 0.038461538461538464}, {"9.0": 0.17391304347826086, "11.0": 0.13043478260869565, "4.0": 0.08695652173913043, "5.0": 0.08695652173913043, "7.0": 0.08695652173913043, "8.0": 0.21739130434782608, "10.0": 0.08695652173913043, "12.0": 0.08695652173913043, "17.0": 0.043478260869565216}, {"9.0": 0.14736842105263157, "10.0": 0.4105263157894737, "11.0": 0.09473684210526316, "16.0": 0.031578947368421054, "6.0": 0.010526315789473684, "7.0": 0.05263157894736842, "8.0": 0.09473684210526316, "12.0": 0.042105263157894736, "13.0": 0.042105263157894736, "14.0": 0.06315789473684211, "15.0": 0.010526315789473684}, {"9.0": 0.2, "15.0": 0.016666666666666666, "2.0": 0.016666666666666666, "4.0": 0.06666666666666667, "5.0": 0.03333333333333333, "6.0": 0.03333333333333333, "7.0": 0.03333333333333333, "8.0": 0.2, "10.0": 0.1, "11.0": 0.06666666666666667, "12.0": 0.08333333333333333, "13.0": 0.05, "14.0": 0.06666666666666667, "17.0": 0.03333333333333333}, {"14.0": 0.12389380530973451, "4.0": 0.008849557522123894, "5.0": 0.017699115044247787, "6.0": 0.017699115044247787, "7.0": 0.035398230088495575, "8.0": 0.08849557522123894, "9.0": 0.23893805309734514, "10.0": 0.09734513274336283, "11.0": 0.10619469026548672, "12.0": 0.1415929203539823, "13.0": 0.07964601769911504, "15.0": 0.02654867256637168, "16.0": 0.008849557522123894, "17.0": 0.008849557522123894}, {"15.0": 0.046511627906976744, "6.0": 0.023255813953488372, "7.0": 0.046511627906976744, "8.0": 0.09302325581395349, "9.0": 0.18604651162790697, "10.0": 0.18604651162790697, "11.0": 0.11627906976744186, "12.0": 0.16279069767441862, "13.0": 0.023255813953488372, "14.0": 0.023255813953488372, "16.0": 0.046511627906976744, "17.0": 0.046511627906976744}, {"1.0": 0.25, "2.0": 0.25, "9.0": 0.5}, {"1.0": 0.045454545454545456, "5.0": 0.13636363636363635, "6.0": 0.09090909090909091, "7.0": 0.045454545454545456, "8.0": 0.13636363636363635, "9.0": 0.18181818181818182, "10.0": 0.18181818181818182, "11.0": 0.09090909090909091, "12.0": 0.045454545454545456, "16.0": 0.045454545454545456}, {"3.0": 1.0}, {"4.0": 0.125, "7.0": 0.125, "8.0": 0.375, "9.0": 0.125, "10.0": 0.125, "11.0": 0.125}, {"7.0": 1.0}, {"7.0": 0.06896551724137931, "8.0": 0.06896551724137931, "9.0": 0.2413793103448276, "10.0": 0.27586206896551724, "12.0": 0.10344827586206896, "13.0": 0.06896551724137931, "14.0": 0.06896551724137931, "16.0": 0.034482758620689655, "17.0": 0.034482758620689655, "18.0": 0.034482758620689655}, {"9.0": 1.0}, {"11.0": 0.5, "20.0": 0.5}], "Share of total companies with given credit rating in each cluter": [{"4.0": 0.08333333333333333, "5.0": 0.16666666666666666, "6.0": 0.43243243243243246, "7.0": 0.4056603773584906, "8.0": 0.29838709677419356, "9.0": 0.4429223744292237, "10.0": 0.11851851851851852, "11.0": 0.24705882352941178, "12.0": 0.2916666666666667, "13.0": 0.3625, "15.0": 0.4666666666666667, "16.0": 0.42857142857142855, "17.0": 0.3870967741935484, "14.0": 0.2948717948717949, "18.0": 0.5, "20.0": 0.3333333333333333}, {"4.0": 0.08333333333333333, "6.0": 0.13513513513513514, "7.0": 0.2169811320754717, "8.0": 0.18548387096774194, "9.0": 0.0502283105022831, "10.0": 0.1259259259259259, "11.0": 0.09411764705882353, "12.0": 0.16666666666666666, "13.0": 0.2125, "14.0": 0.20512820512820512, "15.0": 0.2222222222222222, "16.0": 0.17857142857142858, "17.0": 0.1935483870967742}, {"6.0": 0.02702702702702703, "10.0": 0.014814814814814815, "14.0": 0.01282051282051282, "8.0": 0.008064516129032258, "9.0": 0.0182648401826484, "12.0": 0.010416666666666666, "13.0": 0.025}, {"7.0": 0.08490566037735849, "9.0": 0.091324200913242, "11.0": 0.15294117647058825, "4.0": 0.08333333333333333, "6.0": 0.10810810810810811, "8.0": 0.06451612903225806, "10.0": 0.1037037037037037, "12.0": 0.10416666666666667, "13.0": 0.05, "14.0": 0.038461538461538464, "15.0": 0.06666666666666667, "16.0": 0.10714285714285714, "17.0": 0.0967741935483871, "20.0": 0.3333333333333333}, {"7.0": 0.05660377358490566, "10.0": 0.037037037037037035,