{"Algorithm Parameters": {"Threshold Value": 0.1, "Braching Factor": 52, "K": 19}, "Algorithm Performance": {"Calinski Harabasz Index": 372.18572066274044}, "Clusters Content Analysis": {"Predictive Power": {"Global": {"Metrics": {"Class: Upgrade": {"Accuracy": 0.5714285714285714, "Precision": 0.7272727272727273, "Recall": 1.0, "F1-Score": 0.8421052631578948}, "Class: Downgrade": {"Accuracy": 1.0, "Precision": 0.7272727272727273, "Recall": 0.5714285714285714, "F1-Score": 0.64}}, "Confusion Matrix": {"predicted_down_AND_was_down": 8, "predicted_up_AND_was_up": 8, "predicted_no_change_AND_was_no_change": 4, "predicted_down_BUT_was_up": 0, "predicted_down_BUT_was_no_change": 583, "predicted_no_change_BUT_was_up": 0, "predicted_no_change_BUT_was_down": 0, "predicted_up_BUT_was_down": 6, "predicted_up_BUT_was_no_change": 489}}, "Restricted to jumps to or from below B-": {"Metrics": {"Class: Upgrade": "No element of this class", "Class: Downgrade": "No element of this class"}, "Confusion Matrix": {"predicted_down_AND_was_down": 0, "predicted_up_AND_was_up": 0, "predicted_no_change_AND_was_no_change": 4, "predicted_down_BUT_was_up": 0, "predicted_down_BUT_was_no_change": 591, "predicted_no_change_BUT_was_up": 0, "predicted_no_change_BUT_was_down": 0, "predicted_up_BUT_was_down": 0, "predicted_up_BUT_was_no_change": 503}}}, "Share of total companies in each clusters": [0.28233151183970856, 0.13479052823315119, 0.006375227686703097, 0.07103825136612021, 0.06830601092896176, 0.05919854280510018, 0.022768670309653915, 0.07832422586520947, 0.06284153005464481, 0.0610200364298725, 0.00273224043715847, 0.07923497267759563, 0.01639344262295082, 0.0009107468123861566, 0.00546448087431694, 0.037340619307832425, 0.004553734061930784, 0.004553734061930784, 0.0018214936247723133, {"SUM": 1.0}], "Clusters with significant ranges (count)": 17, "Significant Clusters (count)": 10, "Cluster Credit Ratings Shares": [{"4.0": 0.0032258064516129032, "5.0": 0.0064516129032258064, "6.0": 0.04516129032258064, "7.0": 0.12580645161290321, "8.0": 0.11612903225806452, "9.0": 0.3032258064516129, "10.0": 0.041935483870967745, "11.0": 0.05161290322580645, "12.0": 0.08064516129032258, "13.0": 0.07419354838709677, "16.0": 0.02258064516129032, "17.0": 0.03225806451612903, "14.0": 0.05161290322580645, "15.0": 0.03870967741935484, "18.0": 0.0032258064516129032, "20.0": 0.0032258064516129032}, {"4.0": 0.006756756756756757, "6.0": 0.04054054054054054, "7.0": 0.10135135135135136, "8.0": 0.0945945945945946, "9.0": 0.12837837837837837, "10.0": 0.06756756756756757, "11.0": 0.06756756756756757, "14.0": 0.12837837837837837, "5.0": 0.006756756756756757, "12.0": 0.13513513513513514, "13.0": 0.12162162162162163, "15.0": 0.05405405405405406, "16.0": 0.02702702702702703, "17.0": 0.02027027027027027}, {"6.0": 0.14285714285714285, "8.0": 0.14285714285714285, "9.0": 0.42857142857142855, "10.0": 0.14285714285714285, "12.0": 0.14285714285714285}, {"7.0": 0.11538461538461539, "8.0": 0.1794871794871795, "10.0": 0.14102564102564102, "11.0": 0.05128205128205128, "14.0": 0.08974358974358974, "6.0": 0.01282051282051282, "9.0": 0.10256410256410256, "12.0": 0.08974358974358974, "13.0": 0.07692307692307693, "15.0": 0.07692307692307693, "16.0": 0.02564102564102564, "17.0": 0.038461538461538464}, {"7.0": 0.14666666666666667, "8.0": 0.16, "4.0": 0.013333333333333334, "5.0": 0.013333333333333334, "6.0": 0.08, "9.0": 0.16, "10.0": 0.13333333333333333, "11.0": 0.10666666666666667, "12.0": 0.04, "13.0": 0.02666666666666667, "14.0": 0.04, "15.0": 0.02666666666666667, "16.0": 0.04, "17.0": 0.013333333333333334}, {"7.0": 0.09230769230769231, "10.0": 0.09230769230769231, "4.0": 0.03076923076923077, "6.0": 0.015384615384615385, "8.0": 0.09230769230769231, "9.0": 0.16923076923076924, "11.0": 0.07692307692307693, "12.0": 0.07692307692307693, "13.0": 0.13846153846153847, "14.0": 0.1076923076923077, "15.0": 0.046153846153846156, "16.0": 0.015384615384615385, "17.0": 0.046153846153846156}, {"9.0": 0.2, "11.0": 0.12, "4.0": 0.08, "5.0": 0.08, "7.0": 0.04, "8.0": 0.24, "10.0": 0.08, "12.0": 0.08, "14.0": 0.04, "17.0": 0.04}, {"9.0": 0.23255813953488372, "10.0": 0.1511627906976744, "11.0": 0.11627906976744186, "15.0": 0.03488372093023256, "16.0": 0.046511627906976744, "6.0": 0.023255813953488372, "7.0": 0.09302325581395349, "8.0": 0.09302325581395349, "12.0": 0.10465116279069768, "13.0": 0.046511627906976744, "14.0": 0.03488372093023256, "17.0": 0.023255813953488372}, {"9.0": 0.10144927536231885, "10.0": 0.10144927536231885, "15.0": 0.13043478260869565, "4.0": 0.014492753623188406, "6.0": 0.014492753623188406, "7.0": 0.057971014492753624, "8.0": 0.10144927536231885, "11.0": 0.08695652173913043, "12.0": 0.057971014492753624, "13.0": 0.08695652173913043, "14.0": 0.13043478260869565, "16.0": 0.07246376811594203, "17.0": 0.043478260869565216}, {"9.0": 0.19402985074626866, "4.0": 0.029850746268656716, "6.0": 0.014925373134328358, "7.0": 0.04477611940298507, "8.0": 0.04477611940298507, "10.0": 0.11940298507462686, "11.0": 0.1791044776119403, "12.0": 0.11940298507462686, "13.0": 0.08955223880597014, "14.0": 0.07462686567164178, "15.0": 0.014925373134328358, "17.0": 0.05970149253731343, "20.0": 0.014925373134328358}, {"1.0": 0.3333333333333333, "2.0": 0.3333333333333333, "9.0": 0.3333333333333333}, {"1.0": 0.011494252873563218, "5.0": 0.034482758620689655, "6.0": 0.011494252873563218, "8.0": 0.09195402298850575, "9.0": 0.16091954022988506, "10.0": 0.45977011494252873, "11.0": 0.06896551724137931, "12.0": 0.05747126436781609, "13.0": 0.034482758620689655, "14.0": 0.05747126436781609, "15.0": 0.011494252873563218}, {"2.0": 0.05555555555555555, "4.0": 0.05555555555555555, "5.0": 0.16666666666666666, "6.0": 0.1111111111111111, "7.0": 0.1111111111111111, "8.0": 0.1111111111111111, "9.0": 0.1111111111111111, "10.0": 0.05555555555555555, "11.0": 0.05555555555555555, "12.0": 0.1111111111111111, "14.0": 0.05555555555555555}, {"3.0": 1.0}, {"4.0": 0.16666666666666666, "8.0": 0.3333333333333333, "9.0": 0.16666666666666666, "10.0": 0.16666666666666666, "11.0": 0.16666666666666666}, {"6.0": 0.024390243902439025, "7.0": 0.0975609756097561, "8.0": 0.07317073170731707, "9.0": 0.21951219512195122, "10.0": 0.2682926829268293, "11.0": 0.024390243902439025, "12.0": 0.0975609756097561, "13.0": 0.04878048780487805, "14.0": 0.04878048780487805, "16.0": 0.04878048780487805, "17.0": 0.024390243902439025, "18.0": 0.024390243902439025}, {"7.0": 0.4, "8.0": 0.2, "10.0": 0.2, "11.0": 0.2}, {"7.0": 0.4, "8.0": 0.2, "12.0": 0.2, "13.0": 0.2}, {"11.0": 0.5, "20.0": 0.5}], "Share of total companies with given credit rating in each cluter": [{"4.0": 0.08333333333333333, "5.0": 0.16666666666666666, "6.0": 0.3783783783783784, "7.0": 0.36792452830188677, "8.0": 0.2903225806451613, "9.0": 0.4292237442922374, "10.0": 0.0962962962962963, "11.0": 0.18823529411764706, "12.0": 0.2604166666666667, "13.0": 0.2875, "16.0": 0.25, "17.0": 0.3225806451612903, "14.0": 0.20512820512820512, "15.0": 0.26666666666666666, "18.0": 0.5, "20.0": 0.3333333333333333}, {"4.0": 0.08333333333333333, "6.0": 0.16216216216216217, "7.0": 0.14150943396226415, "8.0": 0.11290322580645161, "9.0": 0.0867579908675799, "10.0": 0.07407407407407407, "11.0": 0.11764705882352941, "14.0": 0.24358974358974358, "5.0": 0.08333333333333333, "12.0": 0.20833333333333334, "13.0": 0.225, "15.0": 0.17777777777777778, "16.0": 0.14285714285714285, "17.0": 0.0967741935483871}, {"6.0": 0.02702702702702703, "8.0": 0.008064516129032258, "9.0": 0.0136986301369863, "10.0": 0.007407407407407408, "12.0": 0.010416666666666666}, {"7.0": 0.08490566037735849, "8.0": 0.11290322580645161, "10.0": 0.08148148148148149, "11.0": 0.047058823529411764, "14.0": 0.08974358974358974, "6.0": 0.02702702702702703, "9.0": 0.0365296803652968, "12.0": 0.07291666666666667, "13.0": 0.075, "15.0": 0.13333333333333333, "16.0": 0.07142857142857142, "17.0": 0.0967741935483871}, {"7.0": 0.10377358490566038, "8.0": 0.0967741935483871, "4.0": 0.08333333333333333,