{"Algorithm Parameters": {"K": 19}, "Algorithm Performance": {"WCSS": 15.068052990408335, "Silhouette Score": 0.36425693603145826, "Calinski Harabasz Index": 393.0298607355669}, "Clusters Content Analysis": {"Predictive Power": {"Global": {"Metrics": {"Class: Upgrade": {"Accuracy": 0.5384615384615384, "Precision": 0.6818181818181818, "Recall": 0.875, "F1-Score": 0.7664233576642336}, "Class: Downgrade": {"Accuracy": 0.8888888888888888, "Precision": 0.6818181818181818, "Recall": 0.5714285714285714, "F1-Score": 0.621761658031088}}, "Confusion Matrix": {"predicted_down_AND_was_down": 8, "predicted_up_AND_was_up": 7, "predicted_no_change_AND_was_no_change": 3, "predicted_down_BUT_was_up": 1, "predicted_down_BUT_was_no_change": 616, "predicted_no_change_BUT_was_up": 0, "predicted_no_change_BUT_was_down": 0, "predicted_up_BUT_was_down": 6, "predicted_up_BUT_was_no_change": 457}}, "Restricted to jumps to or from below B-": {"Metrics": {"Class: Upgrade": "No element of this class", "Class: Downgrade": "No element of this class"}, "Confusion Matrix": {"predicted_down_AND_was_down": 0, "predicted_up_AND_was_up": 0, "predicted_no_change_AND_was_no_change": 3, "predicted_down_BUT_was_up": 0, "predicted_down_BUT_was_no_change": 625, "predicted_no_change_BUT_was_up": 0, "predicted_no_change_BUT_was_down": 0, "predicted_up_BUT_was_down": 0, "predicted_up_BUT_was_no_change": 470}}}, "Share of total companies in each clusters": [0.3224043715846995, 0.09562841530054644, 0.01366120218579235, 0.0610200364298725, 0.040983606557377046, 0.10382513661202186, 0.020036429872495445, 0.009107468123861567, 0.04189435336976321, 0.052823315118397086, 0.056466302367941715, 0.01366120218579235, 0.017304189435336976, 0.007285974499089253, 0.061930783242258654, 0.025500910746812388, 0.044626593806921674, 0.01092896174863388, 0.0009107468123861566, {"SUM": 1.0000000000000002}], "Clusters with significant ranges (count)": 18, "Significant Clusters (count)": 11, "Cluster Credit Ratings Shares": [{"4.0": 0.002824858757062147, "5.0": 0.005649717514124294, "6.0": 0.0423728813559322, "7.0": 0.11864406779661017, "8.0": 0.10734463276836158, "9.0": 0.2711864406779661, "10.0": 0.04519774011299435, "11.0": 0.05649717514124294, "12.0": 0.07909604519774012, "13.0": 0.07344632768361582, "15.0": 0.05649717514124294, "16.0": 0.031073446327683617, "17.0": 0.03389830508474576, "14.0": 0.06779661016949153, "18.0": 0.002824858757062147, "20.0": 0.005649717514124294}, {"4.0": 0.009523809523809525, "6.0": 0.047619047619047616, "7.0": 0.14285714285714285, "8.0": 0.10476190476190476, "9.0": 0.06666666666666667, "10.0": 0.0761904761904762, "11.0": 0.047619047619047616, "14.0": 0.1619047619047619, "12.0": 0.09523809523809523, "13.0": 0.13333333333333333, "15.0": 0.05714285714285714, "16.0": 0.02857142857142857, "17.0": 0.02857142857142857}, {"6.0": 0.13333333333333333, "14.0": 0.06666666666666667, "7.0": 0.06666666666666667, "8.0": 0.06666666666666667, "9.0": 0.26666666666666666, "10.0": 0.06666666666666667, "12.0": 0.13333333333333333, "13.0": 0.2}, {"7.0": 0.13432835820895522, "8.0": 0.16417910447761194, "10.0": 0.14925373134328357, "11.0": 0.04477611940298507, "9.0": 0.11940298507462686, "12.0": 0.1044776119402985, "13.0": 0.05970149253731343, "14.0": 0.07462686567164178, "15.0": 0.07462686567164178, "16.0": 0.029850746268656716, "17.0": 0.04477611940298507}, {"7.0": 0.2, "2.0": 0.022222222222222223, "6.0": 0.1111111111111111, "8.0": 0.13333333333333333, "9.0": 0.17777777777777778, "10.0": 0.1111111111111111, "11.0": 0.08888888888888889, "12.0": 0.022222222222222223, "13.0": 0.022222222222222223, "14.0": 0.022222222222222223, "15.0": 0.022222222222222223, "16.0": 0.06666666666666667}, {"7.0": 0.07894736842105263, "9.0": 0.16666666666666666, "10.0": 0.09649122807017543, "15.0": 0.043859649122807015, "4.0": 0.03508771929824561, "5.0": 0.017543859649122806, "6.0": 0.03508771929824561, "8.0": 0.12280701754385964, "11.0": 0.08771929824561403, "12.0": 0.07017543859649122, "13.0": 0.10526315789473684, "14.0": 0.09649122807017543, "16.0": 0.008771929824561403, "17.0": 0.03508771929824561}, {"8.0": 0.2727272727272727, "4.0": 0.045454545454545456, "5.0": 0.09090909090909091, "7.0": 0.13636363636363635, "9.0": 0.045454545454545456, "10.0": 0.09090909090909091, "11.0": 0.13636363636363635, "12.0": 0.045454545454545456, "13.0": 0.045454545454545456, "14.0": 0.045454545454545456, "17.0": 0.045454545454545456}, {"9.0": 0.2, "11.0": 0.2, "4.0": 0.1, "7.0": 0.1, "8.0": 0.4}, {"9.0": 0.21739130434782608, "16.0": 0.021739130434782608, "6.0": 0.021739130434782608, "7.0": 0.043478260869565216, "8.0": 0.10869565217391304, "10.0": 0.17391304347826086, "11.0": 0.15217391304347827, "12.0": 0.13043478260869565, "13.0": 0.06521739130434782, "14.0": 0.043478260869565216, "15.0": 0.021739130434782608}, {"9.0": 0.2413793103448276, "4.0": 0.034482758620689655, "6.0": 0.017241379310344827, "7.0": 0.034482758620689655, "8.0": 0.05172413793103448, "10.0": 0.15517241379310345, "11.0": 0.1206896551724138, "12.0": 0.08620689655172414, "13.0": 0.06896551724137931, "14.0": 0.08620689655172414, "15.0": 0.017241379310344827, "17.0": 0.06896551724137931, "20.0": 0.017241379310344827}, {"10.0": 0.1774193548387097, "11.0": 0.12903225806451613, "15.0": 0.04838709677419355, "5.0": 0.016129032258064516, "7.0": 0.04838709677419355, "8.0": 0.0967741935483871, "9.0": 0.22580645161290322, "12.0": 0.11290322580645161, "13.0": 0.03225806451612903, "14.0": 0.016129032258064516, "16.0": 0.06451612903225806, "17.0": 0.03225806451612903}, {"1.0": 0.13333333333333333, "2.0": 0.06666666666666667, "3.0": 0.06666666666666667, "5.0": 0.2, "7.0": 0.06666666666666667, "8.0": 0.13333333333333333, "9.0": 0.06666666666666667, "10.0": 0.2, "11.0": 0.06666666666666667}, {"4.0": 0.05263157894736842, "7.0": 0.10526315789473684, "8.0": 0.2631578947368421, "9.0": 0.21052631578947367, "10.0": 0.15789473684210525, "11.0": 0.10526315789473684, "14.0": 0.05263157894736842, "17.0": 0.05263157894736842}, {"4.0": 0.125, "5.0": 0.125, "7.0": 0.125, "8.0": 0.125, "9.0": 0.25, "10.0": 0.125, "12.0": 0.125}, {"5.0": 0.014705882352941176, "6.0": 0.014705882352941176, "7.0": 0.014705882352941176, "8.0": 0.08823529411764706, "9.0": 0.25, "10.0": 0.058823529411764705, "11.0": 0.14705882352941177, "12.0": 0.20588235294117646, "13.0": 0.10294117647058823, "14.0": 0.058823529411764705, "15.0": 0.029411764705882353, "16.0": 0.014705882352941176}, {"6.0": 0.07142857142857142, "7.0": 0.10714285714285714, "8.0": 0.07142857142857142, "9.0": 0.21428571428571427, "10.0": 0.25, "12.0": 0.14285714285714285, "13.0": 0.03571428571428571, "16.0": 0.07142857142857142, "18.0": 0.03571428571428571}, {"6.0": 0.02040816326530612, "8.0": 0.04081632653061224, "9.0": 0.061224489795918366, "10.0": 0.673469387755102, "11.0": 0.061224489795918366, "12.0": 0.04081632653061224, "13.0": 0.02040816326530612, "14.0": 0.061224489795918366, "15.0": 0.02040816326530612}, {"7.0": 0.16666666666666666, "8.0": 0.08333333333333333, "9.0": 0.16666666666666666, "10.0": 0.25, "13.0": 0.08333333333333333, "14.0": 0.16666666666666666, "17.0": 0.08333333333333333}, {"9.0": 1.0}], "Share of total companies with given credit rating in each cluter": [{"4.0": 0.08333333333333333, "5.0": 0.16666666666666666, "6.0": 0.40540540540540543, "7.0": 0.39622641509433965, "8.0": 0.3064516129032258, "9.0": 0.4383561643835616, "10.0": 0.11851851851851852, "11.0": 0.23529411764705882, "12.0": 0.2916666666666667, "13.0": 0.325, "15.0": 0.4444444444444444, "16.0": 0.39285714285714285, "17.0": 0.3870967741935484, "14.0": 0.3076923076923077, "18.0": 0.5, "20.0": 0.6666666666666666}, {"4.0": 0.08333333333333333, "6.0": 0.13513513513513514, "7.0": 0.14150943396226415, "8.0": 0.08870967741935484, "9.0": 0.0319634703196347, "10.0": 0.05925925925925926, "11.0": 0.058823529411764705, "14.0": 0.21794871794871795, "12.0": 0.10416666666666667, "13.0": 0.175, "15.0": 0.13333333333333333, "16.0": 0.10714285714285714,