{"Algorithm Parameters": {"K": 19}, "Algorithm Performance": {"WCSS": 24.471880836967937, "Silhouette Score": 0.282303787981898, "Calinski Harabasz Index": 375.55093366088795}, "Clusters Content Analysis": {"Predictive Power": {"Global": {"Metrics": {"Class: Upgrade": {"Accuracy": 0.6428571428571429, "Precision": 0.76, "Recall": 0.9, "F1-Score": 0.8240963855421687}, "Class: Downgrade": {"Accuracy": 0.9090909090909091, "Precision": 0.76, "Recall": 0.6666666666666666, "F1-Score": 0.7102803738317756}}, "Confusion Matrix": {"predicted_down_AND_was_down": 10, "predicted_up_AND_was_up": 9, "predicted_no_change_AND_was_no_change": 2, "predicted_down_BUT_was_up": 1, "predicted_down_BUT_was_no_change": 724, "predicted_no_change_BUT_was_up": 0, "predicted_no_change_BUT_was_down": 0, "predicted_up_BUT_was_down": 5, "predicted_up_BUT_was_no_change": 590}}, "Restricted to jumps to or from below B-": {"Metrics": {"Class: Upgrade": "No element of this class", "Class: Downgrade": "No element of this class"}, "Confusion Matrix": {"predicted_down_AND_was_down": 0, "predicted_up_AND_was_up": 0, "predicted_no_change_AND_was_no_change": 2, "predicted_down_BUT_was_up": 0, "predicted_down_BUT_was_no_change": 735, "predicted_no_change_BUT_was_up": 0, "predicted_no_change_BUT_was_down": 0, "predicted_up_BUT_was_down": 0, "predicted_up_BUT_was_no_change": 604}}}, "Share of total companies in each clusters": [0.29903057419835943, 0.10738255033557047, 0.06413124533929904, 0.048471290082028336, 0.02162565249813572, 0.09917971662938106, 0.013422818791946308, 0.061894108873974646, 0.04399701715137957, 0.04325130499627144, 0.020134228187919462, 0.049217002237136466, 0.03355704697986577, 0.007457121551081283, 0.05145413870246085, 0.013422818791946308, 0.020879940343027592, 0.0007457121551081282, 0.0007457121551081282, {"SUM": 0.9999999999999998}], "Clusters with significant ranges (count)": 17, "Significant Clusters (count)": 14, "Cluster Credit Ratings Shares": [{"1.0": 0.004987531172069825, "2.0": 0.004987531172069825, "3.0": 0.014962593516209476, "4.0": 0.00997506234413965, "5.0": 0.034912718204488775, "6.0": 0.05236907730673317, "7.0": 0.12967581047381546, "8.0": 0.1371571072319202, "9.0": 0.12967581047381546, "10.0": 0.04488778054862843, "11.0": 0.06483790523690773, "12.0": 0.08478802992518704, "13.0": 0.0773067331670823, "14.0": 0.07481296758104738, "15.0": 0.06234413965087282, "16.0": 0.0399002493765586, "17.0": 0.02743142144638404, "18.0": 0.0024937655860349127, "20.0": 0.0024937655860349127}, {"2.0": 0.006944444444444444, "4.0": 0.006944444444444444, "5.0": 0.027777777777777776, "6.0": 0.0763888888888889, "7.0": 0.125, "8.0": 0.1527777777777778, "9.0": 0.09027777777777778, "10.0": 0.06944444444444445, "12.0": 0.08333333333333333, "13.0": 0.11805555555555555, "15.0": 0.0763888888888889, "17.0": 0.027777777777777776, "18.0": 0.006944444444444444, "20.0": 0.006944444444444444, "11.0": 0.027777777777777776, "14.0": 0.0763888888888889, "16.0": 0.020833333333333332}, {"2.0": 0.011627906976744186, "3.0": 0.011627906976744186, "4.0": 0.011627906976744186, "5.0": 0.011627906976744186, "6.0": 0.011627906976744186, "7.0": 0.13953488372093023, "8.0": 0.13953488372093023, "10.0": 0.12790697674418605, "11.0": 0.046511627906976744, "13.0": 0.06976744186046512, "14.0": 0.08139534883720931, "15.0": 0.09302325581395349, "9.0": 0.09302325581395349, "12.0": 0.08139534883720931, "16.0": 0.03488372093023256, "17.0": 0.03488372093023256}, {"3.0": 0.015384615384615385, "5.0": 0.03076923076923077, "7.0": 0.07692307692307693, "9.0": 0.2, "4.0": 0.03076923076923077, "6.0": 0.03076923076923077, "8.0": 0.07692307692307693, "10.0": 0.12307692307692308, "11.0": 0.12307692307692308, "12.0": 0.09230769230769231, "13.0": 0.046153846153846156, "14.0": 0.09230769230769231, "16.0": 0.015384615384615385, "17.0": 0.03076923076923077, "20.0": 0.015384615384615385}, {"4.0": 0.06896551724137931, "8.0": 0.10344827586206896, "14.0": 0.06896551724137931, "5.0": 0.10344827586206896, "6.0": 0.06896551724137931, "7.0": 0.13793103448275862, "9.0": 0.06896551724137931, "10.0": 0.13793103448275862, "11.0": 0.10344827586206896, "12.0": 0.06896551724137931, "13.0": 0.034482758620689655, "17.0": 0.034482758620689655}, {"5.0": 0.03759398496240601, "7.0": 0.07518796992481203, "9.0": 0.15037593984962405, "10.0": 0.09774436090225563, "11.0": 0.08270676691729323, "12.0": 0.06766917293233082, "13.0": 0.11278195488721804, "14.0": 0.11278195488721804, "15.0": 0.05263157894736842, "16.0": 0.007518796992481203, "4.0": 0.03007518796992481, "6.0": 0.045112781954887216, "8.0": 0.10526315789473684, "17.0": 0.022556390977443608}, {"6.0": 0.16666666666666666, "9.0": 0.2222222222222222, "5.0": 0.05555555555555555, "7.0": 0.2222222222222222, "8.0": 0.05555555555555555, "10.0": 0.05555555555555555, "12.0": 0.16666666666666666, "13.0": 0.05555555555555555}, {"6.0": 0.024096385542168676, "9.0": 0.1927710843373494, "10.0": 0.0963855421686747, "11.0": 0.1566265060240964, "13.0": 0.12048192771084337, "14.0": 0.0963855421686747, "5.0": 0.012048192771084338, "7.0": 0.024096385542168676, "8.0": 0.04819277108433735, "12.0": 0.1686746987951807, "15.0": 0.03614457831325301, "16.0": 0.012048192771084338, "17.0": 0.012048192771084338}, {"7.0": 0.15254237288135594, "10.0": 0.2033898305084746, "3.0": 0.01694915254237288, "6.0": 0.0847457627118644, "8.0": 0.06779661016949153, "9.0": 0.1864406779661017, "11.0": 0.0847457627118644, "12.0": 0.0847457627118644, "13.0": 0.01694915254237288, "14.0": 0.01694915254237288, "15.0": 0.01694915254237288, "16.0": 0.03389830508474576, "17.0": 0.03389830508474576}, {"7.0": 0.1896551724137931, "8.0": 0.13793103448275862, "15.0": 0.05172413793103448, "6.0": 0.10344827586206896, "9.0": 0.13793103448275862, "10.0": 0.1206896551724138, "11.0": 0.10344827586206896, "12.0": 0.06896551724137931, "13.0": 0.034482758620689655, "14.0": 0.034482758620689655, "16.0": 0.017241379310344827}, {"8.0": 0.25925925925925924, "9.0": 0.2222222222222222, "4.0": 0.1111111111111111, "6.0": 0.037037037037037035, "7.0": 0.037037037037037035, "10.0": 0.07407407407407407, "11.0": 0.037037037037037035, "12.0": 0.037037037037037035, "13.0": 0.07407407407407407, "14.0": 0.037037037037037035, "17.0": 0.07407407407407407}, {"8.0": 0.18181818181818182, "9.0": 0.21212121212121213, "10.0": 0.18181818181818182, "13.0": 0.06060606060606061, "14.0": 0.06060606060606061, "16.0": 0.015151515151515152, "2.0": 0.015151515151515152, "5.0": 0.030303030303030304, "6.0": 0.015151515151515152, "7.0": 0.045454545454545456, "11.0": 0.07575757575757576, "12.0": 0.07575757575757576, "15.0": 0.030303030303030304}, {"9.0": 0.2, "2.0": 0.022222222222222223, "3.0": 0.022222222222222223, "4.0": 0.022222222222222223, "6.0": 0.08888888888888889, "7.0": 0.13333333333333333, "8.0": 0.15555555555555556, "10.0": 0.13333333333333333, "11.0": 0.13333333333333333, "12.0": 0.022222222222222223, "13.0": 0.022222222222222223, "14.0": 0.044444444444444446}, {"11.0": 0.2, "4.0": 0.1, "7.0": 0.2, "8.0": 0.4, "10.0": 0.1}, {"11.0": 0.08695652173913043, "15.0": 0.043478260869565216, "17.0": 0.043478260869565216, "5.0": 0.028985507246376812, "7.0": 0.028985507246376812, "8.0": 0.11594202898550725, "9.0": 0.21739130434782608, "10.0": 0.11594202898550725, "12.0": 0.14492753623188406, "13.0": 0.07246376811594203, "14.0": 0.057971014492753624, "16.0": 0.043478260869565216}, {"1.0": 0.1111111111111111, "2.0": 0.05555555555555555, "3.0": 0.1111111111111111, "4.0": 0.05555555555555555, "5.0": 0.1111111111111111, "6.0": 0.05555555555555555, "7.0": 0.16666666666666666, "8.0": 0.1111111111111111, "9.0": 0.05555555555555555, "10.0": 0.16666666666666666}, {"5.0": 0.03571428571428571, "7.0": 0.07142857142857142, "8.0": 0.10714285714285714, "9.0": 0.21428571428571427, "10.0": 0.21428571428571427, "12.0": 0.14285714285714285, "13.0": 0.03571428571428571, "14.0": 0.03571428571428571, "16.0": 0.07142857142857142, "17.0": 0.03571428571428571, "18.0": 0.03571428571428571}, {"9.0": 1.0}, {"9.0": 1.0}],