{"Algorithm Parameters": {"Threshold Value": 8.1, "Braching Factor": 67, "K": 2}, "Algorithm Performance": {"Silhouette Score": 0.790799860447813}, "Clusters Content Analysis": {"Predictive Power": {"Metrics": {"Class: Upgrade": {"Accuracy": 0.5, "Precision": 0.5454545454545454, "Recall": 0.8, "F1-Score": 0.6486486486486486}, "Class: Downgrade": {"Accuracy": 0.6666666666666666, "Precision": 0.5454545454545454, "Recall": 0.3333333333333333, "F1-Score": 0.41379310344827586}}, "Confusion Matrix": {"predicted_down_AND_was_down": 2, "predicted_up_AND_was_up": 4, "predicted_no_change_AND_was_no_change": 0, "predicted_down_BUT_was_up": 1, "predicted_down_BUT_was_no_change": 418, "predicted_no_change_BUT_was_up": 0, "predicted_no_change_BUT_was_down": 0, "predicted_up_BUT_was_down": 4, "predicted_up_BUT_was_no_change": 334}}, "Share of total companies in each clusters": [0.1127129750982962, 0.8872870249017037, {"SUM": 1.0}], "Clusters with significant ranges (count)": 2, "Significant Clusters (count)": 1, "Cluster Credit Ratings Shares": [{"1.0": 0.023255813953488372, "2.0": 0.011627906976744186, "3.0": 0.046511627906976744, "4.0": 0.09302325581395349, "5.0": 0.046511627906976744, "6.0": 0.13953488372093023, "7.0": 0.16279069767441862, "8.0": 0.23255813953488372, "9.0": 0.13953488372093023, "10.0": 0.05813953488372093, "11.0": 0.03488372093023256, "12.0": 0.011627906976744186}, {"2.0": 0.0029542097488921715, "3.0": 0.0014771048744460858, "4.0": 0.005908419497784343, "5.0": 0.023633677991137372, "6.0": 0.03840472673559823, "7.0": 0.08862629246676514, "8.0": 0.1240768094534712, "9.0": 0.16986706056129985, "10.0": 0.12112259970457903, "11.0": 0.08862629246676514, "12.0": 0.10635155096011817, "13.0": 0.07976366322008863, "14.0": 0.0827178729689808, "15.0": 0.03249630723781388, "16.0": 0.022156573116691284, "17.0": 0.011816838995568686}], "Share of total companies with given credit rating in each cluter": [{"1.0": 1.0, "2.0": 0.3333333333333333, "3.0": 0.8, "4.0": 0.6666666666666666, "5.0": 0.2, "6.0": 0.3157894736842105, "7.0": 0.1891891891891892, "8.0": 0.19230769230769232, "9.0": 0.09448818897637795, "10.0": 0.05747126436781609, "11.0": 0.047619047619047616, "12.0": 0.0136986301369863}, {"2.0": 0.6666666666666666, "3.0": 0.2, "4.0": 0.3333333333333333, "5.0": 0.8, "6.0": 0.6842105263157895, "7.0": 0.8108108108108109, "8.0": 0.8076923076923077, "9.0": 0.905511811023622, "10.0": 0.9425287356321839, "11.0": 0.9523809523809523, "12.0": 0.9863013698630136, "13.0": 1.0, "14.0": 1.0, "15.0": 1.0, "16.0": 1.0, "17.0": 1.0}], "Cluster ranges": [11.0, 15.0], "Cluster metrics of location and dispersion": [{"Mean": 6.988372093023256, "Median": 7.0, "1st Quartile": 6.0, "3rd Quartile": 8.0, "Standard Deviation": 2.2798112225322495, "Is Signficant": false}, {"Mean": 10.224519940915805, "Median": 10.0, "1st Quartile": 8.0, "3rd Quartile": 12.0, "Standard Deviation": 2.7995233211518813, "Is Signficant": true}], "Cluster entropies": [3.122251280278124, 3.4776577498741985], "Maximum entropy": 3.4776577498741985, "Weighted average entropy": 3.4375988293168427, "Incoherencies explanations": {"CLUSTER 0": {"RATING 7.0": [{"Profitability": {"Comparison": "Cluster elements in lower half", "Credit Rating Statistics": {"Mean": 18.31400945945946, "Median": 17.715400000000002, "1st Quartile": 13.9993, "3rd Quartile": 22.894000000000002, "Standard Deviation": 6.651640839391575}, "Cluster Statistics": {"Mean": 14.004757142857144, "Median": 13.254999999999999, "1st Quartile": 8.86045, "3rd Quartile": 16.7017, "Standard Deviation": 6.309051514033999}}}, {"Industry Risk": {"Comparison": "Cluster elements in upper half", "Credit Rating Statistics": {"Mean": 0.8918918918918919, "Median": 1.0, "1st Quartile": 0.0, "3rd Quartile": 2.0, "Standard Deviation": 1.4847655886292292}, "Cluster Statistics": {"Mean": 1.6428571428571428, "Median": 1.0, "1st Quartile": 0.25, "3rd Quartile": 2.0, "Standard Deviation": 2.091040166900635}}}, {"Country Risk": {"Comparison": "Cluster elements in upper half", "Credit Rating Statistics": {"Mean": 0.1352489277703091, "Median": 0.13449138921235168, "1st Quartile": 0.11876573281623887, "3rd Quartile": 0.1501301997005859, "Standard Deviation": 0.057914890702758404}, "Cluster Statistics": {"Mean": 0.1398774914977769, "Median": 0.13731311372138746, "1st Quartile": 0.13071470919216985, "3rd Quartile": 0.1713682865864938, "Standard Deviation": 0.04646279445876225}}}, {"Country Diversification": {"Comparison": "Cluster elements in upper half", "Credit Rating Statistics": {"Mean": 1.2293741246875656, "Median": 1.1392627310998473, "1st Quartile": 0.37014227251826237, "3rd Quartile": 2.049817530651449, "Standard Deviation": 0.9419480327746571}, "Cluster Statistics": {"Mean": 1.5693158369843012, "Median": 1.3470747397589053, "1st Quartile": 1.0337240054547872, "3rd Quartile": 2.1520390348797407, "Standard Deviation": 0.6139849914205215}}}, {"Industry Diversification": {"Comparison": "Cluster elements in highest 75%", "Credit Rating Statistics": {"Mean": 1.3687979277847198, "Median": 1.4950384266749155, "1st Quartile": 0.8815061919577292, "3rd Quartile": 1.8474143350311052, "Standard Deviation": 0.8051949540440815}, "Cluster Statistics": {"Mean": 1.8912100173630175, "Median": 1.81452527194247, "1st Quartile": 1.5901201351856011, "3rd Quartile": 2.2737699019513857, "Standard Deviation": 0.4754140651927332}}}], "RATING 8.0": [{"Profitability": {"Comparison": "Cluster elements in lower half", "Credit Rating Statistics": {"Mean": 16.49091153846154, "Median": 17.3016, "1st Quartile": 12.5552, "3rd Quartile": 20.507, "Standard Deviation": 7.254350004122959}, "Cluster Statistics": {"Mean": 13.558030000000002, "Median": 12.291, "1st Quartile": 8.67905, "3rd Quartile": 18.781349999999996, "Standard Deviation": 5.806537664142032}}}, {"Liquidity": {"Comparison": "Cluster elements in upper half", "Credit Rating Statistics": {"Mean": 31.84295625, "Median": 22.4311, "1st Quartile": 17.99835, "3rd Quartile": 32.60635, "Standard Deviation": 49.65317353965088}, "Cluster Statistics": {"Mean": 22.96474, "Median": 21.1738, "1st Quartile": 18.500549999999997, "3rd Quartile": 26.635950000000005, "Standard Deviation": 11.7686619168196}}}, {"Industry Risk": {"Comparison": "Cluster elements in highest 75%", "Credit Rating Statistics": {"Mean": 1.2115384615384615, "Median": 1.0, "1st Quartile": 0.0, "3rd Quartile": 2.0, "Standard Deviation": 1.405162712471659}, "Cluster Statistics": {"Mean": 2.1, "Median": 1.5, "1st Quartile": 1.0, "3rd Quartile": 3.0, "Standard Deviation": 1.9974984355438177}}}, {"Country Risk": {"Comparison": "Cluster elements in upper half", "Credit Rating Statistics": {"Mean": 0.1386588200511563, "Median": 0.13449138921235168, "1st Quartile": 0.12915714453846772, "3rd Quartile": 0.14571134225224228, "Standard Deviation": 0.06001276307889522}, "Cluster Statistics": {"Mean": 0.14009899323054434, "Median": 0.13449138921235168, "1st Quartile": 0.1288789229322983, "3rd Quartile": 0.15365053783071198, "Standard Deviation": 0.036119020704253636}}}, {"Industry Diversification": {"Comparison": "Cluster elements in lower half", "Credit Rating Statistics": {"Mean": 1.1562622308087203, "Median": 1.1590054234562044, "1st Quartile": 0.5996802488102987, "3rd Quartile": 1.6942713886529985, "Standard Deviation": 0.806953667966377}, "Cluster Statistics": {"Mean": 1.1105305565764632, "Median": 1.3756275657980188, "1st Quartile": 0.5702056841868687, "3rd Quartile": 1.607912606313052, "Standard Deviation": 0.7410449238171444}}}]}, "CLUSTER 1": {"RATING 9.0": [{"Profitability": {"Comparison": "Cluster elements in upper half", "Credit Rating Statistics": {"Mean": 16.502367322834647, "Median": 15.6804, "1st Quartile": 11.2235, "3rd Quartile": 20.277700000000003, "Standard Deviation": 7.629294012408409}, "Cluster Statistics": {"Mean": 16.95360565217391, "Median": 16.138399999999997, "1st Quartile": 11.657599999999999, "3rd Quartile": 20.6458,