{"Algorithm Parameters": {"Threshold Value": 8.1, "Braching Factor": 32, "K": 27}, "Algorithm Performance": {"Calinski Harabasz Index": 24467.176042277257}, "Clusters Content Analysis": {"Predictive Power": {"Global": {"Metrics": {"Class: Upgrade": {"Accuracy": 0.5, "Precision": 0.5454545454545454, "Recall": 0.8, "F1-Score": 0.6486486486486486}, "Class: Downgrade": {"Accuracy": 0.6666666666666666, "Precision": 0.5454545454545454, "Recall": 0.3333333333333333, "F1-Score": 0.41379310344827586}}, "Confusion Matrix": {"predicted_down_AND_was_down": 2, "predicted_up_AND_was_up": 4, "predicted_no_change_AND_was_no_change": 4, "predicted_down_BUT_was_up": 1, "predicted_down_BUT_was_no_change": 386, "predicted_no_change_BUT_was_up": 0, "predicted_no_change_BUT_was_down": 0, "predicted_up_BUT_was_down": 4, "predicted_up_BUT_was_no_change": 362}}, "Restricted to jumps to or from below B-": {"Metrics": {"Class: Upgrade": "No element of this class", "Class: Downgrade": "No element of this class"}, "Confusion Matrix": {"predicted_down_AND_was_down": 0, "predicted_up_AND_was_up": 0, "predicted_no_change_AND_was_no_change": 4, "predicted_down_BUT_was_up": 0, "predicted_down_BUT_was_no_change": 389, "predicted_no_change_BUT_was_up": 0, "predicted_no_change_BUT_was_down": 0, "predicted_up_BUT_was_down": 0, "predicted_up_BUT_was_no_change": 370}}}, "Share of total companies in each clusters": [0.002621231979030144, 0.011795543905635648, 0.001310615989515072, 0.11140235910878113, 0.0655307994757536, 0.001310615989515072, 0.010484927916120577, 0.010484927916120577, 0.03014416775884666, 0.04456094364351245, 0.09305373525557012, 0.02621231979030144, 0.014416775884665793, 0.003931847968545216, 0.12450851900393185, 0.027522935779816515, 0.05897771952817824, 0.047182175622542594, 0.002621231979030144, 0.007863695937090432, 0.001310615989515072, 0.11140235910878113, 0.17562254259501967, 0.005242463958060288, 0.005242463958060288, 0.003931847968545216, 0.001310615989515072, {"SUM": 0.9999999999999999}], "Clusters with significant ranges (count)": 17, "Significant Clusters (count)": 4, "Cluster Credit Ratings Shares": [{"1.0": 0.5, "4.0": 0.5}, {"1.0": 0.1111111111111111, "4.0": 0.3333333333333333, "7.0": 0.1111111111111111, "9.0": 0.4444444444444444}, {"2.0": 1.0}, {"2.0": 0.011764705882352941, "6.0": 0.023529411764705882, "7.0": 0.058823529411764705, "8.0": 0.1411764705882353, "9.0": 0.2, "10.0": 0.1411764705882353, "11.0": 0.15294117647058825, "12.0": 0.08235294117647059, "13.0": 0.10588235294117647, "14.0": 0.058823529411764705, "16.0": 0.011764705882352941, "17.0": 0.011764705882352941}, {"2.0": 0.02, "6.0": 0.04, "7.0": 0.14, "8.0": 0.2, "9.0": 0.32, "10.0": 0.06, "11.0": 0.1, "12.0": 0.04, "13.0": 0.06, "14.0": 0.02}, {"3.0": 1.0}, {"3.0": 0.125, "4.0": 0.125, "6.0": 0.125, "8.0": 0.375, "9.0": 0.125, "11.0": 0.125}, {"3.0": 0.125, "5.0": 0.125, "6.0": 0.25, "7.0": 0.125, "8.0": 0.25, "9.0": 0.125}, {"3.0": 0.043478260869565216, "4.0": 0.043478260869565216, "5.0": 0.043478260869565216, "6.0": 0.17391304347826086, "7.0": 0.13043478260869565, "8.0": 0.30434782608695654, "9.0": 0.08695652173913043, "10.0": 0.13043478260869565, "11.0": 0.043478260869565216}, {"3.0": 0.029411764705882353, "4.0": 0.029411764705882353, "5.0": 0.11764705882352941, "6.0": 0.20588235294117646, "7.0": 0.17647058823529413, "8.0": 0.20588235294117646, "9.0": 0.14705882352941177, "10.0": 0.058823529411764705, "11.0": 0.029411764705882353}, {"4.0": 0.014084507042253521, "5.0": 0.028169014084507043, "7.0": 0.08450704225352113, "8.0": 0.19718309859154928, "9.0": 0.23943661971830985, "10.0": 0.2535211267605634, "11.0": 0.07042253521126761, "12.0": 0.056338028169014086, "13.0": 0.04225352112676056, "15.0": 0.014084507042253521}, {"4.0": 0.05, "5.0": 0.05, "6.0": 0.25, "7.0": 0.2, "8.0": 0.1, "9.0": 0.15, "10.0": 0.05, "11.0": 0.05, "12.0": 0.1}, {"4.0": 0.09090909090909091, "5.0": 0.18181818181818182, "6.0": 0.18181818181818182, "7.0": 0.2727272727272727, "8.0": 0.09090909090909091, "10.0": 0.09090909090909091, "11.0": 0.09090909090909091}, {"4.0": 0.3333333333333333, "7.0": 0.3333333333333333, "8.0": 0.3333333333333333}, {"4.0": 0.010526315789473684, "6.0": 0.042105263157894736, "7.0": 0.09473684210526316, "8.0": 0.14736842105263157, "9.0": 0.22105263157894736, "10.0": 0.15789473684210525, "11.0": 0.10526315789473684, "12.0": 0.08421052631578947, "13.0": 0.08421052631578947, "14.0": 0.021052631578947368, "16.0": 0.010526315789473684, "17.0": 0.021052631578947368}, {"5.0": 0.14285714285714285, "7.0": 0.09523809523809523, "8.0": 0.2857142857142857, "9.0": 0.14285714285714285, "10.0": 0.19047619047619047, "11.0": 0.14285714285714285}, {"5.0": 0.06666666666666667, "6.0": 0.06666666666666667, "7.0": 0.2, "8.0": 0.24444444444444444, "9.0": 0.15555555555555556, "10.0": 0.15555555555555556, "11.0": 0.08888888888888889, "12.0": 0.022222222222222223}, {"5.0": 0.08333333333333333, "6.0": 0.027777777777777776, "7.0": 0.19444444444444445, "8.0": 0.19444444444444445, "9.0": 0.25, "10.0": 0.1111111111111111, "11.0": 0.027777777777777776, "12.0": 0.05555555555555555, "14.0": 0.05555555555555555}, {"6.0": 0.5, "7.0": 0.5}, {"6.0": 0.3333333333333333, "7.0": 0.16666666666666666, "8.0": 0.3333333333333333, "9.0": 0.16666666666666666}, {"6.0": 1.0}, {"6.0": 0.011764705882352941, "7.0": 0.03529411764705882, "8.0": 0.011764705882352941, "9.0": 0.17647058823529413, "10.0": 0.09411764705882353, "11.0": 0.09411764705882353, "12.0": 0.21176470588235294, "13.0": 0.10588235294117647, "14.0": 0.17647058823529413, "15.0": 0.047058823529411764, "16.0": 0.011764705882352941, "17.0": 0.023529411764705882}, {"7.0": 0.014925373134328358, "9.0": 0.014925373134328358, "10.0": 0.05970149253731343, "11.0": 0.06716417910447761, "12.0": 0.208955223880597, "13.0": 0.16417910447761194, "14.0": 0.23134328358208955, "15.0": 0.12686567164179105, "16.0": 0.08955223880597014, "17.0": 0.022388059701492536}, {"7.0": 0.25, "8.0": 0.5, "12.0": 0.25}, {"7.0": 0.25, "8.0": 0.5, "10.0": 0.25}, {"7.0": 0.3333333333333333, "9.0": 0.6666666666666666}, {"9.0": 1.0}], "Share of total companies with given credit rating in each cluter": [{"1.0": 0.5, "4.0": 0.08333333333333333}, {"1.0": 0.5, "4.0": 0.25, "7.0": 0.013513513513513514, "9.0": 0.031496062992125984}, {"2.0": 0.3333333333333333}, {"2.0": 0.3333333333333333, "6.0": 0.05263157894736842, "7.0": 0.06756756756756757, "8.0": 0.11538461538461539, "9.0": 0.13385826771653545, "10.0": 0.13793103448275862, "11.0": 0.20634920634920634, "12.0": 0.0958904109589041, "13.0": 0.16666666666666666, "14.0": 0.08928571428571429, "16.0": 0.06666666666666667, "17.0": 0.125}, {"2.0": 0.3333333333333333, "6.0": 0.05263157894736842, "7.0": 0.0945945945945946, "8.0": 0.09615384615384616, "9.0": 0.12598425196850394, "10.0": 0.034482758620689655, "11.0": 0.07936507936507936, "12.0": 0.0273972602739726, "13.0": 0.05555555555555555, "14.0": 0.017857142857142856}, {"3.0": 0.2}, {"3.0": 0.2, "4.0": 0.08333333333333333, "6.0": 0.02631578947368421, "8.0": 0.028846153846153848, "9.0": 0.007874015748031496, "11.0": 0.015873015873015872}, {"3.0": 0.2, "5.0": 0.05, "6.0": 0.05263157894736842, "7.0": 0.013513513513513514, "8.0": 0.019230769230769232, "9.0": 0.007874015748031496}, {"3.0": 0.2, "4.0": 0.08333333333333333, "5.0": 0.05, "6.0": 0.10526315789473684, "7.0": 0.04054054054054054, "8.0": 0.0673076923076923, "9.0": 0.015748031496062992, "10.0": 0.034482758620689655, "11.0": 0.015873015873015872}, {"3.0": 0.2, "4.0": 0.08333333333333333, "5.0": 0.2, "6.0": 0.18421052631578946, "7.0": 0.08108108108108109, "8.0": 0.0673076923076923, "9.0": 0.03937007874015748, "10.0": 0.022988505747126436, "11.0": 0.015873015873015872}, {"4.0": 0.08333333333333333, "5.0": 0.1, "7.0": 0.08108108108108109, "8.0": 0.1346153846153846, "9.0": 0.13385826771653545, "10.0": 0.20689655172413793, "11.0": 0.07936507936507936, "12.0": 0.0547945205479452, "13.0": 0.05555555555555555, "15.0": 0.045454545454545456}, {"4.0": 0.08333333333333333, "5.0": 0.05,