{"Algorithm Parameters": {"Threshold Value": 8.1, "Braching Factor": 67, "K": 2}, "Algorithm Performance": {"Silhouette Score": 0.790799860447813}, "Clusters Content Analysis": {"Predictive Power": {"Global": {"Metrics": {"Class: Upgrade": {"Accuracy": 0.5, "Precision": 0.5454545454545454, "Recall": 0.8, "F1-Score": 0.6486486486486486}, "Class: Downgrade": {"Accuracy": 0.6666666666666666, "Precision": 0.5454545454545454, "Recall": 0.3333333333333333, "F1-Score": 0.41379310344827586}}, "Confusion Matrix": {"predicted_down_AND_was_down": 2, "predicted_up_AND_was_up": 4, "predicted_no_change_AND_was_no_change": 0, "predicted_down_BUT_was_up": 1, "predicted_down_BUT_was_no_change": 418, "predicted_no_change_BUT_was_up": 0, "predicted_no_change_BUT_was_down": 0, "predicted_up_BUT_was_down": 4, "predicted_up_BUT_was_no_change": 334}}, "Restricted to jumps to or from below B-": {"Metrics": {"Class: Upgrade": "No element of this class", "Class: Downgrade": "No element of this class"}, "Confusion Matrix": {"predicted_down_AND_was_down": 0, "predicted_up_AND_was_up": 0, "predicted_no_change_AND_was_no_change": 0, "predicted_down_BUT_was_up": 0, "predicted_down_BUT_was_no_change": 421, "predicted_no_change_BUT_was_up": 0, "predicted_no_change_BUT_was_down": 0, "predicted_up_BUT_was_down": 0, "predicted_up_BUT_was_no_change": 342}}}, "Share of total companies in each clusters": [0.1127129750982962, 0.8872870249017037, {"SUM": 1.0}], "Clusters with significant ranges (count)": 2, "Significant Clusters (count)": 1, "Cluster Credit Ratings Shares": [{"1.0": 0.023255813953488372, "2.0": 0.011627906976744186, "3.0": 0.046511627906976744, "4.0": 0.09302325581395349, "5.0": 0.046511627906976744, "6.0": 0.13953488372093023, "7.0": 0.16279069767441862, "8.0": 0.23255813953488372, "9.0": 0.13953488372093023, "10.0": 0.05813953488372093, "11.0": 0.03488372093023256, "12.0": 0.011627906976744186}, {"2.0": 0.0029542097488921715, "3.0": 0.0014771048744460858, "4.0": 0.005908419497784343, "5.0": 0.023633677991137372, "6.0": 0.03840472673559823, "7.0": 0.08862629246676514, "8.0": 0.1240768094534712, "9.0": 0.16986706056129985, "10.0": 0.12112259970457903, "11.0": 0.08862629246676514, "12.0": 0.10635155096011817, "13.0": 0.07976366322008863, "14.0": 0.0827178729689808, "15.0": 0.03249630723781388, "16.0": 0.022156573116691284, "17.0": 0.011816838995568686}], "Share of total companies with given credit rating in each cluter": [{"1.0": 1.0, "2.0": 0.3333333333333333, "3.0": 0.8, "4.0": 0.6666666666666666, "5.0": 0.2, "6.0": 0.3157894736842105, "7.0": 0.1891891891891892, "8.0": 0.19230769230769232, "9.0": 0.09448818897637795, "10.0": 0.05747126436781609, "11.0": 0.047619047619047616, "12.0": 0.0136986301369863}, {"2.0": 0.6666666666666666, "3.0": 0.2, "4.0": 0.3333333333333333, "5.0": 0.8, "6.0": 0.6842105263157895, "7.0": 0.8108108108108109, "8.0": 0.8076923076923077, "9.0": 0.905511811023622, "10.0": 0.9425287356321839, "11.0": 0.9523809523809523, "12.0": 0.9863013698630136, "13.0": 1.0, "14.0": 1.0, "15.0": 1.0, "16.0": 1.0, "17.0": 1.0}], "Cluster ranges": [11.0, 15.0], "Cluster metrics of location and dispersion": [{"Mean": 6.988372093023256, "Median": 7.0, "1st Quartile": 6.0, "3rd Quartile": 8.0, "Standard Deviation": 2.2798112225322495, "Is Signficant": false}, {"Mean": 10.224519940915805, "Median": 10.0, "1st Quartile": 8.0, "3rd Quartile": 12.0, "Standard Deviation": 2.7995233211518813, "Is Signficant": true}], "Cluster entropies": [3.122251280278124, 3.4776577498741985], "Maximum entropy": 3.4776577498741985, "Weighted average entropy": 3.4375988293168427, "Incoherencies explanations": {"CLUSTER 0": {}, "CLUSTER 1": {}}}}