{"Algorithm Parameters": {"K": 7}, "Algorithm Performance": {"WCSS": 23589202336.671173, "Silhouette Score": 0.6358850247309059, "Calinski Harabasz Index": 3610.387843604591}, "Clusters Content Analysis": {"Predictive Power": {"Global": {"Metrics": {"Class: Upgrade": {"Accuracy": 0.42857142857142855, "Precision": 0.45454545454545453, "Recall": 0.6, "F1-Score": 0.5172413793103449}, "Class: Downgrade": {"Accuracy": 0.5, "Precision": 0.45454545454545453, "Recall": 0.3333333333333333, "F1-Score": 0.3846153846153846}}, "Confusion Matrix": {"predicted_down_AND_was_down": 2, "predicted_up_AND_was_up": 3, "predicted_no_change_AND_was_no_change": 2, "predicted_down_BUT_was_up": 2, "predicted_down_BUT_was_no_change": 393, "predicted_no_change_BUT_was_up": 0, "predicted_no_change_BUT_was_down": 0, "predicted_up_BUT_was_down": 4, "predicted_up_BUT_was_no_change": 357}}, "Restricted to jumps to or from below B-": {"Metrics": {"Class: Upgrade": "No element of this class", "Class: Downgrade": "No element of this class"}, "Confusion Matrix": {"predicted_down_AND_was_down": 0, "predicted_up_AND_was_up": 0, "predicted_no_change_AND_was_no_change": 2, "predicted_down_BUT_was_up": 0, "predicted_down_BUT_was_no_change": 397, "predicted_no_change_BUT_was_up": 0, "predicted_no_change_BUT_was_down": 0, "predicted_up_BUT_was_down": 0, "predicted_up_BUT_was_no_change": 364}}}, "Share of total companies in each clusters": [0.005242463958060288, 0.04193971166448231, 0.601572739187418, 0.24639580602883354, 0.001310615989515072, 0.08387942332896461, 0.019659239842726082, {"SUM": 0.9999999999999999}], "Clusters with significant ranges (count)": 6, "Significant Clusters (count)": 1, "Cluster Credit Ratings Shares": [{"1.0": 0.25, "2.0": 0.25, "4.0": 0.25, "9.0": 0.25}, {"1.0": 0.03125, "3.0": 0.0625, "4.0": 0.125, "5.0": 0.03125, "6.0": 0.15625, "7.0": 0.09375, "8.0": 0.25, "9.0": 0.21875, "11.0": 0.03125}, {"2.0": 0.002178649237472767, "4.0": 0.004357298474945534, "5.0": 0.004357298474945534, "6.0": 0.017429193899782137, "7.0": 0.04793028322440087, "8.0": 0.08714596949891068, "9.0": 0.15250544662309368, "10.0": 0.12418300653594772, "11.0": 0.09586056644880174, "12.0": 0.1394335511982571, "13.0": 0.1111111111111111, "14.0": 0.11546840958605664, "15.0": 0.04793028322440087, "16.0": 0.032679738562091505, "17.0": 0.017429193899782137}, {"2.0": 0.005319148936170213, "3.0": 0.005319148936170213, "4.0": 0.010638297872340425, "5.0": 0.05851063829787234, "6.0": 0.06914893617021277, "7.0": 0.18617021276595744, "8.0": 0.19680851063829788, "9.0": 0.21808510638297873, "10.0": 0.11170212765957446, "11.0": 0.06914893617021277, "12.0": 0.03723404255319149, "13.0": 0.015957446808510637, "14.0": 0.015957446808510637}, {"3.0": 1.0}, {"3.0": 0.015625, "4.0": 0.03125, "5.0": 0.09375, "6.0": 0.171875, "7.0": 0.140625, "8.0": 0.234375, "9.0": 0.09375, "10.0": 0.125, "11.0": 0.078125, "12.0": 0.015625}, {"4.0": 0.06666666666666667, "6.0": 0.06666666666666667, "7.0": 0.3333333333333333, "8.0": 0.26666666666666666, "9.0": 0.13333333333333333, "10.0": 0.06666666666666667, "12.0": 0.06666666666666667}], "Share of total companies with given credit rating in each cluter": [{"1.0": 0.5, "2.0": 0.3333333333333333, "4.0": 0.08333333333333333, "9.0": 0.007874015748031496}, {"1.0": 0.5, "3.0": 0.4, "4.0": 0.3333333333333333, "5.0": 0.05, "6.0": 0.13157894736842105, "7.0": 0.04054054054054054, "8.0": 0.07692307692307693, "9.0": 0.05511811023622047, "11.0": 0.015873015873015872}, {"2.0": 0.3333333333333333, "4.0": 0.16666666666666666, "5.0": 0.1, "6.0": 0.21052631578947367, "7.0": 0.2972972972972973, "8.0": 0.38461538461538464, "9.0": 0.5511811023622047, "10.0": 0.6551724137931034, "11.0": 0.6984126984126984, "12.0": 0.8767123287671232, "13.0": 0.9444444444444444, "14.0": 0.9464285714285714, "15.0": 1.0, "16.0": 1.0, "17.0": 1.0}, {"2.0": 0.3333333333333333, "3.0": 0.2, "4.0": 0.16666666666666666, "5.0": 0.55, "6.0": 0.34210526315789475, "7.0": 0.47297297297297297, "8.0": 0.3557692307692308, "9.0": 0.3228346456692913, "10.0": 0.2413793103448276, "11.0": 0.20634920634920634, "12.0": 0.0958904109589041, "13.0": 0.05555555555555555, "14.0": 0.05357142857142857}, {"3.0": 0.2}, {"3.0": 0.2, "4.0": 0.16666666666666666, "5.0": 0.3, "6.0": 0.2894736842105263, "7.0": 0.12162162162162163, "8.0": 0.14423076923076922, "9.0": 0.047244094488188976, "10.0": 0.09195402298850575, "11.0": 0.07936507936507936, "12.0": 0.0136986301369863}, {"4.0": 0.08333333333333333, "6.0": 0.02631578947368421, "7.0": 0.06756756756756757, "8.0": 0.038461538461538464, "9.0": 0.015748031496062992, "10.0": 0.011494252873563218, "12.0": 0.0136986301369863}], "Cluster ranges": [8.0, 10.0, 15.0, 12.0, 0.0, 9.0, 8.0], "Cluster metrics of location and dispersion": [{"Mean": 4.0, "Median": 3.0, "1st Quartile": 1.75, "3rd Quartile": 5.25, "Standard Deviation": 3.082207001484488, "Is Signficant": false}, {"Mean": 6.78125, "Median": 7.5, "1st Quartile": 5.75, "3rd Quartile": 8.25, "Standard Deviation": 2.2601766385616857, "Is Signficant": false}, {"Mean": 11.122004357298476, "Median": 11.0, "1st Quartile": 9.0, "3rd Quartile": 13.0, "Standard Deviation": 2.6622380530225707, "Is Signficant": true}, {"Mean": 8.372340425531915, "Median": 8.0, "1st Quartile": 7.0, "3rd Quartile": 9.25, "Standard Deviation": 2.0498263681174573, "Is Signficant": false}, {"Mean": 3.0, "Median": 3.0, "1st Quartile": 3.0, "3rd Quartile": 3.0, "Standard Deviation": 0.0, "Is Signficant": false}, {"Mean": 7.671875, "Median": 8.0, "1st Quartile": 6.0, "3rd Quartile": 9.0, "Standard Deviation": 2.00042720046869, "Is Signficant": false}, {"Mean": 7.8, "Median": 8.0, "1st Quartile": 7.0, "3rd Quartile": 8.5, "Standard Deviation": 1.758787461103056, "Is Signficant": false}], "Cluster entropies": [2.0, 2.8119996115311405, 3.3994124704385618, 3.0354430105901415, 0, 2.9716309025748506, 2.466247897312731], "Maximum entropy": 3.3994124704385618, "Weighted average entropy": 3.219076924922312, "Incoherencies explanations": {"CLUSTER 0": {}, "CLUSTER 1": {}, "CLUSTER 2": {}, "CLUSTER 3": {}, "CLUSTER 4": {}, "CLUSTER 5": {}}}}