{"Algorithm Parameters": {"C": 6}, "Algorithm Performance": {"WCSS": 39409258523.75142, "Silhouette Score": 0.6310338070884941, "Calinski Harabasz Index": 2551.6045999477237}, "Clusters Content Analysis": {"Predictive Power": {"Global": {"Metrics": {"Class: Upgrade": {"Accuracy": 0.5, "Precision": 0.5625, "Recall": 0.7142857142857143, "F1-Score": 0.6293706293706294}, "Class: Downgrade": {"Accuracy": 0.6666666666666666, "Precision": 0.5625, "Recall": 0.4444444444444444, "F1-Score": 0.496551724137931}}, "Confusion Matrix": {"predicted_down_AND_was_down": 4, "predicted_up_AND_was_up": 5, "predicted_no_change_AND_was_no_change": 0, "predicted_down_BUT_was_up": 2, "predicted_down_BUT_was_no_change": 389, "predicted_no_change_BUT_was_up": 0, "predicted_no_change_BUT_was_down": 0, "predicted_up_BUT_was_down": 5, "predicted_up_BUT_was_no_change": 358}}, "Restricted to jumps to or from below B-": {"Metrics": {"Class: Upgrade": "No element of this class", "Class: Downgrade": "No element of this class"}, "Confusion Matrix": {"predicted_down_AND_was_down": 0, "predicted_up_AND_was_up": 0, "predicted_no_change_AND_was_no_change": 0, "predicted_down_BUT_was_up": 0, "predicted_down_BUT_was_no_change": 395, "predicted_no_change_BUT_was_up": 0, "predicted_no_change_BUT_was_down": 0, "predicted_up_BUT_was_down": 0, "predicted_up_BUT_was_no_change": 368}}}, "Share of total companies in each clusters": [0.00655307994757536, 0.03407601572739188, 0.5910878112712975, 0.2621231979030144, 0.08781127129750983, 0.01834862385321101, {"SUM": 1.0}], "Clusters with significant ranges (count)": 6, "Significant Clusters (count)": 1, "Cluster Credit Ratings Shares": [{"AAA": 0.2, "AA+": 0.2, "AA": 0.2, "AA-": 0.2, "BBB": 0.2}, {"AAA": 0.038461538461538464, "AA": 0.07692307692307693, "AA-": 0.15384615384615385, "A": 0.11538461538461539, "A-": 0.07692307692307693, "BBB+": 0.23076923076923078, "BBB": 0.23076923076923078, "BB+": 0.038461538461538464, "BB": 0.038461538461538464}, {"AA+": 0.0022172949002217295, "AA-": 0.0022172949002217295, "A+": 0.0022172949002217295, "A": 0.017738359201773836, "A-": 0.04878048780487805, "BBB+": 0.08647450110864745, "BBB": 0.14855875831485588, "BBB-": 0.12416851441241686, "BB+": 0.09534368070953436, "BB": 0.1419068736141907, "BB-": 0.1130820399113082, "B+": 0.11751662971175167, "B": 0.04878048780487805, "B-": 0.03325942350332594, "CCC+": 0.013303769401330377, "CCC": 0.004434589800443459}, {"AA+": 0.005, "AA": 0.005, "AA-": 0.015, "A+": 0.06, "A": 0.07, "A-": 0.175, "BBB+": 0.195, "BBB": 0.225, "BBB-": 0.11, "BB+": 0.07, "BB": 0.04, "BB-": 0.015, "B+": 0.015}, {"AA": 0.014925373134328358, "AA-": 0.029850746268656716, "A+": 0.1044776119402985, "A": 0.1791044776119403, "A-": 0.14925373134328357, "BBB+": 0.23880597014925373, "BBB": 0.08955223880597014, "BBB-": 0.11940298507462686, "BB+": 0.07462686567164178}, {"AA-": 0.07142857142857142, "A": 0.07142857142857142, "A-": 0.35714285714285715, "BBB+": 0.2857142857142857, "BBB": 0.14285714285714285, "BBB-": 0.07142857142857142}], "Share of total companies with given credit rating in each cluter": [{"AAA": 0.5, "AA+": 0.3333333333333333, "AA": 0.2, "AA-": 0.08333333333333333, "BBB": 0.007874015748031496}, {"AAA": 0.5, "AA": 0.4, "AA-": 0.3333333333333333, "A": 0.07894736842105263, "A-": 0.02702702702702703, "BBB+": 0.057692307692307696, "BBB": 0.047244094488188976, "BB+": 0.015873015873015872, "BB": 0.0136986301369863}, {"AA+": 0.3333333333333333, "AA-": 0.08333333333333333, "A+": 0.05, "A": 0.21052631578947367, "A-": 0.2972972972972973, "BBB+": 0.375, "BBB": 0.5275590551181102, "BBB-": 0.6436781609195402, "BB+": 0.6825396825396826, "BB": 0.8767123287671232, "BB-": 0.9444444444444444, "B+": 0.9464285714285714, "B": 1.0, "B-": 1.0, "CCC+": 1.0, "CCC": 1.0}, {"AA+": 0.3333333333333333, "AA": 0.2, "AA-": 0.25, "A+": 0.6, "A": 0.3684210526315789, "A-": 0.47297297297297297, "BBB+": 0.375, "BBB": 0.3543307086614173, "BBB-": 0.25287356321839083, "BB+": 0.2222222222222222, "BB": 0.1095890410958904, "BB-": 0.05555555555555555, "B+": 0.05357142857142857}, {"AA": 0.2, "AA-": 0.16666666666666666, "A+": 0.35, "A": 0.3157894736842105, "A-": 0.13513513513513514, "BBB+": 0.15384615384615385, "BBB": 0.047244094488188976, "BBB-": 0.09195402298850575, "BB+": 0.07936507936507936}, {"AA-": 0.08333333333333333, "A": 0.02631578947368421, "A-": 0.06756756756756757, "BBB+": 0.038461538461538464, "BBB": 0.015748031496062992, "BBB-": 0.011494252873563218}], "Cluster ranges": [8.0, 11.0, 16.0, 12.0, 8.0, 6.0], "Cluster metrics of location and dispersion": [{"Mean": 3.8, "Median": 3.0, "1st Quartile": 2.0, "3rd Quartile": 4.0, "Standard Deviation": 2.785677655436824, "Is Signficant": false}, {"Mean": 6.923076923076923, "Median": 8.0, "1st Quartile": 4.5, "3rd Quartile": 9.0, "Standard Deviation": 2.6153846153846154, "Is Signficant": false}, {"Mean": 11.17960088691796, "Median": 11.0, "1st Quartile": 9.0, "3rd Quartile": 13.0, "Standard Deviation": 2.6488722145892885, "Is Signficant": true}, {"Mean": 8.37, "Median": 8.0, "1st Quartile": 7.0, "3rd Quartile": 9.25, "Standard Deviation": 2.0623045361924603, "Is Signficant": false}, {"Mean": 7.537313432835821, "Median": 8.0, "1st Quartile": 6.0, "3rd Quartile": 9.0, "Standard Deviation": 1.9187088180923986, "Is Signficant": false}, {"Mean": 7.5, "Median": 7.5, "1st Quartile": 7.0, "3rd Quartile": 8.0, "Standard Deviation": 1.4015297764534702, "Is Signficant": false}], "Cluster entropies": [2.321928094887362, 2.8629613523404247, 3.397246319320556, 3.049923052743151, 2.8868394756712874, 2.263809173883546], "Maximum entropy": 3.397246319320556, "Weighted average entropy": 3.2153353990849736, "Incoherencies explanations": {"CLUSTER 0": {}, "CLUSTER 1": {"RATING BBB+": [{"Leverage": {"Comparison": "Cluster elements in lowest 25%", "Credit Rating Statistics": {"Mean": 18.736513392857145, "Median": 16.850562500000002, "1st Quartile": 14.91215625, "3rd Quartile": 18.841749999999998, "Standard Deviation": 9.55216599084964}, "Cluster Statistics": {"Mean": 14.555604166666669, "Median": 14.336125000000001, "1st Quartile": 13.765624999999998, "3rd Quartile": 15.16453125, "Standard Deviation": 0.8929390038911611}}}, {"Profitability": {"Comparison": "Cluster elements in lowest 25%", "Credit Rating Statistics": {"Mean": 16.49091153846154, "Median": 17.3016, "1st Quartile": 12.5552, "3rd Quartile": 20.507, "Standard Deviation": 7.254350004122959}, "Cluster Statistics": {"Mean": 10.958666666666668, "Median": 9.1595, "1st Quartile": 8.283499999999998, "3rd Quartile": 12.7127, "Standard Deviation": 3.573542891243305}}}, {"Financial Statement Lines": {"Comparison": "Cluster elements in highest 75%", "Credit Rating Statistics": {"Mean": 23048.009134615386, "Median": 13730.925, "1st Quartile": 7986.875, "3rd Quartile": 27625.6125, "Standard Deviation": 25635.492008401652}, "Cluster Statistics": {"Mean": 68563.675, "Median": 65278.6, "1st Quartile": 62305.125, "3rd Quartile": 68368.8125, "Standard Deviation": 9809.157122545834}}}, {"Liquidity": {"Comparison": "Cluster elements in upper half", "Credit Rating Statistics": {"Mean": 31.84295625, "Median": 22.4311, "1st Quartile": 17.99835, "3rd Quartile": 32.60635, "Standard Deviation": 49.65317353965088}, "Cluster Statistics": {"Mean": 25.824633333333335, "Median": 21.948900000000002, "1st Quartile": 18.91145, "3rd Quartile": 31.06525, "Standard Deviation": 13.463216428682841}}}, {"Efficiency": {"Comparison": "Cluster elements in highest 75%", "Credit Rating Statistics": {"Mean": 0.8482147435897437, "Median": 0.6491666666666667, "1st Quartile": 0.5367500000000001, "3rd Quartile": 0.8140000000000001, "Standard Deviation": 0.8439796039838559}, "Cluster Statistics": {"Mean": 1.1329444444444443, "Median": 0.688, "1st Quartile": 0.5186666666666667, "3rd Quartile": 0.9058333333333333, "Standard Deviation": 1.0801991314476451}}}], "RATING BBB": [{"Leverage": {"Comparison": "Cluster elements in upper half", "Credit Rating Statistics": {"Mean": 23.825307199100113,