{"Algorithm Parameters": {"C": 6}, "Algorithm Performance": {"WCSS": 39409258523.75142, "Silhouette Score": 0.6310338070884941, "Calinski Harabasz Index": 2551.6045999477237}, "Clusters Content Analysis": {"Predictive Power": {"Global": {"Metrics": {"Class: Upgrade": {"Accuracy": 0.42857142857142855, "Precision": 0.45454545454545453, "Recall": 0.6, "F1-Score": 0.5172413793103449}, "Class: Downgrade": {"Accuracy": 0.5, "Precision": 0.45454545454545453, "Recall": 0.3333333333333333, "F1-Score": 0.3846153846153846}}, "Confusion Matrix": {"predicted_down_AND_was_down": 2, "predicted_up_AND_was_up": 3, "predicted_no_change_AND_was_no_change": 0, "predicted_down_BUT_was_up": 2, "predicted_down_BUT_was_no_change": 391, "predicted_no_change_BUT_was_up": 0, "predicted_no_change_BUT_was_down": 0, "predicted_up_BUT_was_down": 4, "predicted_up_BUT_was_no_change": 361}}, "Restricted to jumps to or from below B-": {"Metrics": {"Class: Upgrade": "No element of this class", "Class: Downgrade": "No element of this class"}, "Confusion Matrix": {"predicted_down_AND_was_down": 0, "predicted_up_AND_was_up": 0, "predicted_no_change_AND_was_no_change": 0, "predicted_down_BUT_was_up": 0, "predicted_down_BUT_was_no_change": 395, "predicted_no_change_BUT_was_up": 0, "predicted_no_change_BUT_was_down": 0, "predicted_up_BUT_was_down": 0, "predicted_up_BUT_was_no_change": 368}}}, "Share of total companies in each clusters": [0.00655307994757536, 0.03407601572739188, 0.5910878112712975, 0.2621231979030144, 0.08781127129750983, 0.01834862385321101, {"SUM": 1.0}], "Clusters with significant ranges (count)": 6, "Significant Clusters (count)": 1, "Cluster Credit Ratings Shares": [{"1.0": 0.2, "2.0": 0.2, "3.0": 0.2, "4.0": 0.2, "9.0": 0.2}, {"1.0": 0.038461538461538464, "3.0": 0.07692307692307693, "4.0": 0.15384615384615385, "6.0": 0.11538461538461539, "7.0": 0.07692307692307693, "8.0": 0.23076923076923078, "9.0": 0.23076923076923078, "11.0": 0.038461538461538464, "12.0": 0.038461538461538464}, {"2.0": 0.0022172949002217295, "4.0": 0.0022172949002217295, "5.0": 0.0022172949002217295, "6.0": 0.017738359201773836, "7.0": 0.04878048780487805, "8.0": 0.08647450110864745, "9.0": 0.14855875831485588, "10.0": 0.12416851441241686, "11.0": 0.09534368070953436, "12.0": 0.1419068736141907, "13.0": 0.1130820399113082, "14.0": 0.11751662971175167, "15.0": 0.04878048780487805, "16.0": 0.03325942350332594, "17.0": 0.017738359201773836}, {"2.0": 0.005, "3.0": 0.005, "4.0": 0.015, "5.0": 0.06, "6.0": 0.07, "7.0": 0.175, "8.0": 0.195, "9.0": 0.225, "10.0": 0.11, "11.0": 0.07, "12.0": 0.04, "13.0": 0.015, "14.0": 0.015}, {"3.0": 0.014925373134328358, "4.0": 0.029850746268656716, "5.0": 0.1044776119402985, "6.0": 0.1791044776119403, "7.0": 0.14925373134328357, "8.0": 0.23880597014925373, "9.0": 0.08955223880597014, "10.0": 0.11940298507462686, "11.0": 0.07462686567164178}, {"4.0": 0.07142857142857142, "6.0": 0.07142857142857142, "7.0": 0.35714285714285715, "8.0": 0.2857142857142857, "9.0": 0.14285714285714285, "10.0": 0.07142857142857142}], "Share of total companies with given credit rating in each cluter": [{"1.0": 0.5, "2.0": 0.3333333333333333, "3.0": 0.2, "4.0": 0.08333333333333333, "9.0": 0.007874015748031496}, {"1.0": 0.5, "3.0": 0.4, "4.0": 0.3333333333333333, "6.0": 0.07894736842105263, "7.0": 0.02702702702702703, "8.0": 0.057692307692307696, "9.0": 0.047244094488188976, "11.0": 0.015873015873015872, "12.0": 0.0136986301369863}, {"2.0": 0.3333333333333333, "4.0": 0.08333333333333333, "5.0": 0.05, "6.0": 0.21052631578947367, "7.0": 0.2972972972972973, "8.0": 0.375, "9.0": 0.5275590551181102, "10.0": 0.6436781609195402, "11.0": 0.6825396825396826, "12.0": 0.8767123287671232, "13.0": 0.9444444444444444, "14.0": 0.9464285714285714, "15.0": 1.0, "16.0": 1.0, "17.0": 1.0}, {"2.0": 0.3333333333333333, "3.0": 0.2, "4.0": 0.25, "5.0": 0.6, "6.0": 0.3684210526315789, "7.0": 0.47297297297297297, "8.0": 0.375, "9.0": 0.3543307086614173, "10.0": 0.25287356321839083, "11.0": 0.2222222222222222, "12.0": 0.1095890410958904, "13.0": 0.05555555555555555, "14.0": 0.05357142857142857}, {"3.0": 0.2, "4.0": 0.16666666666666666, "5.0": 0.35, "6.0": 0.3157894736842105, "7.0": 0.13513513513513514, "8.0": 0.15384615384615385, "9.0": 0.047244094488188976, "10.0": 0.09195402298850575, "11.0": 0.07936507936507936}, {"4.0": 0.08333333333333333, "6.0": 0.02631578947368421, "7.0": 0.06756756756756757, "8.0": 0.038461538461538464, "9.0": 0.015748031496062992, "10.0": 0.011494252873563218}], "Cluster ranges": [8.0, 11.0, 15.0, 12.0, 8.0, 6.0], "Cluster metrics of location and dispersion": [{"Mean": 3.8, "Median": 3.0, "1st Quartile": 2.0, "3rd Quartile": 4.0, "Standard Deviation": 2.785677655436824, "Is Signficant": false}, {"Mean": 6.923076923076923, "Median": 8.0, "1st Quartile": 4.5, "3rd Quartile": 9.0, "Standard Deviation": 2.6153846153846154, "Is Signficant": false}, {"Mean": 11.175166297117517, "Median": 11.0, "1st Quartile": 9.0, "3rd Quartile": 13.0, "Standard Deviation": 2.6382660193303575, "Is Signficant": true}, {"Mean": 8.37, "Median": 8.0, "1st Quartile": 7.0, "3rd Quartile": 9.25, "Standard Deviation": 2.0623045361924603, "Is Signficant": false}, {"Mean": 7.537313432835821, "Median": 8.0, "1st Quartile": 6.0, "3rd Quartile": 9.0, "Standard Deviation": 1.9187088180923986, "Is Signficant": false}, {"Mean": 7.5, "Median": 7.5, "1st Quartile": 7.0, "3rd Quartile": 8.0, "Standard Deviation": 1.4015297764534702, "Is Signficant": false}], "Cluster entropies": [2.321928094887362, 2.8629613523404247, 3.382855576536359, 3.049923052743151, 2.8868394756712874, 2.263809173883546], "Maximum entropy": 3.382855576536359, "Weighted average entropy": 3.206829206430094, "Incoherencies explanations": {"CLUSTER 0": {}, "CLUSTER 1": {}, "CLUSTER 2": {}, "CLUSTER 3": {}, "CLUSTER 4": {}, "CLUSTER 5": {}}}}