{"Algorithm Parameters": {"Eps": 0.1, "MinPts": 16, "K": 1}, "Algorithm Performance": {"Silhouette Score": 0.153}, "Clusters Content Analysis": {"Predictive Power": {"Global": {"Metrics": {"Class: Upgrade": {"Accuracy": 0.6551724137931034, "Precision": 0.717391304347826, "Recall": 0.8636363636363636, "F1-Score": 0.78375}, "Class: Downgrade": {"Accuracy": 0.8235294117647058, "Precision": 0.717391304347826, "Recall": 0.5833333333333334, "F1-Score": 0.6434540389972145}}, "Confusion Matrix": {"predicted_down_AND_was_down": 14, "predicted_up_AND_was_up": 19, "predicted_no_change_AND_was_no_change": 0, "predicted_down_BUT_was_up": 3, "predicted_down_BUT_was_no_change": 825, "predicted_no_change_BUT_was_up": 0, "predicted_no_change_BUT_was_down": 0, "predicted_up_BUT_was_down": 10, "predicted_up_BUT_was_no_change": 570}}, "Restricted to jumps to or from below B-": {"Metrics": {"Class: Upgrade": "No element of this class", "Class: Downgrade": "No element of this class"}, "Confusion Matrix": {"predicted_down_AND_was_down": 0, "predicted_up_AND_was_up": 0, "predicted_no_change_AND_was_no_change": 0, "predicted_down_BUT_was_up": 0, "predicted_down_BUT_was_no_change": 842, "predicted_no_change_BUT_was_up": 0, "predicted_no_change_BUT_was_down": 0, "predicted_up_BUT_was_down": 0, "predicted_up_BUT_was_no_change": 599}}}, "Share of total companies in each clusters": [0.7022900763358778, 0.29770992366412213, {"SUM": 1.0}], "Clusters with significant ranges (count)": 2, "Significant Clusters (count)": 2, "Cluster Credit Ratings Shares": [{"AAA": 0.001976284584980237, "AA+": 0.004940711462450593, "AA": 0.005928853754940711, "AA-": 0.008893280632411068, "A+": 0.017786561264822136, "A": 0.041501976284584984, "A-": 0.1067193675889328, "BBB+": 0.11758893280632411, "BBB": 0.20059288537549408, "BBB-": 0.11462450592885376, "BB+": 0.05731225296442688, "BB": 0.07806324110671936, "BB-": 0.0691699604743083, "B+": 0.07806324110671936, "B": 0.04743083003952569, "B-": 0.024703557312252964, "CCC+": 0.01383399209486166, "CCC": 0.004940711462450593, "CCC-": 0.0029644268774703555, "CC": 0.001976284584980237, "D": 0.0009881422924901185}, {"AA+": 0.004662004662004662, "AA": 0.013986013986013986, "AA-": 0.02564102564102564, "A+": 0.046620046620046623, "A": 0.055944055944055944, "A-": 0.08857808857808858, "BBB+": 0.12121212121212122, "BBB": 0.13752913752913754, "BBB-": 0.1048951048951049, "BB+": 0.0979020979020979, "BB": 0.08857808857808858, "BB-": 0.06993006993006994, "B+": 0.05128205128205128, "B": 0.03496503496503497, "B-": 0.02097902097902098, "CCC+": 0.016317016317016316, "AAA": 0.004662004662004662, "CCC": 0.002331002331002331, "CCC-": 0.006993006993006993, "CC": 0.002331002331002331, "D": 0.004662004662004662}], "Share of total companies with given credit rating in each cluter": [{"AAA": 0.5, "AA+": 0.7142857142857143, "AA": 0.5, "AA-": 0.45, "A+": 0.47368421052631576, "A": 0.6363636363636364, "A-": 0.7397260273972602, "BBB+": 0.695906432748538, "BBB": 0.7748091603053435, "BBB-": 0.7204968944099379, "BB+": 0.58, "BB": 0.6752136752136753, "BB-": 0.7, "B+": 0.7821782178217822, "B": 0.7619047619047619, "B-": 0.7352941176470589, "CCC+": 0.6666666666666666, "CCC": 0.8333333333333334, "CCC-": 0.5, "CC": 0.6666666666666666, "D": 0.3333333333333333}, {"AA+": 0.2857142857142857, "AA": 0.5, "AA-": 0.55, "A+": 0.5263157894736842, "A": 0.36363636363636365, "A-": 0.2602739726027397, "BBB+": 0.30409356725146197, "BBB": 0.22519083969465647, "BBB-": 0.2795031055900621, "BB+": 0.42, "BB": 0.3247863247863248, "BB-": 0.3, "B+": 0.21782178217821782, "B": 0.23809523809523808, "B-": 0.2647058823529412, "CCC+": 0.3333333333333333, "AAA": 0.5, "CCC": 0.16666666666666666, "CCC-": 0.5, "CC": 0.3333333333333333, "D": 0.6666666666666666}], "Cluster ranges": [21.0, 21.0], "Cluster metrics of location and dispersion": [{"Mean": 10.150197628458498, "Median": 9.0, "1st Quartile": 8.0, "3rd Quartile": 12.0, "Standard Deviation": 3.1136525138096687, "Is Signficant": true}, {"Mean": 9.832167832167832, "Median": 10.0, "1st Quartile": 8.0, "3rd Quartile": 12.0, "Standard Deviation": 3.4186912816249544, "Is Signficant": true}], "Cluster entropies": [3.5784115176340103, 3.7824877501445684], "Maximum entropy": 3.7824877501445684, "Weighted average entropy": 3.63916703723639, "Incoherencies explanations": {"CLUSTER 0": {}, "CLUSTER 1": {"RATING BBB": [{"Leverage": {"Comparison": "Cluster elements in upper half", "Credit Rating Statistics": {"Mean": 0.25169815833535986, "Median": 0.2490076693324504, "1st Quartile": 0.24330347798240695, "3rd Quartile": 0.25961774542178745, "Standard Deviation": 0.02364411030024832}, "Cluster Statistics": {"Mean": 0.2537521241198347, "Median": 0.2490076693324504, "1st Quartile": 0.24330347798240695, "3rd Quartile": 0.25801803809531465, "Standard Deviation": 0.01886297917592116}}}, {"Profitability": {"Comparison": "Cluster elements in upper half", "Credit Rating Statistics": {"Mean": 0.3342437171445587, "Median": 0.33222168006847685, "1st Quartile": 0.32174168415919396, "3rd Quartile": 0.3413517259106255, "Standard Deviation": 0.020803535802163375}, "Cluster Statistics": {"Mean": 0.33540078358428754, "Median": 0.3342243105265248, "1st Quartile": 0.32174168415919396, "3rd Quartile": 0.3406454281615988, "Standard Deviation": 0.017052866354816766}}}, {"Financial Statement Lines": {"Comparison": "Cluster elements in upper half", "Credit Rating Statistics": {"Mean": 0.09481857465561085, "Median": 0.0814584351057059, "1st Quartile": 0.07701930062062418, "3rd Quartile": 0.09521141190735924, "Standard Deviation": 0.03403122784163872}, "Cluster Statistics": {"Mean": 0.09174589849433364, "Median": 0.0807250355825169, "1st Quartile": 0.07701930062062418, "3rd Quartile": 0.0932477914745934, "Standard Deviation": 0.023066667195820074}}}, {"Efficiency": {"Comparison": "Cluster elements in upper half", "Credit Rating Statistics": {"Mean": 0.08277461946686211, "Median": 0.07383954648418592, "1st Quartile": 0.04667130941160228, "3rd Quartile": 0.10467643925298592, "Standard Deviation": 0.05048123455699572}, "Cluster Statistics": {"Mean": 0.08865496927171874, "Median": 0.08062417918228268, "1st Quartile": 0.04851570900929093, "3rd Quartile": 0.10467643925298592, "Standard Deviation": 0.0533696505308009}}}, {"Performance": {"Comparison": "Cluster elements in highest 75%", "Credit Rating Statistics": {"Mean": 0.0015698264362626118, "Median": 0.0014443732650010676, "1st Quartile": 0.0013850096092248559, "3rd Quartile": 0.001502170973022991, "Standard Deviation": 0.0006249476281576984}, "Cluster Statistics": {"Mean": 0.0015429069334037414, "Median": 0.0014344081429283223, "1st Quartile": 0.0013877144280731724, "3rd Quartile": 0.001475976937860346, "Standard Deviation": 0.0005696142117807408}}}]}}}}