{"Algorithm Parameters": {"K": 7}, "Algorithm Performance": {"WCSS": 35.065417706592925, "Silhouette Score": 0.33436957326212885, "Calinski Harabasz Index": 839.2690999434847}, "Clusters Content Analysis": {"Predictive Power": {"Global": {"Metrics": {"Class: Upgrade": {"Accuracy": 0.6785714285714286, "Precision": 0.7391304347826086, "Recall": 0.8636363636363636, "F1-Score": 0.7965474722564735}, "Class: Downgrade": {"Accuracy": 0.8333333333333334, "Precision": 0.7391304347826086, "Recall": 0.625, "F1-Score": 0.6772908366533864}}, "Confusion Matrix": {"predicted_down_AND_was_down": 15, "predicted_up_AND_was_up": 19, "predicted_no_change_AND_was_no_change": 0, "predicted_down_BUT_was_up": 3, "predicted_down_BUT_was_no_change": 799, "predicted_no_change_BUT_was_up": 0, "predicted_no_change_BUT_was_down": 0, "predicted_up_BUT_was_down": 9, "predicted_up_BUT_was_no_change": 596}}, "Restricted to jumps to or from below B-": {"Metrics": {"Class: Upgrade": "No element of this class", "Class: Downgrade": "No element of this class"}, "Confusion Matrix": {"predicted_down_AND_was_down": 0, "predicted_up_AND_was_up": 0, "predicted_no_change_AND_was_no_change": 0, "predicted_down_BUT_was_up": 0, "predicted_down_BUT_was_no_change": 817, "predicted_no_change_BUT_was_up": 0, "predicted_no_change_BUT_was_down": 0, "predicted_up_BUT_was_down": 0, "predicted_up_BUT_was_no_change": 624}}}, "Share of total companies in each clusters": [0.32546842470506593, 0.14920194309507287, 0.09646079111727966, 0.16377515614156835, 0.08258154059680778, 0.1054823039555864, 0.07702984038861901, {"SUM": 1.0}], "Clusters with significant ranges (count)": 7, "Significant Clusters (count)": 6, "Cluster Credit Ratings Shares": [{"AAA": 0.0042643923240938165, "AA+": 0.0042643923240938165, "AA": 0.01279317697228145, "AA-": 0.008528784648187633, "A+": 0.029850746268656716, "A": 0.04477611940298507, "A-": 0.11087420042643924, "BBB+": 0.12153518123667377, "BBB": 0.24307036247334754, "BBB-": 0.042643923240938165, "BB+": 0.05543710021321962, "BB": 0.07036247334754797, "BB-": 0.06609808102345416, "B+": 0.06823027718550106, "B": 0.053304904051172705, "B-": 0.03411513859275053, "CCC+": 0.014925373134328358, "CCC": 0.0042643923240938165, "CCC-": 0.006396588486140725, "CC": 0.0021321961620469083, "D": 0.0021321961620469083}, {"AA+": 0.004651162790697674, "AA-": 0.004651162790697674, "A+": 0.023255813953488372, "A": 0.06046511627906977, "A-": 0.09302325581395349, "BBB+": 0.11627906976744186, "BBB": 0.11162790697674418, "BBB-": 0.06046511627906977, "BB+": 0.06046511627906977, "BB": 0.12093023255813953, "BB-": 0.11627906976744186, "B+": 0.11627906976744186, "B": 0.06976744186046512, "CC": 0.004651162790697674, "D": 0.004651162790697674, "B-": 0.013953488372093023, "CCC+": 0.009302325581395349, "CCC": 0.004651162790697674, "CCC-": 0.004651162790697674}, {"AA+": 0.007194244604316547, "AA": 0.007194244604316547, "AA-": 0.007194244604316547, "A+": 0.02158273381294964, "A": 0.04316546762589928, "A-": 0.1510791366906475, "BBB+": 0.11510791366906475, "BBB": 0.15827338129496402, "BBB-": 0.1366906474820144, "BB+": 0.05755395683453238, "B+": 0.05755395683453238, "B": 0.05755395683453238, "BB": 0.07913669064748201, "BB-": 0.050359712230215826, "B-": 0.02877697841726619, "CCC+": 0.014388489208633094, "CCC-": 0.007194244604316547}, {"AA": 0.00847457627118644, "BBB+": 0.11016949152542373, "BBB": 0.15677966101694915, "BBB-": 0.2627118644067797, "BB+": 0.08050847457627118, "BB-": 0.059322033898305086, "B+": 0.05084745762711865, "B": 0.01694915254237288, "B-": 0.029661016949152543, "CCC+": 0.012711864406779662, "AAA": 0.00847457627118644, "AA+": 0.00423728813559322, "AA-": 0.00847457627118644, "A+": 0.0211864406779661, "A": 0.0211864406779661, "A-": 0.05508474576271186, "BB": 0.08050847457627118, "CCC": 0.00423728813559322, "CCC-": 0.00423728813559322, "D": 0.00423728813559322}, {"AA-": 0.058823529411764705, "BBB+": 0.17647058823529413, "BBB": 0.15126050420168066, "BB+": 0.09243697478991597, "B+": 0.04201680672268908, "B": 0.01680672268907563, "AA+": 0.008403361344537815, "AA": 0.008403361344537815, "A+": 0.025210084033613446, "A": 0.08403361344537816, "A-": 0.13445378151260504, "BBB-": 0.08403361344537816, "BB": 0.058823529411764705, "BB-": 0.03361344537815126, "CCC+": 0.008403361344537815, "CCC": 0.01680672268907563}, {"A+": 0.039473684210526314, "A-": 0.06578947368421052, "BBB": 0.1513157894736842, "BBB-": 0.09210526315789473, "BB+": 0.10526315789473684, "BB": 0.07894736842105263, "BB-": 0.09868421052631579, "B+": 0.10526315789473684, "B": 0.046052631578947366, "B-": 0.006578947368421052, "AA+": 0.006578947368421052, "AA": 0.006578947368421052, "AA-": 0.02631578947368421, "A": 0.046052631578947366, "BBB+": 0.10526315789473684, "CCC+": 0.019736842105263157}, {"A-": 0.12612612612612611, "BBB": 0.21621621621621623, "BBB-": 0.2072072072072072, "AA": 0.009009009009009009, "AA-": 0.009009009009009009, "A+": 0.018018018018018018, "A": 0.036036036036036036, "BBB+": 0.09009009009009009, "BB+": 0.06306306306306306, "BB": 0.08108108108108109, "BB-": 0.036036036036036036, "B+": 0.02702702702702703, "B": 0.018018018018018018, "B-": 0.02702702702702703, "CCC+": 0.02702702702702703, "CC": 0.009009009009009009}], "Share of total companies with given credit rating in each cluter": [{"AAA": 0.5, "AA+": 0.2857142857142857, "AA": 0.5, "AA-": 0.2, "A+": 0.3684210526315789, "A": 0.3181818181818182, "A-": 0.3561643835616438, "BBB+": 0.3333333333333333, "BBB": 0.4351145038167939, "BBB-": 0.12422360248447205, "BB+": 0.26, "BB": 0.28205128205128205, "BB-": 0.31, "B+": 0.31683168316831684, "B": 0.3968253968253968, "B-": 0.47058823529411764, "CCC+": 0.3333333333333333, "CCC": 0.3333333333333333, "CCC-": 0.5, "CC": 0.3333333333333333, "D": 0.3333333333333333}, {"AA+": 0.14285714285714285, "AA-": 0.05, "A+": 0.13157894736842105, "A": 0.19696969696969696, "A-": 0.136986301369863, "BBB+": 0.14619883040935672, "BBB": 0.0916030534351145, "BBB-": 0.08074534161490683, "BB+": 0.13, "BB": 0.2222222222222222, "BB-": 0.25, "B+": 0.24752475247524752, "B": 0.23809523809523808, "CC": 0.3333333333333333, "D": 0.3333333333333333, "B-": 0.08823529411764706, "CCC+": 0.09523809523809523, "CCC": 0.16666666666666666, "CCC-": 0.16666666666666666}, {"AA+": 0.14285714285714285, "AA": 0.08333333333333333, "AA-": 0.05, "A+": 0.07894736842105263, "A": 0.09090909090909091, "A-": 0.14383561643835616, "BBB+": 0.0935672514619883, "BBB": 0.08396946564885496, "BBB-": 0.11801242236024845, "BB+": 0.08, "B+": 0.07920792079207921, "B": 0.12698412698412698, "BB": 0.09401709401709402, "BB-": 0.07, "B-": 0.11764705882352941, "CCC+": 0.09523809523809523, "CCC-": 0.16666666666666666}, {"AA": 0.16666666666666666, "BBB+": 0.15204678362573099, "BBB": 0.14122137404580154, "BBB-": 0.38509316770186336, "BB+": 0.19, "BB-": 0.14, "B+": 0.1188118811881188, "B": 0.06349206349206349, "B-": 0.20588235294117646, "CCC+": 0.14285714285714285, "AAA": 0.5, "AA+": 0.14285714285714285, "AA-": 0.1, "A+": 0.13157894736842105, "A": 0.07575757575757576, "A-": 0.08904109589041095, "BB": 0.1623931623931624, "CCC": 0.16666666666666666, "CCC-": 0.16666666666666666, "D": 0.3333333333333333}, {"AA-": 0.35, "BBB+": 0.12280701754385964, "BBB": 0.06870229007633588, "BB+": 0.11, "B+": 0.04950495049504951, "B": 0.031746031746031744, "AA+": 0.14285714285714285, "AA": 0.08333333333333333, "A+": 0.07894736842105263, "A": 0.15151515151515152, "A-": 0.1095890410958904, "BBB-": 0.062111801242236024, "BB": 0.05982905982905983, "BB-": 0.04, "CCC+": 0.047619047619047616, "CCC": 0.3333333333333333}, {"A+": 0.15789473684210525, "A-": 0.0684931506849315, "BBB": 0.08778625954198473, "BBB-": 0.08695652173913043, "BB+": 0.16, "BB": 0.10256410256410256, "BB-": 0.15, "B+": 0.15841584158415842, "B": 0.1111111111111111, "B-": 0.029411764705882353, "AA+": 0.14285714285714285, "AA": 0.08333333333333333, "AA-": 0.2, "A": 0.10606060606060606, "BBB+": 0.0935672514619883, "CCC+": 0.14285714285714285}, {"A-": 0.0958904109589041,