{"Algorithm Parameters": {"Threshold Value": 0.35, "Braching Factor": 67, "K": 2}, "Algorithm Performance": {"Silhouette Score": 0.4268989051611794}, "Clusters Content Analysis": {"Predictive Power": {"Global": {"Metrics": {"Class: Upgrade": "No element of this class", "Class: Downgrade": "No element of this class"}, "Confusion Matrix": {"predicted_down_AND_was_down": 0, "predicted_up_AND_was_up": 0, "predicted_no_change_AND_was_no_change": 0, "predicted_down_BUT_was_up": 0, "predicted_down_BUT_was_no_change": 110, "predicted_no_change_BUT_was_up": 0, "predicted_no_change_BUT_was_down": 0, "predicted_up_BUT_was_down": 0, "predicted_up_BUT_was_no_change": 88}}, "Restricted to jumps to or from below B-": {"Metrics": {"Class: Upgrade": "No element of this class", "Class: Downgrade": "No element of this class"}, "Confusion Matrix": {"predicted_down_AND_was_down": 0, "predicted_up_AND_was_up": 0, "predicted_no_change_AND_was_no_change": 0, "predicted_down_BUT_was_up": 0, "predicted_down_BUT_was_no_change": 110, "predicted_no_change_BUT_was_up": 0, "predicted_no_change_BUT_was_down": 0, "predicted_up_BUT_was_down": 0, "predicted_up_BUT_was_no_change": 88}}}, "Share of total companies in each clusters": [0.9292929292929293, 0.0707070707070707, {"SUM": 1.0}], "Clusters with significant ranges (count)": 2, "Significant Clusters (count)": 0, "Cluster Credit Ratings Shares": [{"AA": 0.021739130434782608, "AA-": 0.016304347826086956, "A": 0.05434782608695652, "A-": 0.19021739130434784, "BBB+": 0.25, "BBB": 0.16304347826086957, "BBB-": 0.07065217391304347, "BB+": 0.03804347826086957, "BB": 0.08695652173913043, "BB-": 0.02717391304347826, "CCC+": 0.005434782608695652, "CCC": 0.016304347826086956, "A+": 0.010869565217391304, "B+": 0.021739130434782608, "B": 0.021739130434782608, "B-": 0.005434782608695652}, {"BBB-": 0.14285714285714285, "A+": 0.07142857142857142, "A-": 0.07142857142857142, "BBB+": 0.2857142857142857, "BBB": 0.2857142857142857, "BB-": 0.07142857142857142, "CC": 0.07142857142857142}], "Share of total companies with given credit rating in each cluter": [{"AA": 1.0, "AA-": 1.0, "A": 1.0, "A-": 0.9722222222222222, "BBB+": 0.92, "BBB": 0.8823529411764706, "BBB-": 0.8666666666666667, "BB+": 1.0, "BB": 1.0, "BB-": 0.8333333333333334, "CCC+": 1.0, "CCC": 1.0, "A+": 0.6666666666666666, "B+": 1.0, "B": 1.0, "B-": 1.0}, {"BBB-": 0.13333333333333333, "A+": 0.3333333333333333, "A-": 0.027777777777777776, "BBB+": 0.08, "BBB": 0.11764705882352941, "BB-": 0.16666666666666666, "CC": 1.0}], "Cluster ranges": [15.0, 15.0], "Cluster metrics of location and dispersion": [{"Mean": 8.934782608695652, "Median": 8.0, "1st Quartile": 7.0, "3rd Quartile": 10.0, "Standard Deviation": 2.7497207282151046, "Is Signficant": false}, {"Mean": 9.5, "Median": 9.0, "1st Quartile": 8.0, "3rd Quartile": 9.75, "Standard Deviation": 3.375330671631617, "Is Signficant": false}], "Cluster entropies": [3.214261028568823, 2.521640636343318], "Maximum entropy": 3.214261028568823, "Weighted average entropy": 3.165287869522575, "Incoherencies explanations": {"CLUSTER 0": {"RATING BBB+": [{"Leverage": {"Comparison": "Cluster elements in lowest 25%", "Credit Rating Statistics": {"Mean": 0.1945244002203311, "Median": 0.19457427233080762, "1st Quartile": 0.18069108167131703, "3rd Quartile": 0.20631748969426883, "Standard Deviation": 0.0295845507584655}, "Cluster Statistics": {"Mean": 0.17868070223684798, "Median": 0.18206680458540003, "1st Quartile": 0.1719913327443278, "3rd Quartile": 0.18875617407792022, "Standard Deviation": 0.018648199517475917}}}, {"Profitability": {"Comparison": "Cluster elements in lowest 25%", "Credit Rating Statistics": {"Mean": 0.3648017991575226, "Median": 0.3697201475368319, "1st Quartile": 0.34738254266606644, "3rd Quartile": 0.38298167957399715, "Standard Deviation": 0.035050613385868845}, "Cluster Statistics": {"Mean": 0.3420416004912841, "Median": 0.3465688709268814, "1st Quartile": 0.3303770681398204, "3rd Quartile": 0.3582334032783452, "Standard Deviation": 0.01927473641559088}}}, {"Financial Statement Lines": {"Comparison": "Cluster elements in highest 75%", "Credit Rating Statistics": {"Mean": 0.02921765202447324, "Median": 0.021048917542972716, "1st Quartile": 0.00779611341347943, "3rd Quartile": 0.03418804271725176, "Standard Deviation": 0.02945161237069476}, "Cluster Statistics": {"Mean": 0.07101457655478122, "Median": 0.07105419408298767, "1st Quartile": 0.02015172715803351, "3rd Quartile": 0.12191704347973537, "Standard Deviation": 0.055496555210781603}}}, {"Efficiency": {"Comparison": "Cluster elements in upper half", "Credit Rating Statistics": {"Mean": 0.06605171178072694, "Median": 0.06049316615148294, "1st Quartile": 0.041705823203617765, "3rd Quartile": 0.07425097254436533, "Standard Deviation": 0.03233800473375753}, "Cluster Statistics": {"Mean": 0.06833230872667383, "Median": 0.06929080420796102, "1st Quartile": 0.06243713541792303, "3rd Quartile": 0.07518597751671183, "Standard Deviation": 0.012506474773804661}}}, {"Performance": {"Comparison": "Cluster elements in highest 75%", "Credit Rating Statistics": {"Mean": 0.03557304869913276, "Median": 0.034252835223482325, "1st Quartile": 0.03358405603735824, "3rd Quartile": 0.034959973315543694, "Standard Deviation": 0.005007152646689161}, "Cluster Statistics": {"Mean": 0.03802701801200801, "Median": 0.03593729152768513, "1st Quartile": 0.03503502334889927, "3rd Quartile": 0.03892928619079386, "Standard Deviation": 0.004777100841242512}}}], "RATING BBB": [{"Leverage": {"Comparison": "Cluster elements in lower half", "Credit Rating Statistics": {"Mean": 0.1854127321343446, "Median": 0.17950700035299247, "1st Quartile": 0.17093157790150454, "3rd Quartile": 0.1963353040340619, "Standard Deviation": 0.027171503625569398}, "Cluster Statistics": {"Mean": 0.1729443077977089, "Median": 0.16358741558028797, "1st Quartile": 0.14314771367925896, "3rd Quartile": 0.19338400969873792, "Standard Deviation": 0.04499175306225869}}}, {"Profitability": {"Comparison": "Cluster elements in highest 75%", "Credit Rating Statistics": {"Mean": 0.33601635840333827, "Median": 0.32785301081102536, "1st Quartile": 0.31567685167534965, "3rd Quartile": 0.3604780275425784, "Standard Deviation": 0.038044110669172425}, "Cluster Statistics": {"Mean": 0.3770254255508323, "Median": 0.3908397453281685, "1st Quartile": 0.34299598112954865, "3rd Quartile": 0.42486918974945215, "Standard Deviation": 0.057491560975935406}}}, {"Financial Statement Lines": {"Comparison": "Cluster elements in upper half", "Credit Rating Statistics": {"Mean": 0.028617363624859893, "Median": 0.01152324982016759, "1st Quartile": 0.005738178117851218, "3rd Quartile": 0.03463721108112779, "Standard Deviation": 0.03879003135866054}, "Cluster Statistics": {"Mean": 0.029153872669244924, "Median": 0.02112493793499622, "1st Quartile": 0.01017756051745477, "3rd Quartile": 0.040101250086786375, "Standard Deviation": 0.02481002415029013}}}, {"Liquidity": {"Comparison": "Cluster elements in upper half", "Credit Rating Statistics": {"Mean": 0.291516836692662, "Median": 0.29048142171774394, "1st Quartile": 0.28387307720773564, "3rd Quartile": 0.29761796146941477, "Standard Deviation": 0.010909846322561131}, "Cluster Statistics": {"Mean": 0.29375564880657057, "Median": 0.29637775097382435, "1st Quartile": 0.28966302254040865, "3rd Quartile": 0.30047037723998626, "Standard Deviation": 0.012526376424531872}}}, {"Efficiency": {"Comparison": "Cluster elements in upper half", "Credit Rating Statistics": {"Mean": 0.08058712662188501, "Median": 0.06766115003824695, "1st Quartile": 0.04759865722718548, "3rd Quartile": 0.09560092707054245, "Standard Deviation": 0.0429170836782271}, "Cluster Statistics": {"Mean": 0.07908672669307933, "Median": 0.0771463583969892, "1st Quartile": 0.04433106569727592, "3rd Quartile": 0.11190201939279262, "Standard Deviation": 0.04018969570976051}}}]}, "CLUSTER 1": {"RATING BBB+": [{"Leverage": {"Comparison": "Cluster elements in upper half",