{"Algorithm Parameters": {"Threshold Value": 0.35, "Braching Factor": 2, "K": 2}, "Algorithm Performance": {"Calinski Harabasz Index": 147.47502098471202}, "Clusters Content Analysis": {"Predictive Power": {"Global": {"Metrics": {"Class: Upgrade": "No element of this class", "Class: Downgrade": "No element of this class"}, "Confusion Matrix": {"predicted_down_AND_was_down": 0, "predicted_up_AND_was_up": 0, "predicted_no_change_AND_was_no_change": 0, "predicted_down_BUT_was_up": 0, "predicted_down_BUT_was_no_change": 125, "predicted_no_change_BUT_was_up": 0, "predicted_no_change_BUT_was_down": 0, "predicted_up_BUT_was_down": 0, "predicted_up_BUT_was_no_change": 73}}, "Restricted to jumps to or from below B-": {"Metrics": {"Class: Upgrade": "No element of this class", "Class: Downgrade": "No element of this class"}, "Confusion Matrix": {"predicted_down_AND_was_down": 0, "predicted_up_AND_was_up": 0, "predicted_no_change_AND_was_no_change": 0, "predicted_down_BUT_was_up": 0, "predicted_down_BUT_was_no_change": 125, "predicted_no_change_BUT_was_up": 0, "predicted_no_change_BUT_was_down": 0, "predicted_up_BUT_was_down": 0, "predicted_up_BUT_was_no_change": 73}}}, "Share of total companies in each clusters": [0.5505050505050505, 0.4494949494949495, {"SUM": 1.0}], "Clusters with significant ranges (count)": 2, "Significant Clusters (count)": 0, "Cluster Credit Ratings Shares": [{"AA": 0.027522935779816515, "AA-": 0.009174311926605505, "A": 0.03669724770642202, "A-": 0.22018348623853212, "BBB+": 0.29357798165137616, "BBB": 0.13761467889908258, "BBB-": 0.05504587155963303, "BB+": 0.03669724770642202, "BB": 0.10091743119266056, "BB-": 0.009174311926605505, "CCC+": 0.009174311926605505, "CCC": 0.009174311926605505, "A+": 0.009174311926605505, "B+": 0.01834862385321101, "B": 0.01834862385321101, "B-": 0.009174311926605505}, {"AA-": 0.02247191011235955, "A": 0.06741573033707865, "A-": 0.1348314606741573, "BBB+": 0.20224719101123595, "BBB": 0.21348314606741572, "BBB-": 0.10112359550561797, "BB-": 0.056179775280898875, "AA": 0.011235955056179775, "A+": 0.02247191011235955, "BB+": 0.033707865168539325, "BB": 0.056179775280898875, "B+": 0.02247191011235955, "B": 0.02247191011235955, "CCC": 0.02247191011235955, "CC": 0.011235955056179775}], "Share of total companies with given credit rating in each cluter": [{"AA": 0.75, "AA-": 0.3333333333333333, "A": 0.4, "A-": 0.6666666666666666, "BBB+": 0.64, "BBB": 0.4411764705882353, "BBB-": 0.4, "BB+": 0.5714285714285714, "BB": 0.6875, "BB-": 0.16666666666666666, "CCC+": 1.0, "CCC": 0.3333333333333333, "A+": 0.3333333333333333, "B+": 0.5, "B": 0.5, "B-": 1.0}, {"AA-": 0.6666666666666666, "A": 0.6, "A-": 0.3333333333333333, "BBB+": 0.36, "BBB": 0.5588235294117647, "BBB-": 0.6, "BB-": 0.8333333333333334, "AA": 0.25, "A+": 0.6666666666666666, "BB+": 0.42857142857142855, "BB": 0.3125, "B+": 0.5, "B": 0.5, "CCC": 0.6666666666666666, "CC": 1.0}], "Cluster ranges": [15.0, 17.0], "Cluster metrics of location and dispersion": [{"Mean": 8.79816513761468, "Median": 8.0, "1st Quartile": 7.0, "3rd Quartile": 10.0, "Standard Deviation": 2.643252849067927, "Is Signficant": false}, {"Mean": 9.191011235955056, "Median": 9.0, "1st Quartile": 7.0, "3rd Quartile": 10.0, "Standard Deviation": 2.971310022038219, "Is Signficant": false}], "Cluster entropies": [3.0345983682362268, 3.320653753905853], "Maximum entropy": 3.320653753905853, "Weighted average entropy": 3.163178819370554, "Incoherencies explanations": {"CLUSTER 0": {"RATING BBB+": [{"Leverage": {"Comparison": "Cluster elements in upper half", "Credit Rating Statistics": {"Mean": 0.1945244002203311, "Median": 0.19457427233080762, "1st Quartile": 0.18069108167131703, "3rd Quartile": 0.20631748969426883, "Standard Deviation": 0.0295845507584655}, "Cluster Statistics": {"Mean": 0.19910436530825085, "Median": 0.20303807274815835, "1st Quartile": 0.18732181146006044, "3rd Quartile": 0.21054874417547742, "Standard Deviation": 0.025145095553575646}}}, {"Profitability": {"Comparison": "Cluster elements in upper half", "Credit Rating Statistics": {"Mean": 0.3648017991575226, "Median": 0.3697201475368319, "1st Quartile": 0.34738254266606644, "3rd Quartile": 0.38298167957399715, "Standard Deviation": 0.035050613385868845}, "Cluster Statistics": {"Mean": 0.37197977799131926, "Median": 0.3680589695605658, "1st Quartile": 0.3470293592160771, "3rd Quartile": 0.3938360549307275, "Standard Deviation": 0.04153515804886042}}}, {"Financial Statement Lines": {"Comparison": "Cluster elements in highest 75%", "Credit Rating Statistics": {"Mean": 0.02921765202447324, "Median": 0.021048917542972716, "1st Quartile": 0.00779611341347943, "3rd Quartile": 0.03418804271725176, "Standard Deviation": 0.02945161237069476}, "Cluster Statistics": {"Mean": 0.04454389773077511, "Median": 0.03363259303125186, "1st Quartile": 0.016123873020818278, "3rd Quartile": 0.05920243914429717, "Standard Deviation": 0.03767139142684477}}}, {"Efficiency": {"Comparison": "Cluster elements in upper half", "Credit Rating Statistics": {"Mean": 0.06605171178072694, "Median": 0.06049316615148294, "1st Quartile": 0.041705823203617765, "3rd Quartile": 0.07425097254436533, "Standard Deviation": 0.03233800473375753}, "Cluster Statistics": {"Mean": 0.06895730331767967, "Median": 0.06581627471366627, "1st Quartile": 0.04130995973133468, "3rd Quartile": 0.07737875432271461, "Standard Deviation": 0.03675480027935351}}}, {"Performance": {"Comparison": "Cluster elements in highest 75%", "Credit Rating Statistics": {"Mean": 0.03557304869913276, "Median": 0.034252835223482325, "1st Quartile": 0.03358405603735824, "3rd Quartile": 0.034959973315543694, "Standard Deviation": 0.005007152646689161}, "Cluster Statistics": {"Mean": 0.03860054851382403, "Median": 0.03504336224149433, "1st Quartile": 0.034014342895263505, "3rd Quartile": 0.04032688458972648, "Standard Deviation": 0.0073000023909610785}}}], "RATING BBB": [{"Leverage": {"Comparison": "Cluster elements in upper half", "Credit Rating Statistics": {"Mean": 0.1854127321343446, "Median": 0.17950700035299247, "1st Quartile": 0.17093157790150454, "3rd Quartile": 0.1963353040340619, "Standard Deviation": 0.027171503625569398}, "Cluster Statistics": {"Mean": 0.18468199988691011, "Median": 0.18038082482827006, "1st Quartile": 0.17095363626281482, "3rd Quartile": 0.19464403376178802, "Standard Deviation": 0.031775730059381675}}}, {"Profitability": {"Comparison": "Cluster elements in upper half", "Credit Rating Statistics": {"Mean": 0.33601635840333827, "Median": 0.32785301081102536, "1st Quartile": 0.31567685167534965, "3rd Quartile": 0.3604780275425784, "Standard Deviation": 0.038044110669172425}, "Cluster Statistics": {"Mean": 0.3325978238452287, "Median": 0.3252013462728631, "1st Quartile": 0.2977434301093337, "3rd Quartile": 0.3613714267461172, "Standard Deviation": 0.045624562720343036}}}, {"Financial Statement Lines": {"Comparison": "Cluster elements in highest 75%", "Credit Rating Statistics": {"Mean": 0.028617363624859893, "Median": 0.01152324982016759, "1st Quartile": 0.005738178117851218, "3rd Quartile": 0.03463721108112779, "Standard Deviation": 0.03879003135866054}, "Cluster Statistics": {"Mean": 0.04171824452972792, "Median": 0.027646573606198953, "1st Quartile": 0.015754376235795165, "3rd Quartile": 0.04130806100776137, "Standard Deviation": 0.04411754140292338}}}, {"Liquidity": {"Comparison": "Cluster elements in upper half", "Credit Rating Statistics": {"Mean": 0.291516836692662, "Median": 0.29048142171774394, "1st Quartile": 0.28387307720773564, "3rd Quartile": 0.29761796146941477, "Standard Deviation": 0.010909846322561131}, "Cluster Statistics": {"Mean": 0.2932497732701976, "Median": 0.29161220634353546, "1st Quartile": 0.28551744892905984, "3rd Quartile": 0.29988195468835105, "Standard Deviation": 0.011480878810562244}}}, {"Efficiency": {"Comparison": "Cluster elements in highest 75%", "Credit Rating Statistics": {"Mean": 0.08058712662188501, "Median": 0.06766115003824695,