{"Algorithm Parameters": {"Eps": 0.1, "MinPts": 30, "K": 1}, "Algorithm Performance": {"Silhouette Score": 0.17}, "Clusters Content Analysis": {"Predictive Power": {"Global": {"Metrics": {"Class: Upgrade": "No element of this class", "Class: Downgrade": "No element of this class"}, "Confusion Matrix": {"predicted_down_AND_was_down": 0, "predicted_up_AND_was_up": 0, "predicted_no_change_AND_was_no_change": 0, "predicted_down_BUT_was_up": 0, "predicted_down_BUT_was_no_change": 134, "predicted_no_change_BUT_was_up": 0, "predicted_no_change_BUT_was_down": 0, "predicted_up_BUT_was_down": 0, "predicted_up_BUT_was_no_change": 64}}, "Restricted to jumps to or from below B-": {"Metrics": {"Class: Upgrade": "No element of this class", "Class: Downgrade": "No element of this class"}, "Confusion Matrix": {"predicted_down_AND_was_down": 0, "predicted_up_AND_was_up": 0, "predicted_no_change_AND_was_no_change": 0, "predicted_down_BUT_was_up": 0, "predicted_down_BUT_was_no_change": 134, "predicted_no_change_BUT_was_up": 0, "predicted_no_change_BUT_was_down": 0, "predicted_up_BUT_was_down": 0, "predicted_up_BUT_was_no_change": 64}}}, "Share of total companies in each clusters": [0.21212121212121213, 0.7878787878787878, {"SUM": 1.0}], "Clusters with significant ranges (count)": 2, "Significant Clusters (count)": 1, "Cluster Credit Ratings Shares": [{"AA": 0.047619047619047616, "A": 0.023809523809523808, "A-": 0.2619047619047619, "BBB+": 0.38095238095238093, "BBB": 0.14285714285714285, "BBB-": 0.047619047619047616, "BB+": 0.047619047619047616, "BB": 0.023809523809523808, "B+": 0.023809523809523808}, {"AA-": 0.019230769230769232, "A": 0.057692307692307696, "A-": 0.16025641025641027, "BBB+": 0.21794871794871795, "BBB": 0.1794871794871795, "BBB-": 0.08333333333333333, "BB": 0.09615384615384616, "BB-": 0.038461538461538464, "CCC+": 0.00641025641025641, "CCC": 0.019230769230769232, "AA": 0.01282051282051282, "A+": 0.019230769230769232, "BB+": 0.03205128205128205, "B+": 0.019230769230769232, "B": 0.02564102564102564, "B-": 0.00641025641025641, "CC": 0.00641025641025641}], "Share of total companies with given credit rating in each cluter": [{"AA": 0.5, "A": 0.1, "A-": 0.3055555555555556, "BBB+": 0.32, "BBB": 0.17647058823529413, "BBB-": 0.13333333333333333, "BB+": 0.2857142857142857, "BB": 0.0625, "B+": 0.25}, {"AA-": 1.0, "A": 0.9, "A-": 0.6944444444444444, "BBB+": 0.68, "BBB": 0.8235294117647058, "BBB-": 0.8666666666666667, "BB": 0.9375, "BB-": 1.0, "CCC+": 1.0, "CCC": 1.0, "AA": 0.5, "A+": 1.0, "BB+": 0.7142857142857143, "B+": 0.75, "B": 1.0, "B-": 1.0, "CC": 1.0}], "Cluster ranges": [11.0, 17.0], "Cluster metrics of location and dispersion": [{"Mean": 8.071428571428571, "Median": 8.0, "1st Quartile": 7.0, "3rd Quartile": 9.0, "Standard Deviation": 1.8821575403782544, "Is Signficant": false}, {"Mean": 9.217948717948717, "Median": 9.0, "1st Quartile": 7.0, "3rd Quartile": 10.25, "Standard Deviation": 2.955427149905034, "Is Signficant": true}], "Cluster entropies": [2.4503287844612083, 3.3427519308183187], "Maximum entropy": 3.3427519308183187, "Weighted average entropy": 3.153450051288022, "Incoherencies explanations": {"CLUSTER 0": {"RATING BBB+": [{"Leverage": {"Comparison": "Cluster elements in upper half", "Credit Rating Statistics": {"Mean": 0.1945244002203311, "Median": 0.19457427233080762, "1st Quartile": 0.18069108167131703, "3rd Quartile": 0.20631748969426883, "Standard Deviation": 0.0295845507584655}, "Cluster Statistics": {"Mean": 0.19944741726365656, "Median": 0.19988584497266929, "1st Quartile": 0.18612055287791235, "3rd Quartile": 0.21054874417547742, "Standard Deviation": 0.03351538172898049}}}, {"Profitability": {"Comparison": "Cluster elements in lower half", "Credit Rating Statistics": {"Mean": 0.3648017991575226, "Median": 0.3697201475368319, "1st Quartile": 0.34738254266606644, "3rd Quartile": 0.38298167957399715, "Standard Deviation": 0.035050613385868845}, "Cluster Statistics": {"Mean": 0.3614781440303998, "Median": 0.36442832128411945, "1st Quartile": 0.34261813987347295, "3rd Quartile": 0.38415283946087214, "Standard Deviation": 0.040290857400555304}}}, {"Financial Statement Lines": {"Comparison": "Cluster elements in highest 75%", "Credit Rating Statistics": {"Mean": 0.02921765202447324, "Median": 0.021048917542972716, "1st Quartile": 0.00779611341347943, "3rd Quartile": 0.03418804271725176, "Standard Deviation": 0.02945161237069476}, "Cluster Statistics": {"Mean": 0.03604848813912279, "Median": 0.026516493638989534, "1st Quartile": 0.00853394833272434, "3rd Quartile": 0.046863819601597814, "Standard Deviation": 0.03293767788199761}}}, {"Efficiency": {"Comparison": "Cluster elements in upper half", "Credit Rating Statistics": {"Mean": 0.06605171178072694, "Median": 0.06049316615148294, "1st Quartile": 0.041705823203617765, "3rd Quartile": 0.07425097254436533, "Standard Deviation": 0.03233800473375753}, "Cluster Statistics": {"Mean": 0.06577629796674384, "Median": 0.06235010005716197, "1st Quartile": 0.041705823203617765, "3rd Quartile": 0.07414810997185749, "Standard Deviation": 0.031011905391024393}}}, {"Performance": {"Comparison": "Cluster elements in highest 75%", "Credit Rating Statistics": {"Mean": 0.03557304869913276, "Median": 0.034252835223482325, "1st Quartile": 0.03358405603735824, "3rd Quartile": 0.034959973315543694, "Standard Deviation": 0.005007152646689161}, "Cluster Statistics": {"Mean": 0.036334615233685204, "Median": 0.034252835223482325, "1st Quartile": 0.033639092728485656, "3rd Quartile": 0.03591727818545697, "Standard Deviation": 0.005880227780754911}}}]}, "CLUSTER 1": {"RATING A-": [{"Profitability": {"Comparison": "Cluster elements in upper half", "Credit Rating Statistics": {"Mean": 0.367216992501289, "Median": 0.3618771866365048, "1st Quartile": 0.35488146290235567, "3rd Quartile": 0.3769799897727515, "Standard Deviation": 0.0387647292479555}, "Cluster Statistics": {"Mean": 0.3677911518211095, "Median": 0.3714526584174672, "1st Quartile": 0.35565565190067994, "3rd Quartile": 0.3863800809303566, "Standard Deviation": 0.020323232648240794}}}, {"Financial Statement Lines": {"Comparison": "Cluster elements in lower half", "Credit Rating Statistics": {"Mean": 0.02393678098677539, "Median": 0.013874032293075728, "1st Quartile": 0.00657908144000123, "3rd Quartile": 0.022261187395018832, "Standard Deviation": 0.04865890631023819}, "Cluster Statistics": {"Mean": 0.0100379952516865, "Median": 0.007333968788440387, "1st Quartile": 0.005619570868127515, "3rd Quartile": 0.012552166796972946, "Standard Deviation": 0.006213710889680449}}}, {"Liquidity": {"Comparison": "Cluster elements in upper half", "Credit Rating Statistics": {"Mean": 0.28992969631905224, "Median": 0.2884127346781199, "1st Quartile": 0.28393681378690133, "3rd Quartile": 0.2933062724009766, "Standard Deviation": 0.02966164830693238}, "Cluster Statistics": {"Mean": 0.2890065759123957, "Median": 0.2906625324957127, "1st Quartile": 0.2889388525020451, "3rd Quartile": 0.2927749625169418, "Standard Deviation": 0.006645694688039731}}}, {"Efficiency": {"Comparison": "Cluster elements in lower half", "Credit Rating Statistics": {"Mean": 0.06484141835595157, "Median": 0.05486163370972205, "1st Quartile": 0.045311443104771656, "3rd Quartile": 0.07066182738309135, "Standard Deviation": 0.03223605696637182}, "Cluster Statistics": {"Mean": 0.05023374444521502, "Median": 0.04566804788391785, "1st Quartile": 0.04299655727395371, "3rd Quartile": 0.05586102537796081, "Standard Deviation": 0.011922604267488566}}}, {"Performance": {"Comparison": "Cluster elements in lower half", "Credit Rating Statistics": {"Mean": 0.0372231487658439, "Median": 0.034356237491661105, "1st Quartile": 0.033865910607071385, "3rd Quartile": 0.0352368245496998, "Standard Deviation": 0.011035047364005518}, "Cluster Statistics": {"Mean": 0.03425980957001638, "Median": 0.03418945963975984, "1st Quartile": 0.03398599066044029, "3rd Quartile": 0.034596397598398936, "Standard Deviation": 0.0007558397332988164}}}],