{"Algorithm Parameters": {"Threshold Value": 0.35, "Braching Factor": 2, "K": 2}, "Algorithm Performance": {"Calinski Harabasz Index": 161.33634874814683}, "Clusters Content Analysis": {"Predictive Power": {"Global": {"Metrics": {"Class: Upgrade": "No correct predictions for this class 1 false positives and 0 false negatives.", "Class: Downgrade": "No element of this class"}, "Confusion Matrix": {"predicted_down_AND_was_down": 0, "predicted_up_AND_was_up": 0, "predicted_no_change_AND_was_no_change": 0, "predicted_down_BUT_was_up": 0, "predicted_down_BUT_was_no_change": 95, "predicted_no_change_BUT_was_up": 0, "predicted_no_change_BUT_was_down": 0, "predicted_up_BUT_was_down": 1, "predicted_up_BUT_was_no_change": 33}}, "Restricted to jumps to or from below B-": {"Metrics": {"Class: Upgrade": "No element of this class", "Class: Downgrade": "No element of this class"}, "Confusion Matrix": {"predicted_down_AND_was_down": 0, "predicted_up_AND_was_up": 0, "predicted_no_change_AND_was_no_change": 0, "predicted_down_BUT_was_up": 0, "predicted_down_BUT_was_no_change": 95, "predicted_no_change_BUT_was_up": 0, "predicted_no_change_BUT_was_down": 0, "predicted_up_BUT_was_down": 0, "predicted_up_BUT_was_no_change": 34}}}, "Share of total companies in each clusters": [0.43410852713178294, 0.5658914728682171, {"SUM": 1.0}], "Clusters with significant ranges (count)": 2, "Significant Clusters (count)": 1, "Cluster Credit Ratings Shares": [{"BBB": 0.23214285714285715, "BBB-": 0.16071428571428573, "B": 0.03571428571428571, "AA-": 0.05357142857142857, "A+": 0.03571428571428571, "A": 0.03571428571428571, "A-": 0.07142857142857142, "BBB+": 0.10714285714285714, "BB+": 0.05357142857142857, "BB": 0.08928571428571429, "BB-": 0.05357142857142857, "B+": 0.017857142857142856, "CCC+": 0.017857142857142856, "CCC": 0.017857142857142856, "CC": 0.017857142857142856}, {"BB": 0.0136986301369863, "B": 0.0547945205479452, "BBB": 0.8904109589041096, "BB+": 0.0273972602739726, "B+": 0.0136986301369863}], "Share of total companies with given credit rating in each cluter": [{"BBB": 0.16666666666666666, "BBB-": 1.0, "B": 0.3333333333333333, "AA-": 1.0, "A+": 1.0, "A": 1.0, "A-": 1.0, "BBB+": 1.0, "BB+": 0.6, "BB": 0.8333333333333334, "BB-": 1.0, "B+": 0.5, "CCC+": 1.0, "CCC": 1.0, "CC": 1.0}, {"BB": 0.16666666666666666, "B": 0.6666666666666666, "BBB": 0.8333333333333334, "BB+": 0.4, "B+": 0.5}], "Cluster ranges": [16.0, 6.0], "Cluster metrics of location and dispersion": [{"Mean": 9.785714285714286, "Median": 9.0, "1st Quartile": 8.0, "3rd Quartile": 11.25, "Standard Deviation": 3.244304271193075, "Is Signficant": true}, {"Mean": 9.493150684931507, "Median": 9.0, "1st Quartile": 9.0, "3rd Quartile": 9.0, "Standard Deviation": 1.5181395217275115, "Is Signficant": false}], "Cluster entropies": [3.449870648234941, 0.6904559582382427], "Maximum entropy": 3.449870648234941, "Weighted average entropy": 1.8883414050585148, "Incoherencies explanations": {"CLUSTER 0": {"RATING BBB": [{"Leverage": {"Comparison": "Cluster elements in lowest 25%", "Credit Rating Statistics": {"Mean": 0.20386406693527706, "Median": 0.19105444180167339, "1st Quartile": 0.19105444180167339, "3rd Quartile": 0.2303909836939539, "Standard Deviation": 0.02468785137270525}, "Cluster Statistics": {"Mean": 0.1728199724823422, "Median": 0.17336292180418433, "1st Quartile": 0.16076753164209318, "3rd Quartile": 0.1815863349914632, "Standard Deviation": 0.021468154174833918}}}, {"Financial Statement Lines": {"Comparison": "Cluster elements in highest 75%", "Credit Rating Statistics": {"Mean": 0.025115916679908156, "Median": 0.02035190004796314, "1st Quartile": 0.00677352973883116, "3rd Quartile": 0.035554783003301255, "Standard Deviation": 0.02310705205021242}, "Cluster Statistics": {"Mean": 0.045185256004875295, "Median": 0.023451110734195472, "1st Quartile": 0.014369003905569902, "3rd Quartile": 0.07507944245939702, "Standard Deviation": 0.04122530841705278}}}, {"Industry Risk": {"Comparison": "Cluster elements in lower half", "Credit Rating Statistics": {"Mean": 0.24358974358974367, "Median": 0.3, "1st Quartile": 0.1, "3rd Quartile": 0.4, "Standard Deviation": 0.1455227038324381}, "Cluster Statistics": {"Mean": 0.20769230769230768, "Median": 0.3, "1st Quartile": 0.2, "3rd Quartile": 0.3, "Standard Deviation": 0.12064913185660094}}}, {"Country Risk": {"Comparison": "Cluster elements in lowest 25%", "Credit Rating Statistics": {"Mean": 0.32080638819048685, "Median": 0.3241759209581622, "1st Quartile": 0.3241759209581622, "3rd Quartile": 0.3241759209581622, "Standard Deviation": 0.017316326242297817}, "Cluster Statistics": {"Mean": 0.30865447571184856, "Median": 0.320839466044664, "1st Quartile": 0.28976648748941025, "3rd Quartile": 0.3241759209581622, "Standard Deviation": 0.03660173657432355}}}, {"Country Diversification": {"Comparison": "Cluster elements in highest 75%", "Credit Rating Statistics": {"Mean": 0.08756541021248211, "Median": 0.0, "1st Quartile": 0.0, "3rd Quartile": 0.0, "Standard Deviation": 0.22057883513504273}, "Cluster Statistics": {"Mean": 0.5253924612748927, "Median": 0.5017110307539444, "1st Quartile": 0.39281131587097007, "3rd Quartile": 0.704741492737989, "Standard Deviation": 0.24879530358667565}}}]}, "CLUSTER 1": {"RATING BBB": [{"Leverage": {"Comparison": "Cluster elements in upper half", "Credit Rating Statistics": {"Mean": 0.20386406693527706, "Median": 0.19105444180167339, "1st Quartile": 0.19105444180167339, "3rd Quartile": 0.2303909836939539, "Standard Deviation": 0.02468785137270525}, "Cluster Statistics": {"Mean": 0.21007288582586398, "Median": 0.19105444180167339, "1st Quartile": 0.19105444180167339, "3rd Quartile": 0.2303909836939539, "Standard Deviation": 0.020196907823956525}}}, {"Financial Statement Lines": {"Comparison": "Cluster elements in upper half", "Credit Rating Statistics": {"Mean": 0.025115916679908156, "Median": 0.02035190004796314, "1st Quartile": 0.00677352973883116, "3rd Quartile": 0.035554783003301255, "Standard Deviation": 0.02310705205021242}, "Cluster Statistics": {"Mean": 0.02110204881491473, "Median": 0.017127165221220153, "1st Quartile": 0.00677352973883116, "3rd Quartile": 0.035554783003301255, "Standard Deviation": 0.014288142045048588}}}, {"Industry Risk": {"Comparison": "Cluster elements in lower half", "Credit Rating Statistics": {"Mean": 0.24358974358974367, "Median": 0.3, "1st Quartile": 0.1, "3rd Quartile": 0.4, "Standard Deviation": 0.1455227038324381}, "Cluster Statistics": {"Mean": 0.25076923076923086, "Median": 0.3, "1st Quartile": 0.1, "3rd Quartile": 0.4, "Standard Deviation": 0.14896884230043328}}}, {"Country Risk": {"Comparison": "Cluster elements in lowest 25%", "Credit Rating Statistics": {"Mean": 0.32080638819048685, "Median": 0.3241759209581622, "1st Quartile": 0.3241759209581622, "3rd Quartile": 0.3241759209581622, "Standard Deviation": 0.017316326242297817}, "Cluster Statistics": {"Mean": 0.3232367706862146, "Median": 0.3241759209581622, "1st Quartile": 0.3241759209581622, "3rd Quartile": 0.3241759209581622, "Standard Deviation": 0.007513202175581251}}}, {"Country Diversification": {"Comparison": "Cluster elements in highest 75%", "Credit Rating Statistics": {"Mean": 0.08756541021248211, "Median": 0.0, "1st Quartile": 0.0, "3rd Quartile": 0.0, "Standard Deviation": 0.22057883513504273}, "Cluster Statistics": {"Mean": 0.0, "Median": 0.0, "1st Quartile": 0.0, "3rd Quartile": 0.0, "Standard Deviation": 0.0}}}]}}}}