{"Number of changes": 98, "Share of companies that changed": 0.02370012091898428, "Number of upgrades": 52, "Share of upgrades": 0.5306122448979592, "Number of jumps from or to B-": 11}