{"Algorithm Parameters": {"Eps": 3, "MinPts": 29, "K": 1.0}, "Algorithm Performance": {"Calinski Harabasz Index": 4518.097365209151}, "Clusters Content Analysis": {"Clusters with significant ranges (count)": 1, "Significant Clusters (count)": 0, "Cluster Credit Ratings Counts": [{"6.0": 23, "14.0": 5, "9.0": 60, "11.0": 21, "8.0": 24, "3.0": 5, "5.0": 5, "12.0": 17, "15.0": 1, "1.0": 1, "2.0": 1}], "Cluster ranges": [14.0], "Cluster metrics of location and dispersion": [{"Mean": 8.791411042944786, "Median": 9.0, "1st Quartile": 8.0, "3rd Quartile": 11.0, "Standard Deviation": 2.4705727900222447, "Is Signficant": false}], "Cluster entropies": [2.655176520206229], "Maximum entropy": 2.655176520206229, "Weighted average entropy": 2.655176520206229, "Incoherencies explanations": {"CLUSTER 0": {"RATING 9.0": [{"CUSTOMPPPPC": {"Comparison": "Cluster elements in lower half", "Credit Rating Statistics": {"Mean": 56948.99419968478, "Median": 66127.88409120432, "1st Quartile": 52656.47154059829, "3rd Quartile": 67697.197, "Standard Deviation": 17555.17018046597}, "Cluster Statistics": {"Mean": 56948.99419968478, "Median": 66127.88409120432, "1st Quartile": 52656.47154059829, "3rd Quartile": 67697.197, "Standard Deviation": 17555.17018046597}}}, {"Total Operating Expenses  Capital IQ [LTM] ($USDmm, Historical rate)": {"Comparison": "Cluster elements in highest 75%", "Credit Rating Statistics": {"Mean": 22671.121666666666, "Median": 10372.95, "1st Quartile": 4631.65, "3rd Quartile": 18197.449999999997, "Standard Deviation": 48337.916591933266}, "Cluster Statistics": {"Mean": 22671.121666666666, "Median": 10372.95, "1st Quartile": 4631.65, "3rd Quartile": 18197.449999999997, "Standard Deviation": 48337.916591933266}}}, {"Annual Revenue Growth (%), Adj.  Credit Stats Direct [Latest Annual]": {"Comparison": "Cluster elements in upper half", "Credit Rating Statistics": {"Mean": 18.958483333333334, "Median": 9.565000000000001, "1st Quartile": 4.44, "3rd Quartile": 22.85, "Standard Deviation": 22.138753390447608}, "Cluster Statistics": {"Mean": 18.958483333333334, "Median": 9.565000000000001, "1st Quartile": 4.44, "3rd Quartile": 22.85, "Standard Deviation": 22.138753390447608}}}, {"b ": {"Comparison": "Cluster elements in highest 75%", "Credit Rating Statistics": {"Mean": 0.0, "Median": 0.0, "1st Quartile": 0.0, "3rd Quartile": 0.0, "Standard Deviation": 0.0}, "Cluster Statistics": {"Mean": 0.0, "Median": 0.0, "1st Quartile": 0.0, "3rd Quartile": 0.0, "Standard Deviation": 0.0}}}, {"CUSTOMPPPGDP": {"Comparison": "Cluster elements in lower half", "Credit Rating Statistics": {"Mean": 17697.733846840776, "Median": 22488.616, "1st Quartile": 15770.347468300875, "3rd Quartile": 22488.616, "Standard Deviation": 7387.932337855043}, "Cluster Statistics": {"Mean": 17697.733846840776, "Median": 22488.616, "1st Quartile": 15770.347468300875, "3rd Quartile": 22488.616, "Standard Deviation": 7387.932337855043}}}]}}}}