{"Algorithm Parameters": {"K": 18}, "Algorithm Performance": {"WCSS": 6890873688.518773, "Silhouette Score": 0.6435677272223933, "Calinski Harabasz Index": 4051.503724104372}, "Clusters Content Analysis": {"Predictive Power": {"Global": {"Metrics": {"Class: Upgrade": {"Accuracy": 0.5, "Precision": 0.5454545454545454, "Recall": 0.6, "F1-Score": 0.5714285714285713}, "Class: Downgrade": {"Accuracy": 0.6, "Precision": 0.5454545454545454, "Recall": 0.5, "F1-Score": 0.5217391304347826}}, "Confusion Matrix": {"predicted_down_AND_was_down": 3, "predicted_up_AND_was_up": 3, "predicted_no_change_AND_was_no_change": 9, "predicted_down_BUT_was_up": 2, "predicted_down_BUT_was_no_change": 452, "predicted_no_change_BUT_was_up": 0, "predicted_no_change_BUT_was_down": 0, "predicted_up_BUT_was_down": 3, "predicted_up_BUT_was_no_change": 384}}, "Restricted to jumps to or from below B-": {"Metrics": {"Class: Upgrade": "No element of this class", "Class: Downgrade": "No element of this class"}, "Confusion Matrix": {"predicted_down_AND_was_down": 0, "predicted_up_AND_was_up": 0, "predicted_no_change_AND_was_no_change": 9, "predicted_down_BUT_was_up": 0, "predicted_down_BUT_was_no_change": 457, "predicted_no_change_BUT_was_up": 0, "predicted_no_change_BUT_was_down": 0, "predicted_up_BUT_was_down": 0, "predicted_up_BUT_was_no_change": 390}}}, "Share of total companies in each clusters": [0.0011682242990654205, 0.015186915887850467, 0.002336448598130841, 0.5771028037383178, 0.23014018691588786, 0.0011682242990654205, 0.0794392523364486, 0.0011682242990654205, 0.008177570093457943, 0.06074766355140187, 0.005841121495327103, 0.002336448598130841, 0.0011682242990654205, 0.004672897196261682, 0.0035046728971962616, 0.0011682242990654205, 0.002336448598130841, 0.002336448598130841, {"SUM": 0.9999999999999999}], "Clusters with significant ranges (count)": 9, "Significant Clusters (count)": 1, "Cluster Credit Ratings Shares": [{"1.0": 1.0}, {"1.0": 0.07692307692307693, "3.0": 0.15384615384615385, "4.0": 0.15384615384615385, "6.0": 0.07692307692307693, "7.0": 0.15384615384615385, "8.0": 0.23076923076923078, "9.0": 0.15384615384615385}, {"2.0": 0.5, "9.0": 0.5}, {"2.0": 0.0020242914979757085, "4.0": 0.004048582995951417, "5.0": 0.006072874493927126, "6.0": 0.01417004048582996, "7.0": 0.04048582995951417, "8.0": 0.06477732793522267, "9.0": 0.1862348178137652, "10.0": 0.1700404858299595, "11.0": 0.08299595141700405, "12.0": 0.12753036437246965, "13.0": 0.10121457489878542, "14.0": 0.10931174089068826, "15.0": 0.044534412955465584, "16.0": 0.030364372469635626, "17.0": 0.016194331983805668}, {"2.0": 0.005076142131979695, "3.0": 0.005076142131979695, "4.0": 0.01015228426395939, "5.0": 0.050761421319796954, "6.0": 0.06598984771573604, "7.0": 0.16243654822335024, "8.0": 0.2131979695431472, "9.0": 0.22842639593908629, "10.0": 0.1218274111675127, "11.0": 0.06598984771573604, "12.0": 0.04060913705583756, "13.0": 0.02030456852791878, "14.0": 0.01015228426395939}, {"3.0": 1.0}, {"3.0": 0.014705882352941176, "4.0": 0.014705882352941176, "5.0": 0.058823529411764705, "6.0": 0.14705882352941177, "7.0": 0.14705882352941177, "8.0": 0.22058823529411764, "9.0": 0.16176470588235295, "10.0": 0.11764705882352941, "11.0": 0.10294117647058823, "12.0": 0.014705882352941176}, {"4.0": 1.0}, {"4.0": 0.14285714285714285, "6.0": 0.14285714285714285, "8.0": 0.42857142857142855, "9.0": 0.14285714285714285, "12.0": 0.14285714285714285}, {"4.0": 0.019230769230769232, "5.0": 0.057692307692307696, "6.0": 0.07692307692307693, "7.0": 0.07692307692307693, "8.0": 0.09615384615384616, "9.0": 0.6153846153846154, "10.0": 0.019230769230769232, "11.0": 0.038461538461538464}, {"4.0": 0.2, "7.0": 0.4, "8.0": 0.2, "9.0": 0.2}, {"4.0": 0.5, "10.0": 0.5}, {"6.0": 1.0}, {"6.0": 0.25, "7.0": 0.5, "9.0": 0.25}, {"7.0": 0.6666666666666666, "8.0": 0.3333333333333333}, {"8.0": 1.0}, {"8.0": 0.5, "9.0": 0.5}, {"9.0": 1.0}], "Share of total companies with given credit rating in each cluter": [{"1.0": 0.5}, {"1.0": 0.5, "3.0": 0.4, "4.0": 0.16666666666666666, "6.0": 0.02631578947368421, "7.0": 0.02702702702702703, "8.0": 0.028846153846153848, "9.0": 0.010582010582010581}, {"2.0": 0.3333333333333333, "9.0": 0.005291005291005291}, {"2.0": 0.3333333333333333, "4.0": 0.16666666666666666, "5.0": 0.15, "6.0": 0.18421052631578946, "7.0": 0.2702702702702703, "8.0": 0.3076923076923077, "9.0": 0.48677248677248675, "10.0": 0.711864406779661, "11.0": 0.6507936507936508, "12.0": 0.863013698630137, "13.0": 0.9259259259259259, "14.0": 0.9642857142857143, "15.0": 1.0, "16.0": 1.0, "17.0": 1.0}, {"2.0": 0.3333333333333333, "3.0": 0.2, "4.0": 0.16666666666666666, "5.0": 0.5, "6.0": 0.34210526315789475, "7.0": 0.43243243243243246, "8.0": 0.40384615384615385, "9.0": 0.23809523809523808, "10.0": 0.2033898305084746, "11.0": 0.20634920634920634, "12.0": 0.1095890410958904, "13.0": 0.07407407407407407, "14.0": 0.03571428571428571}, {"3.0": 0.2}, {"3.0": 0.2, "4.0": 0.08333333333333333, "5.0": 0.2, "6.0": 0.2631578947368421, "7.0": 0.13513513513513514, "8.0": 0.14423076923076922, "9.0": 0.0582010582010582, "10.0": 0.06779661016949153, "11.0": 0.1111111111111111, "12.0": 0.0136986301369863}, {"4.0": 0.08333333333333333}, {"4.0": 0.08333333333333333, "6.0": 0.02631578947368421, "8.0": 0.028846153846153848, "9.0": 0.005291005291005291, "12.0": 0.0136986301369863}, {"4.0": 0.08333333333333333, "5.0": 0.15, "6.0": 0.10526315789473684, "7.0": 0.05405405405405406, "8.0": 0.04807692307692308, "9.0": 0.1693121693121693, "10.0": 0.00847457627118644, "11.0": 0.031746031746031744}, {"4.0": 0.08333333333333333, "7.0": 0.02702702702702703, "8.0": 0.009615384615384616, "9.0": 0.005291005291005291}, {"4.0": 0.08333333333333333, "10.0": 0.00847457627118644}, {"6.0": 0.02631578947368421}, {"6.0": 0.02631578947368421, "7.0": 0.02702702702702703, "9.0": 0.005291005291005291}, {"7.0": 0.02702702702702703, "8.0": 0.009615384615384616}, {"8.0": 0.009615384615384616}, {"8.0": 0.009615384615384616, "9.0": 0.005291005291005291}, {"9.0": 0.010582010582010581}], "Cluster ranges": [0.0, 8.0, 7.0, 15.0, 12.0, 0.0, 9.0, 0.0, 8.0, 7.0, 5.0, 6.0, 0.0, 3.0, 1.0, 0.0, 1.0, 0.0], "Cluster metrics of location and dispersion": [{"Mean": 1.0, "Median": 1.0, "1st Quartile": 1.0, "3rd Quartile": 1.0, "Standard Deviation": 0.0, "Is Signficant": false}, {"Mean": 5.923076923076923, "Median": 7.0, "1st Quartile": 4.0, "3rd Quartile": 8.0, "Standard Deviation": 2.5256084860587698, "Is Signficant": false}, {"Mean": 5.5, "Median": 5.5, "1st Quartile": 3.75, "3rd Quartile": 7.25, "Standard Deviation": 3.5, "Is Signficant": false}, {"Mean": 11.03238866396761, "Median": 11.0, "1st Quartile": 9.0, "3rd Quartile": 13.0, "Standard Deviation": 2.578909233919366, "Is Signficant": true}, {"Mean": 8.451776649746193, "Median": 8.0, "1st Quartile": 7.0, "3rd Quartile": 10.0, "Standard Deviation": 1.9959246272410576, "Is Signficant": false}, {"Mean": 3.0, "Median": 3.0, "1st Quartile": 3.0, "3rd Quartile": 3.0, "Standard Deviation": 0.0, "Is Signficant": false}, {"Mean": 8.014705882352942, "Median": 8.0, "1st Quartile": 7.0, "3rd Quartile": 9.0, "Standard Deviation": 1.913517296213069, "Is Signficant": false}, {"Mean": 4.0, "Median": 4.0, "1st Quartile": 4.0, "3rd Quartile": 4.0, "Standard Deviation": 0.0, "Is Signficant": false}, {"Mean": 7.857142857142857, "Median": 8.0, "1st Quartile": 7.0, "3rd Quartile": 8.5, "Standard Deviation": 2.2946254863155726, "Is Signficant": false}, {"Mean": 8.288461538461538, "Median": 9.0, "1st Quartile": 8.0, "3rd Quartile": 9.0, "Standard Deviation": 1.4720020179430469, "Is Signficant": false}, {"Mean": 7.0, "Median": 7.0, "1st Quartile": 7.0, "3rd Quartile": 8.0, "Standard Deviation": 1.6733200530681511, "Is Signficant": false}, {"Mean": 7.0, "Median": 7.0, "1st Quartile": 5.5, "3rd Quartile": 8.5, "Standard Deviation": 3.0, "Is Signficant": false}, {"Mean": 6.0, "Median": 6.0, "1st Quartile": 6.0, "3rd Quartile": 6.0, "Standard Deviation": 0.0, "Is Signficant": false}, {"Mean": 7.25,