{"Algorithm Parameters": {"Threshold Value": 6.6, "Braching Factor": 67, "K": 19}, "Algorithm Performance": {"Silhouette Score": 0.7441457833492343}, "Clusters Content Analysis": {"Predictive Power": {"Global": {"Metrics": {"Class: Upgrade": {"Accuracy": 0.38461538461538464, "Precision": 0.5, "Recall": 0.2631578947368421, "F1-Score": 0.3448275862068966}, "Class: Downgrade": {"Accuracy": 0.5483870967741935, "Precision": 0.5, "Recall": 0.68, "F1-Score": 0.576271186440678}}, "Confusion Matrix": {"predicted_down_AND_was_down": 17, "predicted_up_AND_was_up": 5, "predicted_no_change_AND_was_no_change": 1, "predicted_down_BUT_was_up": 14, "predicted_down_BUT_was_no_change": 1430, "predicted_no_change_BUT_was_up": 0, "predicted_no_change_BUT_was_down": 0, "predicted_up_BUT_was_down": 8, "predicted_up_BUT_was_no_change": 2283}}, "Restricted to jumps to or from below B-": {"Metrics": {"Class: Upgrade": "No element of this class", "Class: Downgrade": "No element of this class"}, "Confusion Matrix": {"predicted_down_AND_was_down": 0, "predicted_up_AND_was_up": 0, "predicted_no_change_AND_was_no_change": 1, "predicted_down_BUT_was_up": 0, "predicted_down_BUT_was_no_change": 1461, "predicted_no_change_BUT_was_up": 0, "predicted_no_change_BUT_was_down": 0, "predicted_up_BUT_was_down": 0, "predicted_up_BUT_was_no_change": 2296}}}, "Share of total companies in each clusters": [0.9984034060670569, 0.0013304949441192123, 0.00026609898882384245, {"SUM": 0.9999999999999999}], "Clusters with significant ranges (count)": 2, "Significant Clusters (count)": 2, "Cluster Credit Ratings Shares": [{"AAA": 0.002398720682302772, "AA+": 0.003997867803837953, "AA": 0.004797441364605544, "AA-": 0.00826226012793177, "A+": 0.01812366737739872, "A": 0.02398720682302772, "A-": 0.048507462686567165, "BBB+": 0.05357142857142857, "BBB": 0.08128997867803837, "BBB-": 0.0482409381663113, "BB+": 0.03011727078891258, "BB": 0.034381663113006396, "BB-": 0.03091684434968017, "B+": 0.028251599147121536, "B": 0.017590618336886993, "B-": 0.5567697228144989, "CCC+": 0.005063965884861407, "CCC": 0.0018656716417910447, "CC": 0.0010660980810234541, "D": 0.0007995735607675906}, {"AA": 0.2, "A+": 0.2, "A": 0.2, "B+": 0.2, "B": 0.2}, {"AA-": 1.0}], "Share of total companies with given credit rating in each cluter": [{"AAA": 1.0, "AA+": 1.0, "AA": 0.9473684210526315, "AA-": 0.96875, "A+": 0.9855072463768116, "A": 0.989010989010989, "A-": 1.0, "BBB+": 1.0, "BBB": 1.0, "BBB-": 1.0, "BB+": 1.0, "BB": 1.0, "BB-": 1.0, "B+": 0.9906542056074766, "B": 0.9850746268656716, "B-": 1.0, "CCC+": 1.0, "CCC": 1.0, "CC": 1.0, "D": 1.0}, {"AA": 0.05263157894736842, "A+": 0.014492753623188406, "A": 0.01098901098901099, "B+": 0.009345794392523364, "B": 0.014925373134328358}, {"AA-": 0.03125}], "Cluster ranges": [21.0, 12.0, 0.0], "Cluster metrics of location and dispersion": [{"Mean": 13.146588486140725, "Median": 16.0, "1st Quartile": 10.0, "3rd Quartile": 16.0, "Standard Deviation": 3.8237898685189426, "Is Signficant": true}, {"Mean": 8.6, "Median": 6.0, "1st Quartile": 5.0, "3rd Quartile": 14.0, "Standard Deviation": 4.923413450036469, "Is Signficant": true}, {"Mean": 4.0, "Median": 4.0, "1st Quartile": 4.0, "3rd Quartile": 4.0, "Standard Deviation": 0.0, "Is Signficant": false}], "Cluster entropies": [2.591087949248818, 2.321928094887362, 0], "Maximum entropy": 2.591087949248818, "Weighted average entropy": 2.5900403475401816, "Incoherencies explanations": {"CLUSTER 0": {"RATING B-": [{"0": {"Comparison": "Cluster elements in highest 75%", "Credit Rating Statistics": {"Mean": -1.7252958779218073, "Median": -1.8035917400811063, "1st Quartile": -1.8035917400811063, "3rd Quartile": -1.8035917400811063, "Standard Deviation": 0.5820937373711167}, "Cluster Statistics": {"Mean": -1.7252958779218073, "Median": -1.8035917400811063, "1st Quartile": -1.8035917400811063, "3rd Quartile": -1.8035917400811063, "Standard Deviation": 0.5820937373711167}}}, {"1": {"Comparison": "Cluster elements in lowest 25%", "Credit Rating Statistics": {"Mean": 0.042496435933066325, "Median": 0.065885431065891, "1st Quartile": 0.065885431065891, "3rd Quartile": 0.065885431065891, "Standard Deviation": 0.22185473128022712}, "Cluster Statistics": {"Mean": 0.042496435933066325, "Median": 0.065885431065891, "1st Quartile": 0.065885431065891, "3rd Quartile": 0.065885431065891, "Standard Deviation": 0.22185473128022712}}}, {"2": {"Comparison": "Cluster elements in lowest 25%", "Credit Rating Statistics": {"Mean": 0.3576464251886117, "Median": 0.3810248661687214, "1st Quartile": 0.3810248661687214, "3rd Quartile": 0.3810248661687214, "Standard Deviation": 0.3813555825028657}, "Cluster Statistics": {"Mean": 0.3576464251886117, "Median": 0.3810248661687214, "1st Quartile": 0.3810248661687214, "3rd Quartile": 0.3810248661687214, "Standard Deviation": 0.3813555825028657}}}, {"3": {"Comparison": "Cluster elements in highest 75%", "Credit Rating Statistics": {"Mean": -0.25391429087698875, "Median": -0.26969114222803475, "1st Quartile": -0.26969114222803475, "3rd Quartile": -0.26969114222803475, "Standard Deviation": 0.14843578303058888}, "Cluster Statistics": {"Mean": -0.25391429087698875, "Median": -0.26969114222803475, "1st Quartile": -0.26969114222803475, "3rd Quartile": -0.26969114222803475, "Standard Deviation": 0.14843578303058888}}}, {"4": {"Comparison": "Cluster elements in lowest 25%", "Credit Rating Statistics": {"Mean": 0.15886709001864627, "Median": 0.17075150916761236, "1st Quartile": 0.17075150916761236, "3rd Quartile": 0.17075150916761236, "Standard Deviation": 0.3206308199366147}, "Cluster Statistics": {"Mean": 0.15886709001864627, "Median": 0.17075150916761236, "1st Quartile": 0.17075150916761236, "3rd Quartile": 0.17075150916761236, "Standard Deviation": 0.3206308199366147}}}]}, "CLUSTER 1": {}}}}