{"Algorithm Parameters": {"K": 17}, "Algorithm Performance": {"WCSS": 2918099238.536117, "Silhouette Score": 0.5660470363028898, "Calinski Harabasz Index": 11163.803676502019}, "Clusters Content Analysis": {"Predictive Power": {"Global": {"Metrics": {"Class: Upgrade": {"Accuracy": 0.5, "Precision": 0.5454545454545454, "Recall": 0.8, "F1-Score": 0.6486486486486486}, "Class: Downgrade": {"Accuracy": 0.6666666666666666, "Precision": 0.5454545454545454, "Recall": 0.3333333333333333, "F1-Score": 0.41379310344827586}}, "Confusion Matrix": {"predicted_down_AND_was_down": 2, "predicted_up_AND_was_up": 4, "predicted_no_change_AND_was_no_change": 6, "predicted_down_BUT_was_up": 1, "predicted_down_BUT_was_no_change": 362, "predicted_no_change_BUT_was_up": 0, "predicted_no_change_BUT_was_down": 0, "predicted_up_BUT_was_down": 4, "predicted_up_BUT_was_no_change": 384}}, "Restricted to jumps to or from below B-": {"Metrics": {"Class: Upgrade": "No element of this class", "Class: Downgrade": "No element of this class"}, "Confusion Matrix": {"predicted_down_AND_was_down": 0, "predicted_up_AND_was_up": 0, "predicted_no_change_AND_was_no_change": 6, "predicted_down_BUT_was_up": 0, "predicted_down_BUT_was_no_change": 365, "predicted_no_change_BUT_was_up": 0, "predicted_no_change_BUT_was_down": 0, "predicted_up_BUT_was_down": 0, "predicted_up_BUT_was_no_change": 392}}}, "Share of total companies in each clusters": [0.002621231979030144, 0.019659239842726082, 0.001310615989515072, 0.2018348623853211, 0.1127129750982962, 0.001310615989515072, 0.023591087811271297, 0.04456094364351245, 0.0799475753604194, 0.1598951507208388, 0.053735255570117955, 0.003931847968545216, 0.010484927916120577, 0.001310615989515072, 0.2778505897771953, 0.003931847968545216, 0.001310615989515072, {"SUM": 0.9999999999999999}], "Clusters with significant ranges (count)": 9, "Significant Clusters (count)": 2, "Cluster Credit Ratings Shares": [{"1.0": 0.5, "4.0": 0.5}, {"1.0": 0.06666666666666667, "4.0": 0.26666666666666666, "6.0": 0.06666666666666667, "7.0": 0.06666666666666667, "8.0": 0.13333333333333333, "9.0": 0.3333333333333333, "12.0": 0.06666666666666667}, {"2.0": 1.0}, {"2.0": 0.006493506493506494, "6.0": 0.01948051948051948, "7.0": 0.07142857142857142, "8.0": 0.09740259740259741, "9.0": 0.2012987012987013, "10.0": 0.16233766233766234, "11.0": 0.12987012987012986, "12.0": 0.11038961038961038, "13.0": 0.12337662337662338, "14.0": 0.045454545454545456, "16.0": 0.012987012987012988, "17.0": 0.01948051948051948}, {"2.0": 0.011627906976744186, "5.0": 0.03488372093023256, "6.0": 0.03488372093023256, "7.0": 0.1511627906976744, "8.0": 0.23255813953488372, "9.0": 0.26744186046511625, "10.0": 0.09302325581395349, "11.0": 0.08139534883720931, "12.0": 0.023255813953488372, "13.0": 0.03488372093023256, "14.0": 0.03488372093023256}, {"3.0": 1.0}, {"3.0": 0.1111111111111111, "5.0": 0.05555555555555555, "6.0": 0.2222222222222222, "7.0": 0.1111111111111111, "8.0": 0.3333333333333333, "9.0": 0.1111111111111111, "11.0": 0.05555555555555555}, {"3.0": 0.029411764705882353, "4.0": 0.058823529411764705, "5.0": 0.08823529411764706, "6.0": 0.17647058823529413, "7.0": 0.17647058823529413, "8.0": 0.23529411764705882, "9.0": 0.058823529411764705, "10.0": 0.11764705882352941, "11.0": 0.058823529411764705}, {"3.0": 0.01639344262295082, "4.0": 0.01639344262295082, "5.0": 0.08196721311475409, "6.0": 0.16393442622950818, "7.0": 0.18032786885245902, "8.0": 0.19672131147540983, "9.0": 0.16393442622950818, "10.0": 0.11475409836065574, "11.0": 0.04918032786885246, "12.0": 0.01639344262295082}, {"4.0": 0.01639344262295082, "5.0": 0.03278688524590164, "6.0": 0.02459016393442623, "7.0": 0.11475409836065574, "8.0": 0.22950819672131148, "9.0": 0.2459016393442623, "10.0": 0.1721311475409836, "11.0": 0.07377049180327869, "12.0": 0.05737704918032787, "13.0": 0.02459016393442623, "15.0": 0.00819672131147541}, {"4.0": 0.024390243902439025, "5.0": 0.0975609756097561, "6.0": 0.12195121951219512, "7.0": 0.14634146341463414, "8.0": 0.1951219512195122, "9.0": 0.14634146341463414, "10.0": 0.12195121951219512, "11.0": 0.0975609756097561, "12.0": 0.04878048780487805}, {"4.0": 0.3333333333333333, "7.0": 0.3333333333333333, "8.0": 0.3333333333333333}, {"6.0": 0.125, "7.0": 0.375, "8.0": 0.375, "10.0": 0.125}, {"6.0": 1.0}, {"6.0": 0.0047169811320754715, "7.0": 0.02358490566037736, "8.0": 0.0047169811320754715, "9.0": 0.07075471698113207, "10.0": 0.07547169811320754, "11.0": 0.08018867924528301, "12.0": 0.2028301886792453, "13.0": 0.13679245283018868, "14.0": 0.2169811320754717, "15.0": 0.09905660377358491, "16.0": 0.06132075471698113, "17.0": 0.02358490566037736}, {"7.0": 0.3333333333333333, "9.0": 0.6666666666666666}, {"9.0": 1.0}], "Share of total companies with given credit rating in each cluter": [{"1.0": 0.5, "4.0": 0.08333333333333333}, {"1.0": 0.5, "4.0": 0.3333333333333333, "6.0": 0.02631578947368421, "7.0": 0.013513513513513514, "8.0": 0.019230769230769232, "9.0": 0.03937007874015748, "12.0": 0.0136986301369863}, {"2.0": 0.3333333333333333}, {"2.0": 0.3333333333333333, "6.0": 0.07894736842105263, "7.0": 0.14864864864864866, "8.0": 0.14423076923076922, "9.0": 0.2440944881889764, "10.0": 0.28735632183908044, "11.0": 0.31746031746031744, "12.0": 0.2328767123287671, "13.0": 0.35185185185185186, "14.0": 0.125, "16.0": 0.13333333333333333, "17.0": 0.375}, {"2.0": 0.3333333333333333, "5.0": 0.15, "6.0": 0.07894736842105263, "7.0": 0.17567567567567569, "8.0": 0.19230769230769232, "9.0": 0.18110236220472442, "10.0": 0.09195402298850575, "11.0": 0.1111111111111111, "12.0": 0.0273972602739726, "13.0": 0.05555555555555555, "14.0": 0.05357142857142857}, {"3.0": 0.2}, {"3.0": 0.4, "5.0": 0.05, "6.0": 0.10526315789473684, "7.0": 0.02702702702702703, "8.0": 0.057692307692307696, "9.0": 0.015748031496062992, "11.0": 0.015873015873015872}, {"3.0": 0.2, "4.0": 0.16666666666666666, "5.0": 0.15, "6.0": 0.15789473684210525, "7.0": 0.08108108108108109, "8.0": 0.07692307692307693, "9.0": 0.015748031496062992, "10.0": 0.04597701149425287, "11.0": 0.031746031746031744}, {"3.0": 0.2, "4.0": 0.08333333333333333, "5.0": 0.25, "6.0": 0.2631578947368421, "7.0": 0.14864864864864866, "8.0": 0.11538461538461539, "9.0": 0.07874015748031496, "10.0": 0.08045977011494253, "11.0": 0.047619047619047616, "12.0": 0.0136986301369863}, {"4.0": 0.16666666666666666, "5.0": 0.2, "6.0": 0.07894736842105263, "7.0": 0.1891891891891892, "8.0": 0.2692307692307692, "9.0": 0.23622047244094488, "10.0": 0.2413793103448276, "11.0": 0.14285714285714285, "12.0": 0.0958904109589041, "13.0": 0.05555555555555555, "15.0": 0.045454545454545456}, {"4.0": 0.08333333333333333, "5.0": 0.2, "6.0": 0.13157894736842105, "7.0": 0.08108108108108109, "8.0": 0.07692307692307693, "9.0": 0.047244094488188976, "10.0": 0.05747126436781609, "11.0": 0.06349206349206349, "12.0": 0.0273972602739726}, {"4.0": 0.08333333333333333, "7.0": 0.013513513513513514, "8.0": 0.009615384615384616}, {"6.0": 0.02631578947368421, "7.0": 0.04054054054054054, "8.0": 0.028846153846153848, "10.0": 0.011494252873563218}, {"6.0": 0.02631578947368421}, {"6.0": 0.02631578947368421, "7.0": 0.06756756756756757, "8.0": 0.009615384615384616, "9.0": 0.11811023622047244, "10.0": 0.1839080459770115, "11.0": 0.2698412698412698, "12.0": 0.589041095890411, "13.0": 0.5370370370370371, "14.0": 0.8214285714285714, "15.0": 0.9545454545454546, "16.0": 0.8666666666666667, "17.0": 0.625}, {"7.0": 0.013513513513513514, "9.0": 0.015748031496062992}, {"9.0": 0.007874015748031496}], "Cluster ranges": [3.0, 11.0, 0.0, 15.0, 12.0, 0.0, 8.0, 8.0, 9.0, 11.0, 8.0, 4.0, 4.0, 0.0, 11.0, 2.0, 0.0], "Cluster metrics of location and dispersion": [{"Mean": 2.5, "Median": 2.5, "1st Quartile": 1.75, "3rd Quartile": 3.25, "Standard Deviation": 1.5, "Is Signficant": false}, {"Mean": 6.866666666666666, "Median": 8.0, "1st Quartile": 4.0, "3rd Quartile": 9.0, "Standard Deviation": 2.825282680055612, "Is Signficant": false}, {"Mean": 2.0, "Median": 2.0, "1st Quartile": 2.0,