{"Algorithm Parameters": {"K": 17}, "Algorithm Performance": {"WCSS": 2918099238.536117, "Silhouette Score": 0.5660470363028898, "Calinski Harabasz Index": 11163.803676502019}, "Clusters Content Analysis": {"Predictive Power": {"Global": {"Metrics": {"Class: Upgrade": {"Accuracy": 0.5, "Precision": 0.5454545454545454, "Recall": 1.0, "F1-Score": 0.7058823529411764}, "Class: Downgrade": {"Accuracy": 1.0, "Precision": 0.5454545454545454, "Recall": 0.16666666666666666, "F1-Score": 0.2553191489361702}}, "Confusion Matrix": {"predicted_down_AND_was_down": 1, "predicted_up_AND_was_up": 5, "predicted_no_change_AND_was_no_change": 6, "predicted_down_BUT_was_up": 0, "predicted_down_BUT_was_no_change": 369, "predicted_no_change_BUT_was_up": 0, "predicted_no_change_BUT_was_down": 0, "predicted_up_BUT_was_down": 5, "predicted_up_BUT_was_no_change": 377}}, "Restricted to jumps to or from below B-": {"Metrics": {"Class: Upgrade": "No element of this class", "Class: Downgrade": "No element of this class"}, "Confusion Matrix": {"predicted_down_AND_was_down": 0, "predicted_up_AND_was_up": 0, "predicted_no_change_AND_was_no_change": 6, "predicted_down_BUT_was_up": 0, "predicted_down_BUT_was_no_change": 370, "predicted_no_change_BUT_was_up": 0, "predicted_no_change_BUT_was_down": 0, "predicted_up_BUT_was_down": 0, "predicted_up_BUT_was_no_change": 387}}}, "Share of total companies in each clusters": [0.002621231979030144, 0.01703800786369594, 0.001310615989515072, 0.20707732634338138, 0.08781127129750983, 0.001310615989515072, 0.01834862385321101, 0.020969855832241154, 0.03800786369593709, 0.05897771952817824, 0.14678899082568808, 0.003931847968545216, 0.035386631716906945, 0.011795543905635648, 0.34600262123197906, 0.001310615989515072, 0.001310615989515072, {"SUM": 1.0}], "Clusters with significant ranges (count)": 10, "Significant Clusters (count)": 2, "Cluster Credit Ratings Shares": [{"1.0": 0.5, "4.0": 0.5}, {"1.0": 0.07692307692307693, "4.0": 0.23076923076923078, "7.0": 0.15384615384615385, "8.0": 0.15384615384615385, "9.0": 0.3076923076923077, "12.0": 0.07692307692307693}, {"2.0": 1.0}, {"2.0": 0.006329113924050633, "4.0": 0.006329113924050633, "6.0": 0.02531645569620253, "7.0": 0.0759493670886076, "8.0": 0.1518987341772152, "9.0": 0.22151898734177214, "10.0": 0.17088607594936708, "11.0": 0.10759493670886076, "12.0": 0.0759493670886076, "13.0": 0.0949367088607595, "14.0": 0.02531645569620253, "15.0": 0.006329113924050633, "16.0": 0.012658227848101266, "17.0": 0.0189873417721519}, {"2.0": 0.014925373134328358, "5.0": 0.04477611940298507, "6.0": 0.04477611940298507, "7.0": 0.16417910447761194, "8.0": 0.23880597014925373, "9.0": 0.208955223880597, "10.0": 0.13432835820895522, "11.0": 0.08955223880597014, "12.0": 0.014925373134328358, "13.0": 0.04477611940298507}, {"3.0": 1.0}, {"3.0": 0.07142857142857142, "4.0": 0.07142857142857142, "6.0": 0.21428571428571427, "7.0": 0.07142857142857142, "8.0": 0.35714285714285715, "9.0": 0.14285714285714285, "11.0": 0.07142857142857142}, {"3.0": 0.0625, "4.0": 0.0625, "5.0": 0.0625, "6.0": 0.25, "7.0": 0.25, "8.0": 0.1875, "9.0": 0.0625, "11.0": 0.0625}, {"3.0": 0.034482758620689655, "4.0": 0.034482758620689655, "5.0": 0.10344827586206896, "6.0": 0.13793103448275862, "7.0": 0.13793103448275862, "8.0": 0.2413793103448276, "9.0": 0.06896551724137931, "10.0": 0.13793103448275862, "11.0": 0.10344827586206896}, {"3.0": 0.022222222222222223, "4.0": 0.044444444444444446, "5.0": 0.1111111111111111, "6.0": 0.15555555555555556, "7.0": 0.2, "8.0": 0.17777777777777778, "9.0": 0.15555555555555556, "10.0": 0.06666666666666667, "11.0": 0.044444444444444446, "12.0": 0.022222222222222223}, {"4.0": 0.008928571428571428, "5.0": 0.044642857142857144, "6.0": 0.026785714285714284, "7.0": 0.14285714285714285, "8.0": 0.19642857142857142, "9.0": 0.25892857142857145, "10.0": 0.15178571428571427, "11.0": 0.07142857142857142, "12.0": 0.05357142857142857, "13.0": 0.017857142857142856, "14.0": 0.026785714285714284}, {"4.0": 0.3333333333333333, "7.0": 0.3333333333333333, "8.0": 0.3333333333333333}, {"5.0": 0.1111111111111111, "6.0": 0.18518518518518517, "7.0": 0.07407407407407407, "8.0": 0.25925925925925924, "9.0": 0.14814814814814814, "10.0": 0.14814814814814814, "11.0": 0.037037037037037035, "12.0": 0.037037037037037035}, {"6.0": 0.1111111111111111, "7.0": 0.3333333333333333, "8.0": 0.2222222222222222, "9.0": 0.2222222222222222, "10.0": 0.1111111111111111}, {"6.0": 0.011363636363636364, "7.0": 0.03409090909090909, "8.0": 0.026515151515151516, "9.0": 0.09848484848484848, "10.0": 0.08333333333333333, "11.0": 0.09090909090909091, "12.0": 0.19318181818181818, "13.0": 0.12878787878787878, "14.0": 0.1856060606060606, "15.0": 0.07954545454545454, "16.0": 0.04924242424242424, "17.0": 0.01893939393939394}, {"6.0": 1.0}, {"9.0": 1.0}], "Share of total companies with given credit rating in each cluter": [{"1.0": 0.5, "4.0": 0.08333333333333333}, {"1.0": 0.5, "4.0": 0.25, "7.0": 0.02702702702702703, "8.0": 0.019230769230769232, "9.0": 0.031496062992125984, "12.0": 0.0136986301369863}, {"2.0": 0.3333333333333333}, {"2.0": 0.3333333333333333, "4.0": 0.08333333333333333, "6.0": 0.10526315789473684, "7.0": 0.16216216216216217, "8.0": 0.23076923076923078, "9.0": 0.2755905511811024, "10.0": 0.3103448275862069, "11.0": 0.2698412698412698, "12.0": 0.1643835616438356, "13.0": 0.2777777777777778, "14.0": 0.07142857142857142, "15.0": 0.045454545454545456, "16.0": 0.13333333333333333, "17.0": 0.375}, {"2.0": 0.3333333333333333, "5.0": 0.15, "6.0": 0.07894736842105263, "7.0": 0.14864864864864866, "8.0": 0.15384615384615385, "9.0": 0.11023622047244094, "10.0": 0.10344827586206896, "11.0": 0.09523809523809523, "12.0": 0.0136986301369863, "13.0": 0.05555555555555555}, {"3.0": 0.2}, {"3.0": 0.2, "4.0": 0.08333333333333333, "6.0": 0.07894736842105263, "7.0": 0.013513513513513514, "8.0": 0.04807692307692308, "9.0": 0.015748031496062992, "11.0": 0.015873015873015872}, {"3.0": 0.2, "4.0": 0.08333333333333333, "5.0": 0.05, "6.0": 0.10526315789473684, "7.0": 0.05405405405405406, "8.0": 0.028846153846153848, "9.0": 0.007874015748031496, "11.0": 0.015873015873015872}, {"3.0": 0.2, "4.0": 0.08333333333333333, "5.0": 0.15, "6.0": 0.10526315789473684, "7.0": 0.05405405405405406, "8.0": 0.0673076923076923, "9.0": 0.015748031496062992, "10.0": 0.04597701149425287, "11.0": 0.047619047619047616}, {"3.0": 0.2, "4.0": 0.16666666666666666, "5.0": 0.25, "6.0": 0.18421052631578946, "7.0": 0.12162162162162163, "8.0": 0.07692307692307693, "9.0": 0.05511811023622047, "10.0": 0.034482758620689655, "11.0": 0.031746031746031744, "12.0": 0.0136986301369863}, {"4.0": 0.08333333333333333, "5.0": 0.25, "6.0": 0.07894736842105263, "7.0": 0.21621621621621623, "8.0": 0.21153846153846154, "9.0": 0.2283464566929134, "10.0": 0.19540229885057472, "11.0": 0.12698412698412698, "12.0": 0.0821917808219178, "13.0": 0.037037037037037035, "14.0": 0.05357142857142857}, {"4.0": 0.08333333333333333, "7.0": 0.013513513513513514, "8.0": 0.009615384615384616}, {"5.0": 0.15, "6.0": 0.13157894736842105, "7.0": 0.02702702702702703, "8.0": 0.0673076923076923, "9.0": 0.031496062992125984, "10.0": 0.04597701149425287, "11.0": 0.015873015873015872, "12.0": 0.0136986301369863}, {"6.0": 0.02631578947368421, "7.0": 0.04054054054054054, "8.0": 0.019230769230769232, "9.0": 0.015748031496062992, "10.0": 0.011494252873563218}, {"6.0": 0.07894736842105263, "7.0": 0.12162162162162163, "8.0": 0.0673076923076923, "9.0": 0.2047244094488189, "10.0": 0.25287356321839083, "11.0": 0.38095238095238093, "12.0": 0.6986301369863014, "13.0": 0.6296296296296297, "14.0": 0.875, "15.0": 0.9545454545454546, "16.0": 0.8666666666666667, "17.0": 0.625}, {"6.0": 0.02631578947368421}, {"9.0": 0.007874015748031496}], "Cluster ranges": [3.0, 11.0, 0.0, 15.0, 11.0, 0.0, 8.0, 8.0, 8.0, 9.0, 10.0, 4.0, 7.0, 4.0, 11.0, 0.0, 0.0], "Cluster metrics of location and dispersion": [{"Mean": 2.5, "Median": 2.5, "1st Quartile": 1.75, "3rd Quartile": 3.25, "Standard Deviation": 1.5,