{"Algorithm Parameters": {"C": 17}, "Algorithm Performance": {"WCSS": 27551134298.091087, "Silhouette Score": 0.5173401754399267, "Calinski Harabasz Index": 1358.8007220652728}, "Clusters Content Analysis": {"Predictive Power": {"Global": {"Metrics": {"Class: Upgrade": {"Accuracy": 0.42857142857142855, "Precision": 0.45454545454545453, "Recall": 0.6, "F1-Score": 0.5172413793103449}, "Class: Downgrade": {"Accuracy": 0.5, "Precision": 0.45454545454545453, "Recall": 0.3333333333333333, "F1-Score": 0.3846153846153846}}, "Confusion Matrix": {"predicted_down_AND_was_down": 2, "predicted_up_AND_was_up": 3, "predicted_no_change_AND_was_no_change": 21, "predicted_down_BUT_was_up": 2, "predicted_down_BUT_was_no_change": 385, "predicted_no_change_BUT_was_up": 0, "predicted_no_change_BUT_was_down": 0, "predicted_up_BUT_was_down": 4, "predicted_up_BUT_was_no_change": 346}}, "Restricted to jumps to or from below B-": {"Metrics": {"Class: Upgrade": "No element of this class", "Class: Downgrade": "No element of this class"}, "Confusion Matrix": {"predicted_down_AND_was_down": 0, "predicted_up_AND_was_up": 0, "predicted_no_change_AND_was_no_change": 21, "predicted_down_BUT_was_up": 0, "predicted_down_BUT_was_no_change": 389, "predicted_no_change_BUT_was_up": 0, "predicted_no_change_BUT_was_down": 0, "predicted_up_BUT_was_down": 0, "predicted_up_BUT_was_no_change": 353}}}, "Share of total companies in each clusters": [0.00655307994757536, 0.01703800786369594, 0.1363040629095675, 0.07208387942332896, 0.010484927916120577, 0.022280471821756225, 0.03669724770642202, 0.04456094364351245, 0.07077326343381389, 0.027522935779816515, 0.003931847968545216, 0.10615989515072084, 0.03145478374836173, 0.061598951507208385, 0.011795543905635648, 0.1559633027522936, 0.18479685452162517, {"SUM": 1.0}], "Clusters with significant ranges (count)": 15, "Significant Clusters (count)": 2, "Cluster Credit Ratings Shares": [{"1.0": 0.2, "2.0": 0.2, "3.0": 0.2, "4.0": 0.2, "9.0": 0.2}, {"1.0": 0.07692307692307693, "4.0": 0.23076923076923078, "7.0": 0.15384615384615385, "8.0": 0.15384615384615385, "9.0": 0.3076923076923077, "12.0": 0.07692307692307693}, {"2.0": 0.009615384615384616, "6.0": 0.009615384615384616, "7.0": 0.0673076923076923, "8.0": 0.07692307692307693, "9.0": 0.21153846153846154, "10.0": 0.18269230769230768, "11.0": 0.125, "12.0": 0.09615384615384616, "13.0": 0.1346153846153846, "14.0": 0.038461538461538464, "16.0": 0.019230769230769232, "17.0": 0.028846153846153848}, {"2.0": 0.01818181818181818, "6.0": 0.05454545454545454, "7.0": 0.09090909090909091, "8.0": 0.2, "9.0": 0.32727272727272727, "10.0": 0.07272727272727272, "11.0": 0.09090909090909091, "12.0": 0.03636363636363636, "13.0": 0.05454545454545454, "14.0": 0.05454545454545454}, {"3.0": 0.125, "4.0": 0.125, "6.0": 0.125, "8.0": 0.375, "9.0": 0.125, "11.0": 0.125}, {"3.0": 0.058823529411764705, "5.0": 0.058823529411764705, "6.0": 0.29411764705882354, "7.0": 0.17647058823529413, "8.0": 0.29411764705882354, "9.0": 0.11764705882352941}, {"3.0": 0.03571428571428571, "4.0": 0.07142857142857142, "5.0": 0.10714285714285714, "6.0": 0.14285714285714285, "7.0": 0.17857142857142858, "8.0": 0.17857142857142858, "9.0": 0.07142857142857142, "10.0": 0.14285714285714285, "11.0": 0.07142857142857142}, {"3.0": 0.029411764705882353, "4.0": 0.029411764705882353, "5.0": 0.11764705882352941, "6.0": 0.20588235294117646, "7.0": 0.17647058823529413, "8.0": 0.20588235294117646, "9.0": 0.14705882352941177, "10.0": 0.058823529411764705, "11.0": 0.029411764705882353}, {"4.0": 0.018518518518518517, "5.0": 0.07407407407407407, "7.0": 0.2037037037037037, "8.0": 0.14814814814814814, "9.0": 0.24074074074074073, "10.0": 0.2037037037037037, "11.0": 0.05555555555555555, "12.0": 0.05555555555555555}, {"4.0": 0.047619047619047616, "5.0": 0.047619047619047616, "6.0": 0.2857142857142857, "7.0": 0.19047619047619047, "8.0": 0.09523809523809523, "9.0": 0.14285714285714285, "10.0": 0.047619047619047616, "11.0": 0.047619047619047616, "12.0": 0.09523809523809523}, {"4.0": 0.3333333333333333, "7.0": 0.3333333333333333, "8.0": 0.3333333333333333}, {"4.0": 0.012345679012345678, "5.0": 0.012345679012345678, "6.0": 0.04938271604938271, "7.0": 0.06172839506172839, "8.0": 0.2962962962962963, "9.0": 0.2345679012345679, "10.0": 0.16049382716049382, "11.0": 0.07407407407407407, "12.0": 0.04938271604938271, "13.0": 0.037037037037037035, "15.0": 0.012345679012345678}, {"5.0": 0.125, "6.0": 0.041666666666666664, "7.0": 0.08333333333333333, "8.0": 0.3333333333333333, "9.0": 0.125, "10.0": 0.16666666666666666, "11.0": 0.125}, {"5.0": 0.06382978723404255, "6.0": 0.0425531914893617, "7.0": 0.23404255319148937, "8.0": 0.23404255319148937, "9.0": 0.1702127659574468, "10.0": 0.14893617021276595, "11.0": 0.0851063829787234, "12.0": 0.02127659574468085}, {"6.0": 0.1111111111111111, "7.0": 0.3333333333333333, "8.0": 0.2222222222222222, "9.0": 0.2222222222222222, "10.0": 0.1111111111111111}, {"6.0": 0.025210084033613446, "7.0": 0.058823529411764705, "8.0": 0.058823529411764705, "9.0": 0.17647058823529413, "10.0": 0.1092436974789916, "11.0": 0.11764705882352941, "12.0": 0.18487394957983194, "13.0": 0.09243697478991597, "14.0": 0.13445378151260504, "15.0": 0.025210084033613446, "17.0": 0.01680672268907563}, {"7.0": 0.014184397163120567, "9.0": 0.02127659574468085, "10.0": 0.05673758865248227, "11.0": 0.07092198581560284, "12.0": 0.19858156028368795, "13.0": 0.16312056737588654, "14.0": 0.23404255319148937, "15.0": 0.1276595744680851, "16.0": 0.09219858156028368, "17.0": 0.02127659574468085}], "Share of total companies with given credit rating in each cluter": [{"1.0": 0.5, "2.0": 0.3333333333333333, "3.0": 0.2, "4.0": 0.08333333333333333, "9.0": 0.007874015748031496}, {"1.0": 0.5, "4.0": 0.25, "7.0": 0.02702702702702703, "8.0": 0.019230769230769232, "9.0": 0.031496062992125984, "12.0": 0.0136986301369863}, {"2.0": 0.3333333333333333, "6.0": 0.02631578947368421, "7.0": 0.0945945945945946, "8.0": 0.07692307692307693, "9.0": 0.1732283464566929, "10.0": 0.21839080459770116, "11.0": 0.20634920634920634, "12.0": 0.136986301369863, "13.0": 0.25925925925925924, "14.0": 0.07142857142857142, "16.0": 0.13333333333333333, "17.0": 0.375}, {"2.0": 0.3333333333333333, "6.0": 0.07894736842105263, "7.0": 0.06756756756756757, "8.0": 0.10576923076923077, "9.0": 0.14173228346456693, "10.0": 0.04597701149425287, "11.0": 0.07936507936507936, "12.0": 0.0273972602739726, "13.0": 0.05555555555555555, "14.0": 0.05357142857142857}, {"3.0": 0.2, "4.0": 0.08333333333333333, "6.0": 0.02631578947368421, "8.0": 0.028846153846153848, "9.0": 0.007874015748031496, "11.0": 0.015873015873015872}, {"3.0": 0.2, "5.0": 0.05, "6.0": 0.13157894736842105, "7.0": 0.04054054054054054, "8.0": 0.04807692307692308, "9.0": 0.015748031496062992}, {"3.0": 0.2, "4.0": 0.16666666666666666, "5.0": 0.15, "6.0": 0.10526315789473684, "7.0": 0.06756756756756757, "8.0": 0.04807692307692308, "9.0": 0.015748031496062992, "10.0": 0.04597701149425287, "11.0": 0.031746031746031744}, {"3.0": 0.2, "4.0": 0.08333333333333333, "5.0": 0.2, "6.0": 0.18421052631578946, "7.0": 0.08108108108108109, "8.0": 0.0673076923076923, "9.0": 0.03937007874015748, "10.0": 0.022988505747126436, "11.0": 0.015873015873015872}, {"4.0": 0.08333333333333333, "5.0": 0.2, "7.0": 0.14864864864864866, "8.0": 0.07692307692307693, "9.0": 0.10236220472440945, "10.0": 0.12643678160919541, "11.0": 0.047619047619047616, "12.0": 0.0410958904109589}, {"4.0": 0.08333333333333333, "5.0": 0.05, "6.0": 0.15789473684210525, "7.0": 0.05405405405405406, "8.0": 0.019230769230769232, "9.0": 0.023622047244094488, "10.0": 0.011494252873563218, "11.0": 0.015873015873015872, "12.0": 0.0273972602739726}, {"4.0": 0.08333333333333333, "7.0": 0.013513513513513514, "8.0": 0.009615384615384616}, {"4.0": 0.08333333333333333, "5.0": 0.05, "6.0": 0.10526315789473684, "7.0": 0.06756756756756757, "8.0": 0.23076923076923078, "9.0": 0.14960629921259844, "10.0": 0.14942528735632185, "11.0": 0.09523809523809523,