{"Algorithm Parameters": {"C": 17}, "Algorithm Performance": {"WCSS": 27551134298.091087, "Silhouette Score": 0.5173401754399267, "Calinski Harabasz Index": 1358.8007220652728}, "Clusters Content Analysis": {"Predictive Power": {"Global": {"Metrics": {"Class: Upgrade": {"Accuracy": 0.5, "Precision": 0.5454545454545454, "Recall": 0.8, "F1-Score": 0.6486486486486486}, "Class: Downgrade": {"Accuracy": 0.6666666666666666, "Precision": 0.5454545454545454, "Recall": 0.3333333333333333, "F1-Score": 0.41379310344827586}}, "Confusion Matrix": {"predicted_down_AND_was_down": 2, "predicted_up_AND_was_up": 4, "predicted_no_change_AND_was_no_change": 1, "predicted_down_BUT_was_up": 1, "predicted_down_BUT_was_no_change": 390, "predicted_no_change_BUT_was_up": 0, "predicted_no_change_BUT_was_down": 0, "predicted_up_BUT_was_down": 4, "predicted_up_BUT_was_no_change": 361}}, "Restricted to jumps to or from below B-": {"Metrics": {"Class: Upgrade": "No element of this class", "Class: Downgrade": "No element of this class"}, "Confusion Matrix": {"predicted_down_AND_was_down": 0, "predicted_up_AND_was_up": 0, "predicted_no_change_AND_was_no_change": 1, "predicted_down_BUT_was_up": 0, "predicted_down_BUT_was_no_change": 393, "predicted_no_change_BUT_was_up": 0, "predicted_no_change_BUT_was_down": 0, "predicted_up_BUT_was_down": 0, "predicted_up_BUT_was_no_change": 369}}}, "Share of total companies in each clusters": [0.00655307994757536, 0.014416775884665793, 0.17038007863695936, 0.0982961992136304, 0.01310615989515072, 0.01834862385321101, 0.039318479685452164, 0.047182175622542594, 0.1218872870249017, 0.028833551769331587, 0.003931847968545216, 0.12844036697247707, 0.028833551769331587, 0.061598951507208385, 0.00655307994757536, 0.20314547837483618, 0.009174311926605505, {"SUM": 1.0}], "Clusters with significant ranges (count)": 15, "Significant Clusters (count)": 2, "Cluster Credit Ratings Shares": [{"1.0": 0.2, "2.0": 0.2, "3.0": 0.2, "4.0": 0.2, "9.0": 0.2}, {"1.0": 0.09090909090909091, "4.0": 0.2727272727272727, "6.0": 0.09090909090909091, "7.0": 0.09090909090909091, "8.0": 0.09090909090909091, "9.0": 0.36363636363636365}, {"2.0": 0.007692307692307693, "6.0": 0.023076923076923078, "7.0": 0.06153846153846154, "8.0": 0.05384615384615385, "9.0": 0.2076923076923077, "10.0": 0.13076923076923078, "11.0": 0.11538461538461539, "12.0": 0.15384615384615385, "13.0": 0.09230769230769231, "14.0": 0.1, "15.0": 0.023076923076923078, "16.0": 0.007692307692307693, "17.0": 0.023076923076923078}, {"2.0": 0.013333333333333334, "5.0": 0.04, "6.0": 0.04, "7.0": 0.13333333333333333, "8.0": 0.2, "9.0": 0.30666666666666664, "10.0": 0.09333333333333334, "11.0": 0.08, "12.0": 0.02666666666666667, "13.0": 0.02666666666666667, "14.0": 0.04}, {"3.0": 0.1, "4.0": 0.1, "8.0": 0.5, "9.0": 0.2, "11.0": 0.1}, {"3.0": 0.07142857142857142, "5.0": 0.07142857142857142, "6.0": 0.35714285714285715, "7.0": 0.21428571428571427, "8.0": 0.21428571428571427, "9.0": 0.07142857142857142}, {"3.0": 0.03333333333333333, "4.0": 0.06666666666666667, "5.0": 0.1, "6.0": 0.16666666666666666, "7.0": 0.16666666666666666, "8.0": 0.2, "9.0": 0.06666666666666667, "10.0": 0.13333333333333333, "11.0": 0.06666666666666667}, {"3.0": 0.027777777777777776, "4.0": 0.027777777777777776, "5.0": 0.1111111111111111, "6.0": 0.19444444444444445, "7.0": 0.19444444444444445, "8.0": 0.2222222222222222, "9.0": 0.1388888888888889, "10.0": 0.05555555555555555, "11.0": 0.027777777777777776}, {"4.0": 0.010752688172043012, "5.0": 0.021505376344086023, "6.0": 0.03225806451612903, "7.0": 0.0967741935483871, "8.0": 0.23655913978494625, "9.0": 0.1935483870967742, "10.0": 0.20430107526881722, "11.0": 0.08602150537634409, "12.0": 0.07526881720430108, "13.0": 0.03225806451612903, "15.0": 0.010752688172043012}, {"4.0": 0.045454545454545456, "5.0": 0.045454545454545456, "6.0": 0.2727272727272727, "7.0": 0.18181818181818182, "8.0": 0.09090909090909091, "9.0": 0.13636363636363635, "10.0": 0.09090909090909091, "11.0": 0.045454545454545456, "12.0": 0.09090909090909091}, {"4.0": 0.3333333333333333, "7.0": 0.3333333333333333, "8.0": 0.3333333333333333}, {"4.0": 0.01020408163265306, "6.0": 0.02040816326530612, "7.0": 0.08163265306122448, "8.0": 0.1326530612244898, "9.0": 0.24489795918367346, "10.0": 0.17346938775510204, "11.0": 0.09183673469387756, "12.0": 0.08163265306122448, "13.0": 0.10204081632653061, "14.0": 0.030612244897959183, "16.0": 0.01020408163265306, "17.0": 0.02040816326530612}, {"5.0": 0.13636363636363635, "7.0": 0.09090909090909091, "8.0": 0.3181818181818182, "9.0": 0.13636363636363635, "10.0": 0.18181818181818182, "11.0": 0.13636363636363635}, {"5.0": 0.06382978723404255, "6.0": 0.0425531914893617, "7.0": 0.2127659574468085, "8.0": 0.23404255319148937, "9.0": 0.19148936170212766, "10.0": 0.1276595744680851, "11.0": 0.0851063829787234, "12.0": 0.02127659574468085, "13.0": 0.02127659574468085}, {"6.0": 0.2, "7.0": 0.4, "8.0": 0.2, "12.0": 0.2}, {"7.0": 0.012903225806451613, "9.0": 0.01935483870967742, "10.0": 0.05161290322580645, "11.0": 0.08387096774193549, "12.0": 0.2064516129032258, "13.0": 0.16774193548387098, "14.0": 0.23870967741935484, "15.0": 0.11612903225806452, "16.0": 0.08387096774193549, "17.0": 0.01935483870967742}, {"7.0": 0.2857142857142857, "8.0": 0.2857142857142857, "9.0": 0.2857142857142857, "10.0": 0.14285714285714285}], "Share of total companies with given credit rating in each cluter": [{"1.0": 0.5, "2.0": 0.3333333333333333, "3.0": 0.2, "4.0": 0.08333333333333333, "9.0": 0.007874015748031496}, {"1.0": 0.5, "4.0": 0.25, "6.0": 0.02631578947368421, "7.0": 0.013513513513513514, "8.0": 0.009615384615384616, "9.0": 0.031496062992125984}, {"2.0": 0.3333333333333333, "6.0": 0.07894736842105263, "7.0": 0.10810810810810811, "8.0": 0.0673076923076923, "9.0": 0.2125984251968504, "10.0": 0.19540229885057472, "11.0": 0.23809523809523808, "12.0": 0.273972602739726, "13.0": 0.2222222222222222, "14.0": 0.23214285714285715, "15.0": 0.13636363636363635, "16.0": 0.06666666666666667, "17.0": 0.375}, {"2.0": 0.3333333333333333, "5.0": 0.15, "6.0": 0.07894736842105263, "7.0": 0.13513513513513514, "8.0": 0.14423076923076922, "9.0": 0.18110236220472442, "10.0": 0.08045977011494253, "11.0": 0.09523809523809523, "12.0": 0.0273972602739726, "13.0": 0.037037037037037035, "14.0": 0.05357142857142857}, {"3.0": 0.2, "4.0": 0.08333333333333333, "8.0": 0.04807692307692308, "9.0": 0.015748031496062992, "11.0": 0.015873015873015872}, {"3.0": 0.2, "5.0": 0.05, "6.0": 0.13157894736842105, "7.0": 0.04054054054054054, "8.0": 0.028846153846153848, "9.0": 0.007874015748031496}, {"3.0": 0.2, "4.0": 0.16666666666666666, "5.0": 0.15, "6.0": 0.13157894736842105, "7.0": 0.06756756756756757, "8.0": 0.057692307692307696, "9.0": 0.015748031496062992, "10.0": 0.04597701149425287, "11.0": 0.031746031746031744}, {"3.0": 0.2, "4.0": 0.08333333333333333, "5.0": 0.2, "6.0": 0.18421052631578946, "7.0": 0.0945945945945946, "8.0": 0.07692307692307693, "9.0": 0.03937007874015748, "10.0": 0.022988505747126436, "11.0": 0.015873015873015872}, {"4.0": 0.08333333333333333, "5.0": 0.1, "6.0": 0.07894736842105263, "7.0": 0.12162162162162163, "8.0": 0.21153846153846154, "9.0": 0.14173228346456693, "10.0": 0.21839080459770116, "11.0": 0.12698412698412698, "12.0": 0.0958904109589041, "13.0": 0.05555555555555555, "15.0": 0.045454545454545456}, {"4.0": 0.08333333333333333, "5.0": 0.05, "6.0": 0.15789473684210525, "7.0": 0.05405405405405406, "8.0": 0.019230769230769232, "9.0": 0.023622047244094488, "10.0": 0.022988505747126436, "11.0": 0.015873015873015872, "12.0": 0.0273972602739726}, {"4.0": 0.08333333333333333, "7.0": 0.013513513513513514, "8.0": 0.009615384615384616}, {"4.0": 0.08333333333333333, "6.0": 0.05263157894736842, "7.0": 0.10810810810810811, "8.0": 0.125, "9.0": 0.1889763779527559, "10.0": 0.19540229885057472, "11.0": 0.14285714285714285, "12.0": 0.1095890410958904, "13.0": 0.18518518518518517, "14.0": 0.05357142857142857, "16.0": 0.06666666666666667, "17.0": 0.25}, {"5.0": 0.15,