{"Algorithm Parameters": {"C": 6}, "Algorithm Performance": {"WCSS": 37949439733.14653, "Silhouette Score": 0.6347593982628091, "Calinski Harabasz Index": 2649.1186188778747}, "Clusters Content Analysis": {"Predictive Power": {"Global": {"Metrics": {"Class: Upgrade": {"Accuracy": 0.5, "Precision": 0.5625, "Recall": 0.7142857142857143, "F1-Score": 0.6293706293706294}, "Class: Downgrade": {"Accuracy": 0.6666666666666666, "Precision": 0.5625, "Recall": 0.4444444444444444, "F1-Score": 0.496551724137931}}, "Confusion Matrix": {"predicted_down_AND_was_down": 4, "predicted_up_AND_was_up": 5, "predicted_no_change_AND_was_no_change": 0, "predicted_down_BUT_was_up": 2, "predicted_down_BUT_was_no_change": 391, "predicted_no_change_BUT_was_up": 0, "predicted_no_change_BUT_was_down": 0, "predicted_up_BUT_was_down": 5, "predicted_up_BUT_was_no_change": 356}}, "Restricted to jumps to or from below B-": {"Metrics": {"Class: Upgrade": "No element of this class", "Class: Downgrade": "No element of this class"}, "Confusion Matrix": {"predicted_down_AND_was_down": 0, "predicted_up_AND_was_up": 0, "predicted_no_change_AND_was_no_change": 0, "predicted_down_BUT_was_up": 0, "predicted_down_BUT_was_no_change": 397, "predicted_no_change_BUT_was_up": 0, "predicted_no_change_BUT_was_down": 0, "predicted_up_BUT_was_down": 0, "predicted_up_BUT_was_no_change": 366}}}, "Share of total companies in each clusters": [0.00655307994757536, 0.0327653997378768, 0.5923984272608126, 0.2608125819134993, 0.0891218872870249, 0.01834862385321101, {"SUM": 1.0}], "Clusters with significant ranges (count)": 6, "Significant Clusters (count)": 1, "Cluster Credit Ratings Shares": [{"AAA": 0.2, "AA+": 0.2, "AA": 0.2, "AA-": 0.2, "BBB": 0.2}, {"AAA": 0.04, "AA": 0.04, "AA-": 0.16, "A": 0.12, "A-": 0.08, "BBB+": 0.24, "BBB": 0.24, "BB+": 0.04, "BB": 0.04}, {"AA+": 0.0022123893805309734, "AA-": 0.0022123893805309734, "A+": 0.004424778761061947, "A": 0.017699115044247787, "A-": 0.048672566371681415, "BBB+": 0.08628318584070796, "BBB": 0.14823008849557523, "BBB-": 0.12389380530973451, "BB+": 0.09513274336283185, "BB": 0.1415929203539823, "BB-": 0.11283185840707964, "B+": 0.1172566371681416, "B": 0.048672566371681415, "B-": 0.033185840707964605, "CCC+": 0.01327433628318584, "CCC": 0.004424778761061947}, {"AA+": 0.005025125628140704, "AA": 0.005025125628140704, "AA-": 0.01507537688442211, "A+": 0.05527638190954774, "A": 0.07035175879396985, "A-": 0.17587939698492464, "BBB+": 0.19597989949748743, "BBB": 0.22613065326633167, "BBB-": 0.11055276381909548, "BB+": 0.07035175879396985, "BB": 0.04020100502512563, "BB-": 0.01507537688442211, "B+": 0.01507537688442211}, {"AA": 0.029411764705882353, "AA-": 0.029411764705882353, "A+": 0.10294117647058823, "A": 0.17647058823529413, "A-": 0.14705882352941177, "BBB+": 0.23529411764705882, "BBB": 0.08823529411764706, "BBB-": 0.11764705882352941, "BB+": 0.07352941176470588}, {"AA-": 0.07142857142857142, "A": 0.07142857142857142, "A-": 0.35714285714285715, "BBB+": 0.2857142857142857, "BBB": 0.14285714285714285, "BBB-": 0.07142857142857142}], "Share of total companies with given credit rating in each cluter": [{"AAA": 0.5, "AA+": 0.3333333333333333, "AA": 0.2, "AA-": 0.08333333333333333, "BBB": 0.007874015748031496}, {"AAA": 0.5, "AA": 0.2, "AA-": 0.3333333333333333, "A": 0.07894736842105263, "A-": 0.02702702702702703, "BBB+": 0.057692307692307696, "BBB": 0.047244094488188976, "BB+": 0.015873015873015872, "BB": 0.0136986301369863}, {"AA+": 0.3333333333333333, "AA-": 0.08333333333333333, "A+": 0.1, "A": 0.21052631578947367, "A-": 0.2972972972972973, "BBB+": 0.375, "BBB": 0.5275590551181102, "BBB-": 0.6436781609195402, "BB+": 0.6825396825396826, "BB": 0.8767123287671232, "BB-": 0.9444444444444444, "B+": 0.9464285714285714, "B": 1.0, "B-": 1.0, "CCC+": 1.0, "CCC": 1.0}, {"AA+": 0.3333333333333333, "AA": 0.2, "AA-": 0.25, "A+": 0.55, "A": 0.3684210526315789, "A-": 0.47297297297297297, "BBB+": 0.375, "BBB": 0.3543307086614173, "BBB-": 0.25287356321839083, "BB+": 0.2222222222222222, "BB": 0.1095890410958904, "BB-": 0.05555555555555555, "B+": 0.05357142857142857}, {"AA": 0.4, "AA-": 0.16666666666666666, "A+": 0.35, "A": 0.3157894736842105, "A-": 0.13513513513513514, "BBB+": 0.15384615384615385, "BBB": 0.047244094488188976, "BBB-": 0.09195402298850575, "BB+": 0.07936507936507936}, {"AA-": 0.08333333333333333, "A": 0.02631578947368421, "A-": 0.06756756756756757, "BBB+": 0.038461538461538464, "BBB": 0.015748031496062992, "BBB-": 0.011494252873563218}], "Cluster ranges": [8.0, 11.0, 16.0, 12.0, 8.0, 6.0], "Cluster metrics of location and dispersion": [{"Mean": 3.8, "Median": 3.0, "1st Quartile": 2.0, "3rd Quartile": 4.0, "Standard Deviation": 2.785677655436824, "Is Signficant": false}, {"Mean": 7.08, "Median": 8.0, "1st Quartile": 6.0, "3rd Quartile": 9.0, "Standard Deviation": 2.54432702300628, "Is Signficant": false}, {"Mean": 11.165929203539823, "Median": 11.0, "1st Quartile": 9.0, "3rd Quartile": 13.0, "Standard Deviation": 2.6618225631735335, "Is Signficant": true}, {"Mean": 8.386934673366834, "Median": 8.0, "1st Quartile": 7.0, "3rd Quartile": 9.5, "Standard Deviation": 2.0535617179429435, "Is Signficant": false}, {"Mean": 7.470588235294118, "Median": 8.0, "1st Quartile": 6.0, "3rd Quartile": 9.0, "Standard Deviation": 1.9813140933057989, "Is Signficant": false}, {"Mean": 7.5, "Median": 7.5, "1st Quartile": 7.0, "3rd Quartile": 8.0, "Standard Deviation": 1.4015297764534702, "Is Signficant": false}], "Cluster entropies": [2.321928094887362, 2.8128786893420306, 3.4080074489757934, 3.0445601722890205, 2.925555034034244, 2.263809173883546], "Maximum entropy": 3.4080074489757934, "Weighted average entropy": 3.2226074963030924, "Incoherencies explanations": {"CLUSTER 0": {"RATING A-": [{"Leverage": {"Comparison": "Cluster elements in upper half", "Credit Rating Statistics": {"Mean": 8.574594594594595, "Median": 6.6075, "1st Quartile": 4.6537500000000005, "3rd Quartile": 10.7925, "Standard Deviation": 5.396057354289481}, "Cluster Statistics": {"Mean": 7.5920000000000005, "Median": 8.24, "1st Quartile": 4.86, "3rd Quartile": 10.71, "Standard Deviation": 3.1540919453941103}}}, {"Profitability": {"Comparison": "Cluster elements in lower half", "Credit Rating Statistics": {"Mean": 11.546878378378377, "Median": 10.850000000000001, "1st Quartile": 5.49, "3rd Quartile": 14.95, "Standard Deviation": 7.429854445398159}, "Cluster Statistics": {"Mean": 9.111999999999998, "Median": 6.42, "1st Quartile": 4.96, "3rd Quartile": 10.9, "Standard Deviation": 5.618107866533002}}}, {"Financial Statement Lines": {"Comparison": "Cluster elements in highest 75%", "Credit Rating Statistics": {"Mean": 24563.05337837838, "Median": 14864.15, "1st Quartile": 7802.075, "3rd Quartile": 25544.612500000003, "Standard Deviation": 29106.46216610405}, "Cluster Statistics": {"Mean": 116570.11000000002, "Median": 112506.79999999999, "1st Quartile": 102519.5, "3rd Quartile": 123684.25, "Standard Deviation": 17665.121032656414}}}, {"Liquidity": {"Comparison": "Cluster elements in lower half", "Credit Rating Statistics": {"Mean": 0.9274864864864865, "Median": 0.841, "1st Quartile": 0.54625, "3rd Quartile": 1.085, "Standard Deviation": 0.6312826762908613}, "Cluster Statistics": {"Mean": 0.8379999999999999, "Median": 0.765, "1st Quartile": 0.687, "3rd Quartile": 1.07, "Standard Deviation": 0.24810401044723157}}}, {"Efficiency": {"Comparison": "Cluster elements in highest 75%", "Credit Rating Statistics": {"Mean": 0.6181216216216215, "Median": 0.601, "1st Quartile": 0.38675000000000004, "3rd Quartile": 0.74125, "Standard Deviation": 0.3864962572002512}, "Cluster Statistics": {"Mean": 0.8654, "Median": 0.9, "1st Quartile": 0.743, "3rd Quartile": 0.967, "Standard Deviation": 0.1204169423295576}}}], "RATING BBB+": [{"Leverage": {"Comparison": "Cluster elements in upper half", "Credit Rating Statistics": {"Mean": 8.221533653846153, "Median": 6.4750000000000005, "1st Quartile": 4.7725, "3rd Quartile": 9.373750000000001,