{"Algorithm Parameters": {"Threshold Value": 0.35, "Braching Factor": 67, "K": 2}, "Algorithm Performance": {"Calinski Harabasz Index": 142.77364442210077}, "Clusters Content Analysis": {"Predictive Power": {"Global": {"Metrics": {"Class: Upgrade": "No correct predictions for this class 1 false positives and 0 false negatives.", "Class: Downgrade": "No element of this class"}, "Confusion Matrix": {"predicted_down_AND_was_down": 0, "predicted_up_AND_was_up": 0, "predicted_no_change_AND_was_no_change": 0, "predicted_down_BUT_was_up": 0, "predicted_down_BUT_was_no_change": 109, "predicted_no_change_BUT_was_up": 0, "predicted_no_change_BUT_was_down": 0, "predicted_up_BUT_was_down": 1, "predicted_up_BUT_was_no_change": 38}}, "Restricted to jumps to or from below B-": {"Metrics": {"Class: Upgrade": "No element of this class", "Class: Downgrade": "No element of this class"}, "Confusion Matrix": {"predicted_down_AND_was_down": 0, "predicted_up_AND_was_up": 0, "predicted_no_change_AND_was_no_change": 0, "predicted_down_BUT_was_up": 0, "predicted_down_BUT_was_no_change": 109, "predicted_no_change_BUT_was_up": 0, "predicted_no_change_BUT_was_down": 0, "predicted_up_BUT_was_down": 0, "predicted_up_BUT_was_no_change": 39}}}, "Share of total companies in each clusters": [0.4864864864864865, 0.5135135135135135, {"SUM": 1.0}], "Clusters with significant ranges (count)": 2, "Significant Clusters (count)": 1, "Cluster Credit Ratings Shares": [{"AA-": 0.05555555555555555, "A-": 0.1111111111111111, "BBB+": 0.125, "BBB": 0.2222222222222222, "BBB-": 0.125, "A+": 0.041666666666666664, "A": 0.05555555555555555, "BB+": 0.041666666666666664, "BB": 0.06944444444444445, "BB-": 0.06944444444444445, "B+": 0.027777777777777776, "B": 0.013888888888888888, "B-": 0.013888888888888888, "CCC": 0.013888888888888888, "CC": 0.013888888888888888}, {"BB": 0.02631578947368421, "B": 0.06578947368421052, "BBB": 0.8552631578947368, "BB+": 0.039473684210526314, "B+": 0.013157894736842105}], "Share of total companies with given credit rating in each cluter": [{"AA-": 1.0, "A-": 1.0, "BBB+": 1.0, "BBB": 0.19753086419753085, "BBB-": 1.0, "A+": 1.0, "A": 1.0, "BB+": 0.5, "BB": 0.7142857142857143, "BB-": 1.0, "B+": 0.6666666666666666, "B": 0.16666666666666666, "B-": 1.0, "CCC": 1.0, "CC": 1.0}, {"BB": 0.2857142857142857, "B": 0.8333333333333334, "BBB": 0.8024691358024691, "BB+": 0.5, "B+": 0.3333333333333333}], "Cluster ranges": [16.0, 6.0], "Cluster metrics of location and dispersion": [{"Mean": 9.333333333333334, "Median": 9.0, "1st Quartile": 7.0, "3rd Quartile": 11.0, "Standard Deviation": 3.1180478223116177, "Is Signficant": true}, {"Mean": 9.618421052631579, "Median": 9.0, "1st Quartile": 9.0, "3rd Quartile": 9.0, "Standard Deviation": 1.646104694367872, "Is Signficant": false}], "Cluster entropies": [3.450651307287281, 0.8555796736613509], "Maximum entropy": 3.450651307287281, "Weighted average entropy": 2.1180469548847767, "Incoherencies explanations": {"CLUSTER 0": {"RATING BBB": [{"Leverage": {"Comparison": "Cluster elements in lowest 25%", "Credit Rating Statistics": {"Mean": 0.13269152695749364, "Median": 0.1314834201795739, "1st Quartile": 0.1314834201795739, "3rd Quartile": 0.1496417656297749, "Standard Deviation": 0.019288623243294348}, "Cluster Statistics": {"Mean": 0.10217058956563371, "Median": 0.10755058286730815, "1st Quartile": 0.09188598606213616, "3rd Quartile": 0.11528178193554052, "Standard Deviation": 0.018962919355315477}}}, {"Profitability": {"Comparison": "Cluster elements in lower half", "Credit Rating Statistics": {"Mean": 0.16887666999520715, "Median": 0.18727393876618434, "1st Quartile": 0.1333960998437939, "3rd Quartile": 0.19997162166692858, "Standard Deviation": 0.0403133216579533}, "Cluster Statistics": {"Mean": 0.17950498932819098, "Median": 0.19904456598609346, "1st Quartile": 0.13174335552527466, "3rd Quartile": 0.21723961866414687, "Standard Deviation": 0.060064276013602896}}}, {"Financial Statement Lines": {"Comparison": "Cluster elements in upper half", "Credit Rating Statistics": {"Mean": 0.13506076240593184, "Median": 0.06080729667354283, "1st Quartile": 0.015260836679856869, "3rd Quartile": 0.2856577045585878, "Standard Deviation": 0.12648368879693359}, "Cluster Statistics": {"Mean": 0.07917397106899302, "Median": 0.06971244598600322, "1st Quartile": 0.02833420219865939, "3rd Quartile": 0.10848259681620412, "Standard Deviation": 0.05729819248623996}}}, {"Liquidity": {"Comparison": "Cluster elements in highest 75%", "Credit Rating Statistics": {"Mean": 0.10499681199260205, "Median": 0.11984135417675468, "1st Quartile": 0.06455405679202678, "3rd Quartile": 0.11984135417675468, "Standard Deviation": 0.05379193439175573}, "Cluster Statistics": {"Mean": 0.15501947212582196, "Median": 0.13631237426040627, "1st Quartile": 0.09924289939500475, "3rd Quartile": 0.17546264123949554, "Standard Deviation": 0.09171938388446635}}}, {"Efficiency": {"Comparison": "Cluster elements in lowest 25%", "Credit Rating Statistics": {"Mean": 0.21747956406682292, "Median": 0.15040697063861758, "1st Quartile": 0.15040697063861758, "3rd Quartile": 0.33449960617570246, "Standard Deviation": 0.09660921010829987}, "Cluster Statistics": {"Mean": 0.12083986290492887, "Median": 0.12622065406731553, "1st Quartile": 0.09603634763266897, "3rd Quartile": 0.1446968175967342, "Standard Deviation": 0.036829503662114835}}}]}, "CLUSTER 1": {"RATING BBB": [{"Leverage": {"Comparison": "Cluster elements in upper half", "Credit Rating Statistics": {"Mean": 0.13269152695749364, "Median": 0.1314834201795739, "1st Quartile": 0.1314834201795739, "3rd Quartile": 0.1496417656297749, "Standard Deviation": 0.019288623243294348}, "Cluster Statistics": {"Mean": 0.14020437308472072, "Median": 0.1314834201795739, "1st Quartile": 0.1314834201795739, "3rd Quartile": 0.1496417656297749, "Standard Deviation": 0.009453876160485899}}}, {"Profitability": {"Comparison": "Cluster elements in lower half", "Credit Rating Statistics": {"Mean": 0.16887666999520715, "Median": 0.18727393876618434, "1st Quartile": 0.1333960998437939, "3rd Quartile": 0.19997162166692858, "Standard Deviation": 0.0403133216579533}, "Cluster Statistics": {"Mean": 0.1662604683132419, "Median": 0.13916335201760294, "1st Quartile": 0.1333960998437939, "3rd Quartile": 0.19997162166692858, "Standard Deviation": 0.033203921946787944}}}, {"Financial Statement Lines": {"Comparison": "Cluster elements in upper half", "Credit Rating Statistics": {"Mean": 0.13506076240593184, "Median": 0.06080729667354283, "1st Quartile": 0.015260836679856869, "3rd Quartile": 0.2856577045585878, "Standard Deviation": 0.12648368879693359}, "Cluster Statistics": {"Mean": 0.14881751104271682, "Median": 0.04374489814636537, "1st Quartile": 0.015260836679856869, "3rd Quartile": 0.2856577045585878, "Standard Deviation": 0.13479581233436932}}}, {"Liquidity": {"Comparison": "Cluster elements in lower half", "Credit Rating Statistics": {"Mean": 0.10499681199260205, "Median": 0.11984135417675468, "1st Quartile": 0.06455405679202678, "3rd Quartile": 0.11984135417675468, "Standard Deviation": 0.05379193439175573}, "Cluster Statistics": {"Mean": 0.09268354180596329, "Median": 0.11984135417675468, "1st Quartile": 0.06455405679202678, "3rd Quartile": 0.11984135417675468, "Standard Deviation": 0.02770417287873702}}}, {"Efficiency": {"Comparison": "Cluster elements in upper half", "Credit Rating Statistics": {"Mean": 0.21747956406682292, "Median": 0.15040697063861758, "1st Quartile": 0.15040697063861758, "3rd Quartile": 0.33449960617570246, "Standard Deviation": 0.09660921010829987}, "Cluster Statistics": {"Mean": 0.24126779819898145, "Median": 0.1653964248755563, "1st Quartile": 0.15040697063861758, "3rd Quartile": 0.33449960617570246, "Standard Deviation": 0.09182659120521076}}}]}}}}