{"Algorithm Parameters": {"Threshold Value": 9.6, "Braching Factor": 42, "K": 17}, "Algorithm Performance": {"Calinski Harabasz Index": 14307.487329057543}, "Clusters Content Analysis": {"Predictive Power": {"Global": {"Metrics": {"Class: Upgrade": {"Accuracy": 0.5, "Precision": 0.5454545454545454, "Recall": 1.0, "F1-Score": 0.7058823529411764}, "Class: Downgrade": {"Accuracy": 1.0, "Precision": 0.5454545454545454, "Recall": 0.16666666666666666, "F1-Score": 0.2553191489361702}}, "Confusion Matrix": {"predicted_down_AND_was_down": 1, "predicted_up_AND_was_up": 5, "predicted_no_change_AND_was_no_change": 5, "predicted_down_BUT_was_up": 0, "predicted_down_BUT_was_no_change": 442, "predicted_no_change_BUT_was_up": 0, "predicted_no_change_BUT_was_down": 0, "predicted_up_BUT_was_down": 5, "predicted_up_BUT_was_no_change": 398}}, "Restricted to jumps to or from below B-": {"Metrics": {"Class: Upgrade": "No element of this class", "Class: Downgrade": "No element of this class"}, "Confusion Matrix": {"predicted_down_AND_was_down": 0, "predicted_up_AND_was_up": 0, "predicted_no_change_AND_was_no_change": 5, "predicted_down_BUT_was_up": 0, "predicted_down_BUT_was_no_change": 443, "predicted_no_change_BUT_was_up": 0, "predicted_no_change_BUT_was_down": 0, "predicted_up_BUT_was_down": 0, "predicted_up_BUT_was_no_change": 408}}}, "Share of total companies in each clusters": [0.0035046728971962616, 0.012850467289719626, 0.0011682242990654205, 0.2885514018691589, 0.06775700934579439, 0.0011682242990654205, 0.012850467289719626, 0.037383177570093455, 0.1425233644859813, 0.029205607476635514, 0.05841121495327103, 0.0011682242990654205, 0.18691588785046728, 0.1413551401869159, 0.005841121495327103, 0.007009345794392523, 0.002336448598130841, {"SUM": 1.0}], "Clusters with significant ranges (count)": 11, "Significant Clusters (count)": 2, "Cluster Credit Ratings Shares": [{"1.0": 0.3333333333333333, "4.0": 0.3333333333333333, "9.0": 0.3333333333333333}, {"1.0": 0.09090909090909091, "3.0": 0.09090909090909091, "4.0": 0.18181818181818182, "6.0": 0.09090909090909091, "8.0": 0.18181818181818182, "9.0": 0.2727272727272727, "12.0": 0.09090909090909091}, {"2.0": 1.0}, {"2.0": 0.004048582995951417, "4.0": 0.004048582995951417, "7.0": 0.012145748987854251, "8.0": 0.004048582995951417, "9.0": 0.19838056680161945, "10.0": 0.05263157894736842, "11.0": 0.08097165991902834, "12.0": 0.16194331983805668, "13.0": 0.14979757085020243, "14.0": 0.17813765182186234, "15.0": 0.08097165991902834, "16.0": 0.05668016194331984, "17.0": 0.016194331983805668}, {"2.0": 0.017241379310344827, "4.0": 0.017241379310344827, "5.0": 0.05172413793103448, "6.0": 0.10344827586206896, "7.0": 0.1724137931034483, "8.0": 0.25862068965517243, "9.0": 0.1896551724137931, "10.0": 0.08620689655172414, "11.0": 0.05172413793103448, "12.0": 0.017241379310344827, "13.0": 0.034482758620689655}, {"3.0": 1.0}, {"3.0": 0.09090909090909091, "4.0": 0.09090909090909091, "6.0": 0.18181818181818182, "7.0": 0.18181818181818182, "8.0": 0.2727272727272727, "9.0": 0.18181818181818182}, {"3.0": 0.03125, "5.0": 0.09375, "6.0": 0.125, "7.0": 0.125, "8.0": 0.25, "9.0": 0.1875, "10.0": 0.09375, "11.0": 0.09375}, {"3.0": 0.00819672131147541, "4.0": 0.00819672131147541, "5.0": 0.00819672131147541, "6.0": 0.03278688524590164, "7.0": 0.10655737704918032, "8.0": 0.18032786885245902, "9.0": 0.1885245901639344, "10.0": 0.19672131147540983, "11.0": 0.08196721311475409, "12.0": 0.08196721311475409, "13.0": 0.04918032786885246, "14.0": 0.03278688524590164, "16.0": 0.00819672131147541, "17.0": 0.01639344262295082}, {"4.0": 0.12, "5.0": 0.08, "6.0": 0.16, "7.0": 0.24, "8.0": 0.24, "9.0": 0.04, "10.0": 0.08, "11.0": 0.04}, {"4.0": 0.02, "5.0": 0.12, "6.0": 0.16, "7.0": 0.18, "8.0": 0.2, "9.0": 0.16, "10.0": 0.06, "11.0": 0.08, "12.0": 0.02}, {"4.0": 1.0}, {"5.0": 0.0125, "6.0": 0.03125, "7.0": 0.05, "8.0": 0.09375, "9.0": 0.15625, "10.0": 0.33125, "11.0": 0.09375, "12.0": 0.1125, "13.0": 0.05, "14.0": 0.05, "15.0": 0.00625, "17.0": 0.0125}, {"5.0": 0.024793388429752067, "6.0": 0.024793388429752067, "7.0": 0.11570247933884298, "8.0": 0.1487603305785124, "9.0": 0.4793388429752066, "10.0": 0.11570247933884298, "11.0": 0.05785123966942149, "12.0": 0.01652892561983471, "13.0": 0.008264462809917356, "15.0": 0.008264462809917356}, {"6.0": 0.2, "7.0": 0.2, "8.0": 0.4, "10.0": 0.2}, {"7.0": 0.6666666666666666, "8.0": 0.3333333333333333}, {"9.0": 1.0}], "Share of total companies with given credit rating in each cluter": [{"1.0": 0.5, "4.0": 0.08333333333333333, "9.0": 0.005291005291005291}, {"1.0": 0.5, "3.0": 0.2, "4.0": 0.16666666666666666, "6.0": 0.02631578947368421, "8.0": 0.019230769230769232, "9.0": 0.015873015873015872, "12.0": 0.0136986301369863}, {"2.0": 0.3333333333333333}, {"2.0": 0.3333333333333333, "4.0": 0.08333333333333333, "7.0": 0.04054054054054054, "8.0": 0.009615384615384616, "9.0": 0.25925925925925924, "10.0": 0.11016949152542373, "11.0": 0.31746031746031744, "12.0": 0.547945205479452, "13.0": 0.6851851851851852, "14.0": 0.7857142857142857, "15.0": 0.9090909090909091, "16.0": 0.9333333333333333, "17.0": 0.5}, {"2.0": 0.3333333333333333, "4.0": 0.08333333333333333, "5.0": 0.15, "6.0": 0.15789473684210525, "7.0": 0.13513513513513514, "8.0": 0.14423076923076922, "9.0": 0.0582010582010582, "10.0": 0.0423728813559322, "11.0": 0.047619047619047616, "12.0": 0.0136986301369863, "13.0": 0.037037037037037035}, {"3.0": 0.2}, {"3.0": 0.2, "4.0": 0.08333333333333333, "6.0": 0.05263157894736842, "7.0": 0.02702702702702703, "8.0": 0.028846153846153848, "9.0": 0.010582010582010581}, {"3.0": 0.2, "5.0": 0.15, "6.0": 0.10526315789473684, "7.0": 0.05405405405405406, "8.0": 0.07692307692307693, "9.0": 0.031746031746031744, "10.0": 0.025423728813559324, "11.0": 0.047619047619047616}, {"3.0": 0.2, "4.0": 0.08333333333333333, "5.0": 0.05, "6.0": 0.10526315789473684, "7.0": 0.17567567567567569, "8.0": 0.21153846153846154, "9.0": 0.12169312169312169, "10.0": 0.2033898305084746, "11.0": 0.15873015873015872, "12.0": 0.136986301369863, "13.0": 0.1111111111111111, "14.0": 0.07142857142857142, "16.0": 0.06666666666666667, "17.0": 0.25}, {"4.0": 0.25, "5.0": 0.1, "6.0": 0.10526315789473684, "7.0": 0.08108108108108109, "8.0": 0.057692307692307696, "9.0": 0.005291005291005291, "10.0": 0.01694915254237288, "11.0": 0.015873015873015872}, {"4.0": 0.08333333333333333, "5.0": 0.3, "6.0": 0.21052631578947367, "7.0": 0.12162162162162163, "8.0": 0.09615384615384616, "9.0": 0.042328042328042326, "10.0": 0.025423728813559324, "11.0": 0.06349206349206349, "12.0": 0.0136986301369863}, {"4.0": 0.08333333333333333}, {"5.0": 0.1, "6.0": 0.13157894736842105, "7.0": 0.10810810810810811, "8.0": 0.14423076923076922, "9.0": 0.13227513227513227, "10.0": 0.4491525423728814, "11.0": 0.23809523809523808, "12.0": 0.2465753424657534, "13.0": 0.14814814814814814, "14.0": 0.14285714285714285, "15.0": 0.045454545454545456, "17.0": 0.25}, {"5.0": 0.15, "6.0": 0.07894736842105263, "7.0": 0.1891891891891892, "8.0": 0.17307692307692307, "9.0": 0.30687830687830686, "10.0": 0.11864406779661017, "11.0": 0.1111111111111111, "12.0": 0.0273972602739726, "13.0": 0.018518518518518517, "15.0": 0.045454545454545456}, {"6.0": 0.02631578947368421, "7.0": 0.013513513513513514, "8.0": 0.019230769230769232, "10.0": 0.00847457627118644}, {"7.0": 0.05405405405405406, "8.0": 0.019230769230769232}, {"9.0": 0.010582010582010581}], "Cluster ranges": [8.0, 11.0, 0.0, 15.0, 11.0, 0.0, 6.0, 8.0, 14.0, 7.0, 8.0, 0.0, 12.0, 10.0, 4.0, 1.0, 0.0], "Cluster metrics of location and dispersion": [{"Mean": 4.666666666666667, "Median": 4.0, "1st Quartile": 2.5, "3rd Quartile": 6.5, "Standard Deviation": 3.2998316455372216, "Is Signficant": false}, {"Mean": 6.636363636363637, "Median": 8.0, "1st Quartile": 4.0, "3rd Quartile": 9.0, "Standard Deviation": 3.1413004623947267, "Is Signficant": false}, {"Mean": 2.0, "Median": 2.0, "1st Quartile": 2.0, "3rd Quartile": 2.0, "Standard Deviation": 0.0,