{"Algorithm Parameters": {"K": 19}, "Algorithm Performance": {"WCSS": 3496593359.274574, "Silhouette Score": 0.6533845858130284, "Calinski Harabasz Index": 8223.89898238152}, "Clusters Content Analysis": {"Predictive Power": {"Global": {"Metrics": {"Class: Upgrade": {"Accuracy": 0.5, "Precision": 0.5454545454545454, "Recall": 0.6, "F1-Score": 0.5714285714285713}, "Class: Downgrade": {"Accuracy": 0.6, "Precision": 0.5454545454545454, "Recall": 0.5, "F1-Score": 0.5217391304347826}}, "Confusion Matrix": {"predicted_down_AND_was_down": 3, "predicted_up_AND_was_up": 3, "predicted_no_change_AND_was_no_change": 9, "predicted_down_BUT_was_up": 2, "predicted_down_BUT_was_no_change": 423, "predicted_no_change_BUT_was_up": 0, "predicted_no_change_BUT_was_down": 0, "predicted_up_BUT_was_down": 3, "predicted_up_BUT_was_no_change": 413}}, "Restricted to jumps to or from below B-": {"Metrics": {"Class: Upgrade": "No element of this class", "Class: Downgrade": "No element of this class"}, "Confusion Matrix": {"predicted_down_AND_was_down": 0, "predicted_up_AND_was_up": 0, "predicted_no_change_AND_was_no_change": 9, "predicted_down_BUT_was_up": 0, "predicted_down_BUT_was_no_change": 428, "predicted_no_change_BUT_was_up": 0, "predicted_no_change_BUT_was_down": 0, "predicted_up_BUT_was_down": 0, "predicted_up_BUT_was_no_change": 419}}}, "Share of total companies in each clusters": [0.0011682242990654205, 0.009345794392523364, 0.0011682242990654205, 0.5502336448598131, 0.09228971962616822, 0.0011682242990654205, 0.012850467289719626, 0.0455607476635514, 0.23481308411214954, 0.029205607476635514, 0.0011682242990654205, 0.005841121495327103, 0.0011682242990654205, 0.002336448598130841, 0.002336448598130841, 0.004672897196261682, 0.0011682242990654205, 0.0011682242990654205, 0.002336448598130841, {"SUM": 0.9999999999999999}], "Clusters with significant ranges (count)": 8, "Significant Clusters (count)": 1, "Cluster Credit Ratings Shares": [{"1.0": 1.0}, {"1.0": 0.125, "3.0": 0.125, "4.0": 0.125, "6.0": 0.125, "8.0": 0.25, "9.0": 0.125, "12.0": 0.125}, {"2.0": 1.0}, {"2.0": 0.0021231422505307855, "4.0": 0.0021231422505307855, "5.0": 0.006369426751592357, "6.0": 0.012738853503184714, "7.0": 0.03397027600849257, "8.0": 0.050955414012738856, "9.0": 0.1910828025477707, "10.0": 0.1613588110403397, "11.0": 0.08917197452229299, "12.0": 0.13800424628450106, "13.0": 0.10191082802547771, "14.0": 0.11889596602972399, "15.0": 0.044585987261146494, "16.0": 0.03184713375796178, "17.0": 0.014861995753715499}, {"2.0": 0.012658227848101266, "4.0": 0.02531645569620253, "5.0": 0.10126582278481013, "6.0": 0.13924050632911392, "7.0": 0.189873417721519, "8.0": 0.20253164556962025, "9.0": 0.16455696202531644, "10.0": 0.08860759493670886, "11.0": 0.06329113924050633, "13.0": 0.012658227848101266}, {"3.0": 1.0}, {"3.0": 0.09090909090909091, "4.0": 0.09090909090909091, "6.0": 0.18181818181818182, "7.0": 0.18181818181818182, "8.0": 0.2727272727272727, "9.0": 0.18181818181818182}, {"3.0": 0.02564102564102564, "5.0": 0.07692307692307693, "6.0": 0.1282051282051282, "7.0": 0.10256410256410256, "8.0": 0.2564102564102564, "9.0": 0.20512820512820512, "10.0": 0.07692307692307693, "11.0": 0.10256410256410256, "12.0": 0.02564102564102564}, {"3.0": 0.004975124378109453, "4.0": 0.004975124378109453, "5.0": 0.01990049751243781, "6.0": 0.03980099502487562, "7.0": 0.12935323383084577, "8.0": 0.19402985074626866, "9.0": 0.34328358208955223, "10.0": 0.14427860696517414, "11.0": 0.05472636815920398, "12.0": 0.029850746268656716, "13.0": 0.024875621890547265, "15.0": 0.004975124378109453, "17.0": 0.004975124378109453}, {"4.0": 0.12, "5.0": 0.08, "6.0": 0.16, "7.0": 0.24, "8.0": 0.24, "9.0": 0.04, "10.0": 0.08, "11.0": 0.04}, {"4.0": 1.0}, {"4.0": 0.2, "7.0": 0.4, "9.0": 0.4}, {"4.0": 1.0}, {"6.0": 0.5, "10.0": 0.5}, {"7.0": 0.5, "8.0": 0.5}, {"7.0": 0.5, "8.0": 0.5}, {"8.0": 1.0}, {"9.0": 1.0}, {"9.0": 1.0}], "Share of total companies with given credit rating in each cluter": [{"1.0": 0.5}, {"1.0": 0.5, "3.0": 0.2, "4.0": 0.08333333333333333, "6.0": 0.02631578947368421, "8.0": 0.019230769230769232, "9.0": 0.005291005291005291, "12.0": 0.0136986301369863}, {"2.0": 0.3333333333333333}, {"2.0": 0.3333333333333333, "4.0": 0.08333333333333333, "5.0": 0.15, "6.0": 0.15789473684210525, "7.0": 0.21621621621621623, "8.0": 0.23076923076923078, "9.0": 0.47619047619047616, "10.0": 0.6440677966101694, "11.0": 0.6666666666666666, "12.0": 0.8904109589041096, "13.0": 0.8888888888888888, "14.0": 1.0, "15.0": 0.9545454545454546, "16.0": 1.0, "17.0": 0.875}, {"2.0": 0.3333333333333333, "4.0": 0.16666666666666666, "5.0": 0.4, "6.0": 0.2894736842105263, "7.0": 0.20270270270270271, "8.0": 0.15384615384615385, "9.0": 0.06878306878306878, "10.0": 0.059322033898305086, "11.0": 0.07936507936507936, "13.0": 0.018518518518518517}, {"3.0": 0.2}, {"3.0": 0.2, "4.0": 0.08333333333333333, "6.0": 0.05263157894736842, "7.0": 0.02702702702702703, "8.0": 0.028846153846153848, "9.0": 0.010582010582010581}, {"3.0": 0.2, "5.0": 0.15, "6.0": 0.13157894736842105, "7.0": 0.05405405405405406, "8.0": 0.09615384615384616, "9.0": 0.042328042328042326, "10.0": 0.025423728813559324, "11.0": 0.06349206349206349, "12.0": 0.0136986301369863}, {"3.0": 0.2, "4.0": 0.08333333333333333, "5.0": 0.2, "6.0": 0.21052631578947367, "7.0": 0.35135135135135137, "8.0": 0.375, "9.0": 0.36507936507936506, "10.0": 0.2457627118644068, "11.0": 0.1746031746031746, "12.0": 0.0821917808219178, "13.0": 0.09259259259259259, "15.0": 0.045454545454545456, "17.0": 0.125}, {"4.0": 0.25, "5.0": 0.1, "6.0": 0.10526315789473684, "7.0": 0.08108108108108109, "8.0": 0.057692307692307696, "9.0": 0.005291005291005291, "10.0": 0.01694915254237288, "11.0": 0.015873015873015872}, {"4.0": 0.08333333333333333}, {"4.0": 0.08333333333333333, "7.0": 0.02702702702702703, "9.0": 0.010582010582010581}, {"4.0": 0.08333333333333333}, {"6.0": 0.02631578947368421, "10.0": 0.00847457627118644}, {"7.0": 0.013513513513513514, "8.0": 0.009615384615384616}, {"7.0": 0.02702702702702703, "8.0": 0.019230769230769232}, {"8.0": 0.009615384615384616}, {"9.0": 0.005291005291005291}, {"9.0": 0.010582010582010581}], "Cluster ranges": [0.0, 11.0, 0.0, 15.0, 11.0, 0.0, 6.0, 9.0, 14.0, 7.0, 0.0, 5.0, 0.0, 4.0, 1.0, 1.0, 0.0, 0.0, 0.0], "Cluster metrics of location and dispersion": [{"Mean": 1.0, "Median": 1.0, "1st Quartile": 1.0, "3rd Quartile": 1.0, "Standard Deviation": 0.0, "Is Signficant": false}, {"Mean": 6.375, "Median": 7.0, "1st Quartile": 3.75, "3rd Quartile": 8.25, "Standard Deviation": 3.3517719194479807, "Is Signficant": false}, {"Mean": 2.0, "Median": 2.0, "1st Quartile": 2.0, "3rd Quartile": 2.0, "Standard Deviation": 0.0, "Is Signficant": false}, {"Mean": 11.157112526539278, "Median": 11.0, "1st Quartile": 9.0, "3rd Quartile": 13.0, "Standard Deviation": 2.527292078610507, "Is Signficant": true}, {"Mean": 7.6455696202531644, "Median": 8.0, "1st Quartile": 6.0, "3rd Quartile": 9.0, "Standard Deviation": 1.9489560638515961, "Is Signficant": false}, {"Mean": 3.0, "Median": 3.0, "1st Quartile": 3.0, "3rd Quartile": 3.0, "Standard Deviation": 0.0, "Is Signficant": false}, {"Mean": 6.818181818181818, "Median": 7.0, "1st Quartile": 6.0, "3rd Quartile": 8.0, "Standard Deviation": 1.849726359034164, "Is Signficant": false}, {"Mean": 8.051282051282051, "Median": 8.0, "1st Quartile": 7.0, "3rd Quartile": 9.0, "Standard Deviation": 1.947367953440772, "Is Signficant": false}, {"Mean": 8.805970149253731, "Median": 9.0, "1st Quartile": 8.0, "3rd Quartile": 10.0, "Standard Deviation": 1.783608109887426, "Is Signficant": false}, {"Mean": 7.04, "Median": 7.0, "1st Quartile": 6.0, "3rd Quartile": 8.0, "Standard Deviation": 1.8216476058777122, "Is Signficant": false}, {"Mean": 4.0, "Median": 4.0, "1st Quartile": 4.0, "3rd Quartile": 4.0, "Standard Deviation": 0.0, "Is Signficant": false}, {"Mean": 7.2, "Median": 7.0, "1st Quartile": 7.0, "3rd Quartile": 9.0, "Standard Deviation": 1.8330302779823362,