{"Number of changes": 54, "Share of companies that changed": 0.013059250302297461, "Number of upgrades": 24, "Share of upgrades": 0.4444444444444444, "Number of jumps from or to B-": 8}