{"Algorithm Parameters": {"Threshold Value": 0.1, "Braching Factor": 22, "K": 11}, "Algorithm Performance": {"Calinski Harabasz Index": 1262.5846875574528}, "Clusters Content Analysis": {"Predictive Power": {"Global": {"Metrics": {"Class: Upgrade": {"Accuracy": 0.5882352941176471, "Precision": 0.6785714285714286, "Recall": 0.8333333333333334, "F1-Score": 0.7480314960629922}, "Class: Downgrade": {"Accuracy": 0.8181818181818182, "Precision": 0.6785714285714286, "Recall": 0.5625, "F1-Score": 0.6151079136690648}}, "Confusion Matrix": {"predicted_down_AND_was_down": 9, "predicted_up_AND_was_up": 10, "predicted_no_change_AND_was_no_change": 2, "predicted_down_BUT_was_up": 2, "predicted_down_BUT_was_no_change": 950, "predicted_no_change_BUT_was_up": 0, "predicted_no_change_BUT_was_down": 0, "predicted_up_BUT_was_down": 7, "predicted_up_BUT_was_no_change": 2778}}, "Restricted to jumps to or from below B-": {"Metrics": {"Class: Upgrade": "No element of this class", "Class: Downgrade": "No element of this class"}, "Confusion Matrix": {"predicted_down_AND_was_down": 0, "predicted_up_AND_was_up": 0, "predicted_no_change_AND_was_no_change": 2, "predicted_down_BUT_was_up": 0, "predicted_down_BUT_was_no_change": 961, "predicted_no_change_BUT_was_up": 0, "predicted_no_change_BUT_was_down": 0, "predicted_up_BUT_was_down": 0, "predicted_up_BUT_was_no_change": 2795}}}, "Share of total companies in each clusters": [0.10457690260777008, 0.18014901543374134, 0.5612027674294837, 0.0015965939329430547, 0.03113358169238957, 0.0010643959552953698, 0.07503991484832358, 0.028738690792974985, 0.01516764236295902, 0.0007982969664715274, 0.0005321979776476849, {"SUM": 0.9999999999999999}], "Clusters with significant ranges (count)": 10, "Significant Clusters (count)": 6, "Cluster Credit Ratings Shares": [{"1.0": 0.017811704834605598, "2.0": 0.015267175572519083, "3.0": 0.022900763358778626, "4.0": 0.030534351145038167, "5.0": 0.07888040712468193, "6.0": 0.058524173027989825, "7.0": 0.11704834605597965, "8.0": 0.10432569974554708, "9.0": 0.1628498727735369, "10.0": 0.10687022900763359, "11.0": 0.06361323155216285, "12.0": 0.043256997455470736, "13.0": 0.05597964376590331, "14.0": 0.043256997455470736, "15.0": 0.043256997455470736, "17.0": 0.017811704834605598, "16.0": 0.015267175572519083, "20.0": 0.002544529262086514}, {"2.0": 0.0103397341211226, "3.0": 0.0014771048744460858, "4.0": 0.008862629246676515, "5.0": 0.014771048744460856, "6.0": 0.033973412112259974, "7.0": 0.11521418020679468, "8.0": 0.1329394387001477, "9.0": 0.17725258493353027, "10.0": 0.06942392909896603, "11.0": 0.0620384047267356, "12.0": 0.08862629246676514, "13.0": 0.08124076809453472, "14.0": 0.0915805022156573, "15.0": 0.05465288035450517, "16.0": 0.03249630723781388, "17.0": 0.019202363367799114, "18.0": 0.004431314623338257, "20.0": 0.0014771048744460858}, {"3.0": 0.001422475106685633, "5.0": 0.005689900426742532, "6.0": 0.005215742057847321, "7.0": 0.006164058795637743, "8.0": 0.002844950213371266, "9.0": 0.001896633475580844, "10.0": 0.000948316737790422, "11.0": 0.002370791844476055, "16.0": 0.9710763394973921, "4.0": 0.000474158368895211, "12.0": 0.000474158368895211, "14.0": 0.000948316737790422, "15.0": 0.000474158368895211}, {"3.0": 0.16666666666666666, "4.0": 0.16666666666666666, "5.0": 0.16666666666666666, "6.0": 0.16666666666666666, "14.0": 0.16666666666666666, "15.0": 0.16666666666666666}, {"4.0": 0.06837606837606838, "5.0": 0.05982905982905983, "6.0": 0.1282051282051282, "8.0": 0.15384615384615385, "14.0": 0.008547008547008548, "1.0": 0.008547008547008548, "3.0": 0.02564102564102564, "7.0": 0.11965811965811966, "9.0": 0.36752136752136755, "10.0": 0.042735042735042736, "11.0": 0.008547008547008548, "13.0": 0.008547008547008548}, {"5.0": 0.25, "2.0": 0.25, "4.0": 0.25, "7.0": 0.25}, {"5.0": 0.02127659574468085, "6.0": 0.03900709219858156, "7.0": 0.08156028368794327, "8.0": 0.11347517730496454, "9.0": 0.20567375886524822, "10.0": 0.1524822695035461, "11.0": 0.09929078014184398, "14.0": 0.05673758865248227, "15.0": 0.02127659574468085, "16.0": 0.024822695035460994, "2.0": 0.0035460992907801418, "4.0": 0.010638297872340425, "12.0": 0.09574468085106383, "13.0": 0.05319148936170213, "17.0": 0.01773049645390071, "18.0": 0.0035460992907801418}, {"6.0": 0.06481481481481481, "7.0": 0.06481481481481481, "9.0": 0.09259259259259259, "10.0": 0.3425925925925926, "13.0": 0.06481481481481481, "15.0": 0.037037037037037035, "3.0": 0.009259259259259259, "5.0": 0.009259259259259259, "8.0": 0.1111111111111111, "11.0": 0.07407407407407407, "12.0": 0.027777777777777776, "14.0": 0.06481481481481481, "16.0": 0.037037037037037035}, {"9.0": 0.05263157894736842, "12.0": 0.3684210526315789, "13.0": 0.2807017543859649, "16.0": 0.03508771929824561, "17.0": 0.017543859649122806, "8.0": 0.03508771929824561, "10.0": 0.08771929824561403, "11.0": 0.07017543859649122, "14.0": 0.017543859649122806, "15.0": 0.017543859649122806, "20.0": 0.017543859649122806}, {"1.0": 0.3333333333333333, "3.0": 0.3333333333333333, "9.0": 0.3333333333333333}, {"9.0": 1.0}], "Share of total companies with given credit rating in each cluter": [{"1.0": 0.7777777777777778, "2.0": 0.4, "3.0": 0.47368421052631576, "4.0": 0.375, "5.0": 0.4492753623188406, "6.0": 0.25274725274725274, "7.0": 0.25274725274725274, "8.0": 0.20398009950248755, "9.0": 0.2098360655737705, "10.0": 0.23204419889502761, "11.0": 0.22123893805309736, "12.0": 0.13178294573643412, "13.0": 0.1896551724137931, "14.0": 0.1588785046728972, "15.0": 0.2537313432835821, "17.0": 0.2692307692307692, "16.0": 0.0028721876495931067, "20.0": 0.3333333333333333}, {"2.0": 0.4666666666666667, "3.0": 0.05263157894736842, "4.0": 0.1875, "5.0": 0.14492753623188406, "6.0": 0.25274725274725274, "7.0": 0.42857142857142855, "8.0": 0.44776119402985076, "9.0": 0.39344262295081966, "10.0": 0.2596685082872928, "11.0": 0.37168141592920356, "12.0": 0.46511627906976744, "13.0": 0.47413793103448276, "14.0": 0.5794392523364486, "15.0": 0.5522388059701493, "16.0": 0.010531354715174725, "17.0": 0.5, "18.0": 0.75, "20.0": 0.3333333333333333}, {"3.0": 0.15789473684210525, "5.0": 0.17391304347826086, "6.0": 0.12087912087912088, "7.0": 0.07142857142857142, "8.0": 0.029850746268656716, "9.0": 0.013114754098360656, "10.0": 0.011049723756906077, "11.0": 0.04424778761061947, "16.0": 0.9803733843944471, "4.0": 0.03125, "12.0": 0.007751937984496124, "14.0": 0.018691588785046728, "15.0": 0.014925373134328358}, {"3.0": 0.05263157894736842, "4.0": 0.03125, "5.0": 0.014492753623188406, "6.0": 0.01098901098901099, "14.0": 0.009345794392523364, "15.0": 0.014925373134328358}, {"4.0": 0.25, "5.0": 0.10144927536231885, "6.0": 0.16483516483516483, "8.0": 0.08955223880597014, "14.0": 0.009345794392523364, "1.0": 0.1111111111111111, "3.0": 0.15789473684210525, "7.0": 0.07692307692307693, "9.0": 0.14098360655737704, "10.0": 0.027624309392265192, "11.0": 0.008849557522123894, "13.0": 0.008620689655172414}, {"5.0": 0.014492753623188406, "2.0": 0.06666666666666667, "4.0": 0.03125, "7.0": 0.005494505494505495}, {"5.0": 0.08695652173913043, "6.0": 0.12087912087912088, "7.0": 0.12637362637362637, "8.0": 0.15920398009950248, "9.0": 0.1901639344262295, "10.0": 0.23756906077348067, "11.0": 0.24778761061946902, "14.0": 0.14953271028037382, "15.0": 0.08955223880597014, "16.0": 0.003350885591191958, "2.0": 0.06666666666666667, "4.0": 0.09375, "12.0": 0.20930232558139536, "13.0": 0.12931034482758622, "17.0": 0.19230769230769232, "18.0": 0.25}, {"6.0": 0.07692307692307693, "7.0": 0.038461538461538464, "9.0": 0.03278688524590164, "10.0": 0.20441988950276244, "13.0": 0.0603448275862069, "15.0": 0.05970149253731343, "3.0": 0.05263157894736842, "5.0": 0.014492753623188406, "8.0": 0.05970149253731343, "11.0": 0.07079646017699115, "12.0": 0.023255813953488372, "14.0": 0.06542056074766354, "16.0": 0.0019147917663954045}, {"9.0": 0.009836065573770493, "12.0": 0.16279069767441862, "13.0": 0.13793103448275862, "16.0": 0.0009573958831977022, "17.0": 0.038461538461538464,