{"Algorithm Parameters": {"Threshold Value": 0.1, "Braching Factor": 67, "K": 2}, "Algorithm Performance": {"Silhouette Score": 0.9247683767412161}, "Clusters Content Analysis": {"Predictive Power": {"Global": {"Metrics": {"Class: Upgrade": {"Accuracy": 0.3333333333333333, "Precision": 0.5, "Recall": 0.16666666666666666, "F1-Score": 0.25}, "Class: Downgrade": {"Accuracy": 0.5454545454545454, "Precision": 0.5, "Recall": 0.75, "F1-Score": 0.6}}, "Confusion Matrix": {"predicted_down_AND_was_down": 12, "predicted_up_AND_was_up": 2, "predicted_no_change_AND_was_no_change": 2, "predicted_down_BUT_was_up": 10, "predicted_down_BUT_was_no_change": 1438, "predicted_no_change_BUT_was_up": 0, "predicted_no_change_BUT_was_down": 0, "predicted_up_BUT_was_down": 4, "predicted_up_BUT_was_no_change": 2290}}, "Restricted to jumps to or from below B-": {"Metrics": {"Class: Upgrade": "No element of this class", "Class: Downgrade": "No element of this class"}, "Confusion Matrix": {"predicted_down_AND_was_down": 0, "predicted_up_AND_was_up": 0, "predicted_no_change_AND_was_no_change": 2, "predicted_down_BUT_was_up": 0, "predicted_down_BUT_was_no_change": 1460, "predicted_no_change_BUT_was_up": 0, "predicted_no_change_BUT_was_down": 0, "predicted_up_BUT_was_down": 0, "predicted_up_BUT_was_no_change": 2296}}}, "Share of total companies in each clusters": [0.9994678020223523, 0.0005321979776476849, {"SUM": 1.0}], "Clusters with significant ranges (count)": 1, "Significant Clusters (count)": 1, "Cluster Credit Ratings Shares": [{"1.0": 0.0023961661341853034, "2.0": 0.003993610223642172, "3.0": 0.005058572949946752, "4.0": 0.008519701810436636, "5.0": 0.018370607028753993, "6.0": 0.02422790202342918, "7.0": 0.04845580404685836, "8.0": 0.05351437699680511, "9.0": 0.08067092651757188, "10.0": 0.04818956336528221, "11.0": 0.030085197018104366, "12.0": 0.034345047923322686, "13.0": 0.0308839190628328, "14.0": 0.028487752928647497, "15.0": 0.017838125665601706, "16.0": 0.5561767838125665, "17.0": 0.006922257720979766, "18.0": 0.0010649627263045794, "20.0": 0.0007987220447284345}, {"9.0": 1.0}], "Share of total companies with given credit rating in each cluter": [{"1.0": 1.0, "2.0": 1.0, "3.0": 1.0, "4.0": 1.0, "5.0": 1.0, "6.0": 1.0, "7.0": 1.0, "8.0": 1.0, "9.0": 0.9934426229508196, "10.0": 1.0, "11.0": 1.0, "12.0": 1.0, "13.0": 1.0, "14.0": 1.0, "15.0": 1.0, "16.0": 1.0, "17.0": 1.0, "18.0": 1.0, "20.0": 1.0}, {"9.0": 0.006557377049180328}], "Cluster ranges": [19.0, 0.0], "Cluster metrics of location and dispersion": [{"Mean": 13.134717784877529, "Median": 16.0, "1st Quartile": 10.0, "3rd Quartile": 16.0, "Standard Deviation": 3.822605008683215, "Is Signficant": true}, {"Mean": 9.0, "Median": 9.0, "1st Quartile": 9.0, "3rd Quartile": 9.0, "Standard Deviation": 0.0, "Is Signficant": false}], "Cluster entropies": [2.5903437256128443, 0], "Maximum entropy": 2.5903437256128443, "Weighted average entropy": 2.5889651499206607, "Incoherencies explanations": {"CLUSTER 0": {"RATING 16.0": [{"0": {"Comparison": "Cluster elements in highest 75%", "Credit Rating Statistics": {"Mean": -1.7252958779218097, "Median": -1.8035917400811083, "1st Quartile": -1.8035917400811083, "3rd Quartile": -1.8035917400811083, "Standard Deviation": 0.5820937373711169}, "Cluster Statistics": {"Mean": -1.7252958779218097, "Median": -1.8035917400811083, "1st Quartile": -1.8035917400811083, "3rd Quartile": -1.8035917400811083, "Standard Deviation": 0.5820937373711169}}}, {"1": {"Comparison": "Cluster elements in lowest 25%", "Credit Rating Statistics": {"Mean": 0.042496435933087495, "Median": 0.06588543106591337, "1st Quartile": 0.06588543106591337, "3rd Quartile": 0.06588543106591337, "Standard Deviation": 0.2218547312802322}, "Cluster Statistics": {"Mean": 0.042496435933087495, "Median": 0.06588543106591337, "1st Quartile": 0.06588543106591337, "3rd Quartile": 0.06588543106591337, "Standard Deviation": 0.2218547312802322}}}, {"2": {"Comparison": "Cluster elements in lowest 25%", "Credit Rating Statistics": {"Mean": 0.35764642518861556, "Median": 0.3810248661687254, "1st Quartile": 0.3810248661687254, "3rd Quartile": 0.3810248661687254, "Standard Deviation": 0.38135558250286306}, "Cluster Statistics": {"Mean": 0.35764642518861556, "Median": 0.3810248661687254, "1st Quartile": 0.3810248661687254, "3rd Quartile": 0.3810248661687254, "Standard Deviation": 0.38135558250286306}}}, {"3": {"Comparison": "Cluster elements in highest 75%", "Credit Rating Statistics": {"Mean": -0.25391429087698997, "Median": -0.2696911422280356, "1st Quartile": -0.2696911422280356, "3rd Quartile": -0.2696911422280356, "Standard Deviation": 0.14843578303058821}, "Cluster Statistics": {"Mean": -0.25391429087698997, "Median": -0.2696911422280356, "1st Quartile": -0.2696911422280356, "3rd Quartile": -0.2696911422280356, "Standard Deviation": 0.14843578303058821}}}, {"4": {"Comparison": "Cluster elements in lowest 25%", "Credit Rating Statistics": {"Mean": 0.15886709001863522, "Median": 0.1707515091676011, "1st Quartile": 0.1707515091676011, "3rd Quartile": 0.1707515091676011, "Standard Deviation": 0.3206308199366157}, "Cluster Statistics": {"Mean": 0.15886709001863522, "Median": 0.1707515091676011, "1st Quartile": 0.1707515091676011, "3rd Quartile": 0.1707515091676011, "Standard Deviation": 0.3206308199366157}}}]}}}}