{"Algorithm Parameters": {"K": 8}, "Algorithm Performance": {"WCSS": 20248.893569704644, "Silhouette Score": 0.6911245269820274, "Calinski Harabasz Index": 1285.6509654222887}, "Clusters Content Analysis": {"Predictive Power": {"Global": {"Metrics": {"Class: Upgrade": {"Accuracy": 0.5555555555555556, "Precision": 0.6428571428571429, "Recall": 0.8333333333333334, "F1-Score": 0.7258064516129034}, "Class: Downgrade": {"Accuracy": 0.8, "Precision": 0.6428571428571429, "Recall": 0.5, "F1-Score": 0.5625000000000001}}, "Confusion Matrix": {"predicted_down_AND_was_down": 8, "predicted_up_AND_was_up": 10, "predicted_no_change_AND_was_no_change": 2, "predicted_down_BUT_was_up": 2, "predicted_down_BUT_was_no_change": 972, "predicted_no_change_BUT_was_up": 0, "predicted_no_change_BUT_was_down": 0, "predicted_up_BUT_was_down": 8, "predicted_up_BUT_was_no_change": 2756}}, "Restricted to jumps to or from below B-": {"Metrics": {"Class: Upgrade": "No element of this class", "Class: Downgrade": "No element of this class"}, "Confusion Matrix": {"predicted_down_AND_was_down": 0, "predicted_up_AND_was_up": 0, "predicted_no_change_AND_was_no_change": 2, "predicted_down_BUT_was_up": 0, "predicted_down_BUT_was_no_change": 982, "predicted_no_change_BUT_was_up": 0, "predicted_no_change_BUT_was_down": 0, "predicted_up_BUT_was_down": 0, "predicted_up_BUT_was_no_change": 2774}}}, "Share of total companies in each clusters": [0.12320383182543906, 0.24268227780734433, 0.55747738158595, 0.025545502927088876, 0.0021287919105907396, 0.03299627461415647, 0.015433741351782864, 0.0005321979776476849, {"SUM": 1.0}], "Clusters with significant ranges (count)": 7, "Significant Clusters (count)": 4, "Cluster Credit Ratings Shares": [{"1.0": 0.01511879049676026, "2.0": 0.012958963282937365, "3.0": 0.019438444924406047, "4.0": 0.02159827213822894, "5.0": 0.06695464362850972, "6.0": 0.05399568034557235, "7.0": 0.1079913606911447, "8.0": 0.09287257019438445, "9.0": 0.17926565874730022, "10.0": 0.11447084233261338, "11.0": 0.07775377969762419, "12.0": 0.04967602591792657, "13.0": 0.05399568034557235, "14.0": 0.05183585313174946, "15.0": 0.04103671706263499, "16.0": 0.01511879049676026, "17.0": 0.02159827213822894, "18.0": 0.0021598272138228943, "20.0": 0.0021598272138228943}, {"2.0": 0.008771929824561403, "3.0": 0.0010964912280701754, "4.0": 0.010964912280701754, "5.0": 0.01644736842105263, "6.0": 0.03618421052631579, "7.0": 0.10416666666666667, "8.0": 0.13048245614035087, "9.0": 0.20614035087719298, "10.0": 0.0800438596491228, "11.0": 0.06469298245614036, "12.0": 0.08662280701754387, "13.0": 0.07456140350877193, "14.0": 0.08223684210526316, "15.0": 0.046052631578947366, "16.0": 0.03070175438596491, "17.0": 0.01644736842105263, "18.0": 0.003289473684210526, "20.0": 0.0010964912280701754}, {"3.0": 0.001431980906921241, "5.0": 0.006205250596658711, "6.0": 0.002386634844868735, "7.0": 0.005250596658711217, "8.0": 0.001431980906921241, "9.0": 0.002386634844868735, "10.0": 0.001431980906921241, "11.0": 0.0009546539379474941, "16.0": 0.9775656324582339, "12.0": 0.00047732696897374703, "15.0": 0.00047732696897374703}, {"3.0": 0.041666666666666664, "4.0": 0.11458333333333333, "5.0": 0.08333333333333333, "6.0": 0.1875, "1.0": 0.010416666666666666, "7.0": 0.17708333333333334, "8.0": 0.1875, "9.0": 0.11458333333333333, "10.0": 0.0625, "11.0": 0.020833333333333332}, {"5.0": 0.125, "1.0": 0.125, "2.0": 0.125, "3.0": 0.125, "4.0": 0.125, "7.0": 0.125, "8.0": 0.125, "9.0": 0.125}, {"6.0": 0.08064516129032258, "7.0": 0.06451612903225806, "9.0": 0.0967741935483871, "10.0": 0.33064516129032256, "13.0": 0.056451612903225805, "15.0": 0.03225806451612903, "3.0": 0.008064516129032258, "5.0": 0.008064516129032258, "8.0": 0.12096774193548387, "11.0": 0.07258064516129033, "12.0": 0.04032258064516129, "14.0": 0.056451612903225805, "16.0": 0.03225806451612903}, {"9.0": 0.05172413793103448, "12.0": 0.3620689655172414, "13.0": 0.27586206896551724, "16.0": 0.034482758620689655, "17.0": 0.017241379310344827, "8.0": 0.034482758620689655, "10.0": 0.08620689655172414, "11.0": 0.08620689655172414, "14.0": 0.017241379310344827, "15.0": 0.017241379310344827, "20.0": 0.017241379310344827}, {"9.0": 1.0}], "Share of total companies with given credit rating in each cluter": [{"1.0": 0.7777777777777778, "2.0": 0.4, "3.0": 0.47368421052631576, "4.0": 0.3125, "5.0": 0.4492753623188406, "6.0": 0.27472527472527475, "7.0": 0.27472527472527475, "8.0": 0.21393034825870647, "9.0": 0.2721311475409836, "10.0": 0.292817679558011, "11.0": 0.3185840707964602, "12.0": 0.17829457364341086, "13.0": 0.21551724137931033, "14.0": 0.22429906542056074, "15.0": 0.2835820895522388, "16.0": 0.003350885591191958, "17.0": 0.38461538461538464, "18.0": 0.25, "20.0": 0.3333333333333333}, {"2.0": 0.5333333333333333, "3.0": 0.05263157894736842, "4.0": 0.3125, "5.0": 0.21739130434782608, "6.0": 0.3626373626373626, "7.0": 0.521978021978022, "8.0": 0.5920398009950248, "9.0": 0.6163934426229508, "10.0": 0.40331491712707185, "11.0": 0.5221238938053098, "12.0": 0.6124031007751938, "13.0": 0.5862068965517241, "14.0": 0.7009345794392523, "15.0": 0.6268656716417911, "16.0": 0.013403542364767831, "17.0": 0.5769230769230769, "18.0": 0.75, "20.0": 0.3333333333333333}, {"3.0": 0.15789473684210525, "5.0": 0.18840579710144928, "6.0": 0.054945054945054944, "7.0": 0.06043956043956044, "8.0": 0.014925373134328358, "9.0": 0.01639344262295082, "10.0": 0.016574585635359115, "11.0": 0.017699115044247787, "16.0": 0.9803733843944471, "12.0": 0.007751937984496124, "15.0": 0.014925373134328358}, {"3.0": 0.21052631578947367, "4.0": 0.34375, "5.0": 0.11594202898550725, "6.0": 0.1978021978021978, "1.0": 0.1111111111111111, "7.0": 0.09340659340659341, "8.0": 0.08955223880597014, "9.0": 0.036065573770491806, "10.0": 0.03314917127071823, "11.0": 0.017699115044247787}, {"5.0": 0.014492753623188406, "1.0": 0.1111111111111111, "2.0": 0.06666666666666667, "3.0": 0.05263157894736842, "4.0": 0.03125, "7.0": 0.005494505494505495, "8.0": 0.004975124378109453, "9.0": 0.003278688524590164}, {"6.0": 0.10989010989010989, "7.0": 0.04395604395604396, "9.0": 0.03934426229508197, "10.0": 0.2265193370165746, "13.0": 0.0603448275862069, "15.0": 0.05970149253731343, "3.0": 0.05263157894736842, "5.0": 0.014492753623188406, "8.0": 0.07462686567164178, "11.0": 0.07964601769911504, "12.0": 0.03875968992248062, "14.0": 0.06542056074766354, "16.0": 0.0019147917663954045}, {"9.0": 0.009836065573770493, "12.0": 0.16279069767441862, "13.0": 0.13793103448275862, "16.0": 0.0009573958831977022, "17.0": 0.038461538461538464, "8.0": 0.009950248756218905, "10.0": 0.027624309392265192, "11.0": 0.04424778761061947, "14.0": 0.009345794392523364, "15.0": 0.014925373134328358, "20.0": 0.3333333333333333}, {"9.0": 0.006557377049180328}], "Cluster ranges": [19.0, 18.0, 13.0, 10.0, 8.0, 13.0, 12.0, 0.0], "Cluster metrics of location and dispersion": [{"Mean": 9.287257019438444, "Median": 9.0, "1st Quartile": 7.0, "3rd Quartile": 11.0, "Standard Deviation": 3.451232232571704, "Is Signficant": true}, {"Mean": 10.207236842105264, "Median": 9.0, "1st Quartile": 8.0, "3rd Quartile": 13.0, "Standard Deviation": 3.066484113948546, "Is Signficant": true}, {"Mean": 15.798090692124106, "Median": 16.0, "1st Quartile": 16.0, "3rd Quartile": 16.0, "Standard Deviation": 1.381361156871325, "Is Signficant": false}, {"Mean": 6.760416666666667, "Median": 7.0, "1st Quartile": 5.75, "3rd Quartile": 8.0, "Standard Deviation": 2.019409936851742, "Is Signficant": false}, {"Mean": 4.875, "Median": 4.5, "1st Quartile": 2.75, "3rd Quartile": 7.25, "Standard Deviation": 2.7128168017763383, "Is Signficant": false}, {"Mean": 9.951612903225806, "Median": 10.0, "1st Quartile": 8.0, "3rd Quartile": 11.0, "Standard Deviation": 2.5804939471826724, "Is Signficant": true}, {"Mean": 12.172413793103448, "Median": 12.0, "1st Quartile": 11.25, "3rd Quartile": 13.0, "Standard Deviation": 2.0011887073857806, "Is Signficant": true}, {"Mean": 9.0, "Median": 9.0,