{"Algorithm Parameters": {"K": 8}, "Algorithm Performance": {"WCSS": 20248.893569704644, "Silhouette Score": 0.6911245269820274, "Calinski Harabasz Index": 1285.6509654222887}, "Clusters Content Analysis": {"Predictive Power": {"Global": {"Metrics": {"Class: Upgrade": {"Accuracy": 0.625, "Precision": 0.7142857142857143, "Recall": 0.8333333333333334, "F1-Score": 0.7692307692307692}, "Class: Downgrade": {"Accuracy": 0.8333333333333334, "Precision": 0.7142857142857143, "Recall": 0.625, "F1-Score": 0.6666666666666666}}, "Confusion Matrix": {"predicted_down_AND_was_down": 10, "predicted_up_AND_was_up": 10, "predicted_no_change_AND_was_no_change": 2, "predicted_down_BUT_was_up": 2, "predicted_down_BUT_was_no_change": 984, "predicted_no_change_BUT_was_up": 0, "predicted_no_change_BUT_was_down": 0, "predicted_up_BUT_was_down": 6, "predicted_up_BUT_was_no_change": 2744}}, "Restricted to jumps to or from below B-": {"Metrics": {"Class: Upgrade": "No element of this class", "Class: Downgrade": "No element of this class"}, "Confusion Matrix": {"predicted_down_AND_was_down": 0, "predicted_up_AND_was_up": 0, "predicted_no_change_AND_was_no_change": 2, "predicted_down_BUT_was_up": 0, "predicted_down_BUT_was_no_change": 996, "predicted_no_change_BUT_was_up": 0, "predicted_no_change_BUT_was_down": 0, "predicted_up_BUT_was_down": 0, "predicted_up_BUT_was_no_change": 2760}}}, "Share of total companies in each clusters": [0.12799361362426823, 0.2442788717402874, 0.5580095795635976, 0.020755721128259713, 0.032197977647684936, 0.015433741351782864, 0.0007982969664715274, 0.0005321979776476849, {"SUM": 1.0}], "Clusters with significant ranges (count)": 7, "Significant Clusters (count)": 4, "Cluster Credit Ratings Shares": [{"1.0": 0.014553014553014554, "2.0": 0.012474012474012475, "3.0": 0.02079002079002079, "4.0": 0.02494802494802495, "5.0": 0.06652806652806653, "6.0": 0.056133056133056136, "7.0": 0.11226611226611227, "8.0": 0.09355509355509356, "9.0": 0.17463617463617465, "10.0": 0.11434511434511435, "11.0": 0.07484407484407485, "12.0": 0.05197505197505198, "13.0": 0.05405405405405406, "14.0": 0.0498960498960499, "15.0": 0.0395010395010395, "16.0": 0.014553014553014554, "17.0": 0.02079002079002079, "18.0": 0.002079002079002079, "20.0": 0.002079002079002079}, {"2.0": 0.008714596949891068, "3.0": 0.0010893246187363835, "4.0": 0.010893246187363835, "5.0": 0.018518518518518517, "6.0": 0.03812636165577342, "7.0": 0.10348583877995643, "8.0": 0.1318082788671024, "9.0": 0.20697167755991286, "10.0": 0.08061002178649238, "11.0": 0.06427015250544663, "12.0": 0.08496732026143791, "13.0": 0.0718954248366013, "14.0": 0.08169934640522876, "15.0": 0.0457516339869281, "16.0": 0.030501089324618737, "17.0": 0.016339869281045753, "18.0": 0.0032679738562091504, "20.0": 0.0010893246187363835}, {"3.0": 0.001430615164520744, "5.0": 0.00619933237958989, "6.0": 0.002861230329041488, "7.0": 0.005245588936576061, "8.0": 0.0009537434430138292, "9.0": 0.002384358607534573, "10.0": 0.001430615164520744, "11.0": 0.001430615164520744, "16.0": 0.9766332856461611, "12.0": 0.0004768717215069146, "13.0": 0.0004768717215069146, "15.0": 0.0004768717215069146}, {"4.0": 0.1282051282051282, "5.0": 0.07692307692307693, "6.0": 0.1794871794871795, "1.0": 0.01282051282051282, "2.0": 0.01282051282051282, "3.0": 0.038461538461538464, "7.0": 0.1794871794871795, "8.0": 0.20512820512820512, "9.0": 0.10256410256410256, "10.0": 0.05128205128205128, "11.0": 0.01282051282051282}, {"6.0": 0.0743801652892562, "7.0": 0.06611570247933884, "9.0": 0.09917355371900827, "10.0": 0.3305785123966942, "13.0": 0.05785123966942149, "15.0": 0.03305785123966942, "3.0": 0.008264462809917356, "5.0": 0.008264462809917356, "8.0": 0.12396694214876033, "11.0": 0.0743801652892562, "12.0": 0.03305785123966942, "14.0": 0.05785123966942149, "16.0": 0.03305785123966942}, {"9.0": 0.05172413793103448, "12.0": 0.3620689655172414, "13.0": 0.27586206896551724, "16.0": 0.034482758620689655, "17.0": 0.017241379310344827, "8.0": 0.034482758620689655, "10.0": 0.08620689655172414, "11.0": 0.08620689655172414, "14.0": 0.017241379310344827, "15.0": 0.017241379310344827, "20.0": 0.017241379310344827}, {"1.0": 0.3333333333333333, "3.0": 0.3333333333333333, "9.0": 0.3333333333333333}, {"9.0": 1.0}], "Share of total companies with given credit rating in each cluter": [{"1.0": 0.7777777777777778, "2.0": 0.4, "3.0": 0.5263157894736842, "4.0": 0.375, "5.0": 0.463768115942029, "6.0": 0.2967032967032967, "7.0": 0.2967032967032967, "8.0": 0.22388059701492538, "9.0": 0.2754098360655738, "10.0": 0.30386740331491713, "11.0": 0.3185840707964602, "12.0": 0.1937984496124031, "13.0": 0.22413793103448276, "14.0": 0.22429906542056074, "15.0": 0.2835820895522388, "16.0": 0.003350885591191958, "17.0": 0.38461538461538464, "18.0": 0.25, "20.0": 0.3333333333333333}, {"2.0": 0.5333333333333333, "3.0": 0.05263157894736842, "4.0": 0.3125, "5.0": 0.2463768115942029, "6.0": 0.38461538461538464, "7.0": 0.521978021978022, "8.0": 0.6019900497512438, "9.0": 0.6229508196721312, "10.0": 0.4088397790055249, "11.0": 0.5221238938053098, "12.0": 0.6046511627906976, "13.0": 0.5689655172413793, "14.0": 0.7009345794392523, "15.0": 0.6268656716417911, "16.0": 0.013403542364767831, "17.0": 0.5769230769230769, "18.0": 0.75, "20.0": 0.3333333333333333}, {"3.0": 0.15789473684210525, "5.0": 0.18840579710144928, "6.0": 0.06593406593406594, "7.0": 0.06043956043956044, "8.0": 0.009950248756218905, "9.0": 0.01639344262295082, "10.0": 0.016574585635359115, "11.0": 0.02654867256637168, "16.0": 0.9803733843944471, "12.0": 0.007751937984496124, "13.0": 0.008620689655172414, "15.0": 0.014925373134328358}, {"4.0": 0.3125, "5.0": 0.08695652173913043, "6.0": 0.15384615384615385, "1.0": 0.1111111111111111, "2.0": 0.06666666666666667, "3.0": 0.15789473684210525, "7.0": 0.07692307692307693, "8.0": 0.07960199004975124, "9.0": 0.02622950819672131, "10.0": 0.022099447513812154, "11.0": 0.008849557522123894}, {"6.0": 0.0989010989010989, "7.0": 0.04395604395604396, "9.0": 0.03934426229508197, "10.0": 0.22099447513812154, "13.0": 0.0603448275862069, "15.0": 0.05970149253731343, "3.0": 0.05263157894736842, "5.0": 0.014492753623188406, "8.0": 0.07462686567164178, "11.0": 0.07964601769911504, "12.0": 0.031007751937984496, "14.0": 0.06542056074766354, "16.0": 0.0019147917663954045}, {"9.0": 0.009836065573770493, "12.0": 0.16279069767441862, "13.0": 0.13793103448275862, "16.0": 0.0009573958831977022, "17.0": 0.038461538461538464, "8.0": 0.009950248756218905, "10.0": 0.027624309392265192, "11.0": 0.04424778761061947, "14.0": 0.009345794392523364, "15.0": 0.014925373134328358, "20.0": 0.3333333333333333}, {"1.0": 0.1111111111111111, "3.0": 0.05263157894736842, "9.0": 0.003278688524590164}, {"9.0": 0.006557377049180328}], "Cluster ranges": [19.0, 18.0, 13.0, 10.0, 13.0, 12.0, 8.0, 0.0], "Cluster metrics of location and dispersion": [{"Mean": 9.226611226611226, "Median": 9.0, "1st Quartile": 7.0, "3rd Quartile": 11.0, "Standard Deviation": 3.443122457656518, "Is Signficant": true}, {"Mean": 10.171023965141613, "Median": 9.0, "1st Quartile": 8.0, "3rd Quartile": 12.75, "Standard Deviation": 3.0710804478347247, "Is Signficant": true}, {"Mean": 15.793514544587506, "Median": 16.0, "1st Quartile": 16.0, "3rd Quartile": 16.0, "Standard Deviation": 1.3920531656949424, "Is Signficant": false}, {"Mean": 6.602564102564102, "Median": 7.0, "1st Quartile": 5.0, "3rd Quartile": 8.0, "Standard Deviation": 2.040234674723019, "Is Signficant": false}, {"Mean": 9.96694214876033, "Median": 10.0, "1st Quartile": 8.0, "3rd Quartile": 11.0, "Standard Deviation": 2.580710019212698, "Is Signficant": true}, {"Mean": 12.172413793103448, "Median": 12.0, "1st Quartile": 11.25, "3rd Quartile": 13.0, "Standard Deviation": 2.0011887073857806, "Is Signficant": true}, {"Mean": 4.333333333333333, "Median": 3.0, "1st Quartile": 2.0, "3rd Quartile": 6.0, "Standard Deviation": 3.39934634239519, "Is Signficant": false}, {"Mean": 9.0, "Median": 9.0, "1st Quartile": 9.0,