{"Algorithm Parameters": {"C": 5}, "Algorithm Performance": {"WCSS": 44450.978176872675, "Silhouette Score": 0.6325164830470531, "Calinski Harabasz Index": 707.6810530861804}, "Clusters Content Analysis": {"Predictive Power": {"Global": {"Metrics": {"Class: Upgrade": {"Accuracy": 0.6470588235294118, "Precision": 0.75, "Recall": 0.9166666666666666, "F1-Score": 0.8250000000000001}, "Class: Downgrade": {"Accuracy": 0.9090909090909091, "Precision": 0.75, "Recall": 0.625, "F1-Score": 0.6818181818181818}}, "Confusion Matrix": {"predicted_down_AND_was_down": 10, "predicted_up_AND_was_up": 11, "predicted_no_change_AND_was_no_change": 0, "predicted_down_BUT_was_up": 1, "predicted_down_BUT_was_no_change": 1016, "predicted_no_change_BUT_was_up": 0, "predicted_no_change_BUT_was_down": 0, "predicted_up_BUT_was_down": 6, "predicted_up_BUT_was_no_change": 2714}}, "Restricted to jumps to or from below B-": {"Metrics": {"Class: Upgrade": "No element of this class", "Class: Downgrade": "No element of this class"}, "Confusion Matrix": {"predicted_down_AND_was_down": 0, "predicted_up_AND_was_up": 0, "predicted_no_change_AND_was_no_change": 0, "predicted_down_BUT_was_up": 0, "predicted_down_BUT_was_no_change": 1027, "predicted_no_change_BUT_was_up": 0, "predicted_no_change_BUT_was_down": 0, "predicted_up_BUT_was_down": 0, "predicted_up_BUT_was_no_change": 2731}}}, "Share of total companies in each clusters": [0.1003193187865886, 0.1817456093666844, 0.5580095795635976, 0.06546035125066525, 0.09446514103246408, {"SUM": 1.0}], "Clusters with significant ranges (count)": 5, "Significant Clusters (count)": 3, "Cluster Credit Ratings Shares": [{"1.0": 0.01856763925729443, "2.0": 0.015915119363395226, "3.0": 0.021220159151193633, "4.0": 0.029177718832891247, "5.0": 0.07692307692307693, "6.0": 0.058355437665782495, "7.0": 0.10875331564986737, "8.0": 0.10344827586206896, "9.0": 0.1724137931034483, "10.0": 0.09549071618037135, "11.0": 0.05305039787798409, "12.0": 0.05570291777188329, "13.0": 0.06631299734748011, "14.0": 0.04509283819628647, "15.0": 0.042440318302387266, "16.0": 0.015915119363395226, "17.0": 0.01856763925729443, "20.0": 0.002652519893899204}, {"2.0": 0.010248901903367497, "3.0": 0.0014641288433382138, "4.0": 0.013177159590043924, "5.0": 0.01171303074670571, "6.0": 0.03367496339677892, "7.0": 0.10834553440702782, "8.0": 0.12152269399707175, "9.0": 0.20497803806734993, "10.0": 0.060029282576866766, "11.0": 0.055636896046852125, "12.0": 0.08931185944363104, "13.0": 0.08199121522693997, "14.0": 0.09663250366032211, "15.0": 0.05417276720351391, "16.0": 0.032210834553440704, "17.0": 0.01903367496339678, "18.0": 0.004392386530014641, "20.0": 0.0014641288433382138}, {"3.0": 0.0019074868860276585, "5.0": 0.005722460658082976, "6.0": 0.002861230329041488, "7.0": 0.005245588936576061, "8.0": 0.0004768717215069146, "9.0": 0.002861230329041488, "10.0": 0.001430615164520744, "11.0": 0.001430615164520744, "16.0": 0.9766332856461611, "12.0": 0.0004768717215069146, "14.0": 0.0004768717215069146, "15.0": 0.0004768717215069146}, {"3.0": 0.012195121951219513, "5.0": 0.024390243902439025, "6.0": 0.06504065040650407, "7.0": 0.06910569105691057, "8.0": 0.11788617886178862, "9.0": 0.08130081300813008, "10.0": 0.21951219512195122, "11.0": 0.09349593495934959, "12.0": 0.0975609756097561, "13.0": 0.08536585365853659, "14.0": 0.052845528455284556, "15.0": 0.028455284552845527, "16.0": 0.028455284552845527, "4.0": 0.016260162601626018, "17.0": 0.0040650406504065045, "20.0": 0.0040650406504065045}, {"5.0": 0.03943661971830986, "6.0": 0.0676056338028169, "7.0": 0.10985915492957747, "8.0": 0.13802816901408452, "9.0": 0.2084507042253521, "10.0": 0.1323943661971831, "11.0": 0.08169014084507042, "15.0": 0.016901408450704224, "16.0": 0.016901408450704224, "1.0": 0.005633802816901409, "2.0": 0.005633802816901409, "3.0": 0.008450704225352112, "4.0": 0.022535211267605635, "12.0": 0.061971830985915494, "13.0": 0.03943661971830986, "14.0": 0.028169014084507043, "17.0": 0.014084507042253521, "18.0": 0.0028169014084507044}], "Share of total companies with given credit rating in each cluter": [{"1.0": 0.7777777777777778, "2.0": 0.4, "3.0": 0.42105263157894735, "4.0": 0.34375, "5.0": 0.42028985507246375, "6.0": 0.24175824175824176, "7.0": 0.22527472527472528, "8.0": 0.19402985074626866, "9.0": 0.21311475409836064, "10.0": 0.19889502762430938, "11.0": 0.17699115044247787, "12.0": 0.16279069767441862, "13.0": 0.21551724137931033, "14.0": 0.1588785046728972, "15.0": 0.23880597014925373, "16.0": 0.0028721876495931067, "17.0": 0.2692307692307692, "20.0": 0.3333333333333333}, {"2.0": 0.4666666666666667, "3.0": 0.05263157894736842, "4.0": 0.28125, "5.0": 0.11594202898550725, "6.0": 0.25274725274725274, "7.0": 0.4065934065934066, "8.0": 0.4129353233830846, "9.0": 0.45901639344262296, "10.0": 0.2265193370165746, "11.0": 0.336283185840708, "12.0": 0.4728682170542636, "13.0": 0.4827586206896552, "14.0": 0.616822429906542, "15.0": 0.5522388059701493, "16.0": 0.010531354715174725, "17.0": 0.5, "18.0": 0.75, "20.0": 0.3333333333333333}, {"3.0": 0.21052631578947367, "5.0": 0.17391304347826086, "6.0": 0.06593406593406594, "7.0": 0.06043956043956044, "8.0": 0.004975124378109453, "9.0": 0.019672131147540985, "10.0": 0.016574585635359115, "11.0": 0.02654867256637168, "16.0": 0.9803733843944471, "12.0": 0.007751937984496124, "14.0": 0.009345794392523364, "15.0": 0.014925373134328358}, {"3.0": 0.15789473684210525, "5.0": 0.08695652173913043, "6.0": 0.17582417582417584, "7.0": 0.09340659340659341, "8.0": 0.14427860696517414, "9.0": 0.06557377049180328, "10.0": 0.2983425414364641, "11.0": 0.20353982300884957, "12.0": 0.18604651162790697, "13.0": 0.1810344827586207, "14.0": 0.12149532710280374, "15.0": 0.1044776119402985, "16.0": 0.003350885591191958, "4.0": 0.125, "17.0": 0.038461538461538464, "20.0": 0.3333333333333333}, {"5.0": 0.2028985507246377, "6.0": 0.26373626373626374, "7.0": 0.21428571428571427, "8.0": 0.24378109452736318, "9.0": 0.24262295081967214, "10.0": 0.2596685082872928, "11.0": 0.25663716814159293, "15.0": 0.08955223880597014, "16.0": 0.0028721876495931067, "1.0": 0.2222222222222222, "2.0": 0.13333333333333333, "3.0": 0.15789473684210525, "4.0": 0.25, "12.0": 0.17054263565891473, "13.0": 0.1206896551724138, "14.0": 0.09345794392523364, "17.0": 0.19230769230769232, "18.0": 0.25}], "Cluster ranges": [19.0, 18.0, 13.0, 17.0, 17.0], "Cluster metrics of location and dispersion": [{"Mean": 9.066312997347481, "Median": 9.0, "1st Quartile": 7.0, "3rd Quartile": 11.0, "Standard Deviation": 3.544840527241123, "Is Signficant": true}, {"Mean": 10.37628111273792, "Median": 9.0, "1st Quartile": 8.0, "3rd Quartile": 13.0, "Standard Deviation": 3.1826524095813986, "Is Signficant": true}, {"Mean": 15.793514544587506, "Median": 16.0, "1st Quartile": 16.0, "3rd Quartile": 16.0, "Standard Deviation": 1.3968408729427646, "Is Signficant": false}, {"Mean": 10.048780487804878, "Median": 10.0, "1st Quartile": 8.0, "3rd Quartile": 12.0, "Standard Deviation": 2.9059894933661123, "Is Signficant": true}, {"Mean": 9.171830985915493, "Median": 9.0, "1st Quartile": 7.0, "3rd Quartile": 11.0, "Standard Deviation": 2.8652941789627144, "Is Signficant": false}], "Cluster entropies": [3.7759611943385374, 3.542146167312002, 0.2293411781296661, 3.4971330304992643, 3.4968751151795585], "Maximum entropy": 3.7759611943385374, "Weighted average entropy": 1.7098023002845124, "Incoherencies explanations": {"CLUSTER 0": {}, "CLUSTER 1": {}, "CLUSTER 2": {}, "CLUSTER 3": {}, "CLUSTER 4": {"RATING 16.0": [{"0": {"Comparison": "Cluster elements in lowest 25%", "Credit Rating Statistics": {"Mean": -1.7252958779218337, "Median": -1.8035917400811339, "1st Quartile": -1.8035917400811339, "3rd Quartile": -1.8035917400811339, "Standard Deviation": 0.5820937373711267}, "Cluster Statistics": {"Mean": -1.8035917400811343, "Median": -1.8035917400811339, "1st Quartile": -1.8035917400811339, "3rd Quartile": -1.8035917400811339,