{"Algorithm Parameters": {"C": 5}, "Algorithm Performance": {"WCSS": 44450.978176872675, "Silhouette Score": 0.6325164830470531, "Calinski Harabasz Index": 707.6810530861804}, "Clusters Content Analysis": {"Predictive Power": {"Global": {"Metrics": {"Class: Upgrade": {"Accuracy": 0.6470588235294118, "Precision": 0.75, "Recall": 0.9166666666666666, "F1-Score": 0.8250000000000001}, "Class: Downgrade": {"Accuracy": 0.9090909090909091, "Precision": 0.75, "Recall": 0.625, "F1-Score": 0.6818181818181818}}, "Confusion Matrix": {"predicted_down_AND_was_down": 10, "predicted_up_AND_was_up": 11, "predicted_no_change_AND_was_no_change": 0, "predicted_down_BUT_was_up": 1, "predicted_down_BUT_was_no_change": 1016, "predicted_no_change_BUT_was_up": 0, "predicted_no_change_BUT_was_down": 0, "predicted_up_BUT_was_down": 6, "predicted_up_BUT_was_no_change": 2714}}, "Restricted to jumps to or from below B-": {"Metrics": {"Class: Upgrade": "No element of this class", "Class: Downgrade": "No element of this class"}, "Confusion Matrix": {"predicted_down_AND_was_down": 0, "predicted_up_AND_was_up": 0, "predicted_no_change_AND_was_no_change": 0, "predicted_down_BUT_was_up": 0, "predicted_down_BUT_was_no_change": 1027, "predicted_no_change_BUT_was_up": 0, "predicted_no_change_BUT_was_down": 0, "predicted_up_BUT_was_down": 0, "predicted_up_BUT_was_no_change": 2731}}}, "Share of total companies in each clusters": [0.10005321979776477, 0.1817456093666844, 0.5582756785524216, 0.0651942522618414, 0.09473124002128792, {"SUM": 1.0}], "Clusters with significant ranges (count)": 5, "Significant Clusters (count)": 3, "Cluster Credit Ratings Shares": [{"1.0": 0.018617021276595744, "2.0": 0.015957446808510637, "3.0": 0.02127659574468085, "4.0": 0.02925531914893617, "5.0": 0.07712765957446809, "6.0": 0.05851063829787234, "7.0": 0.10904255319148937, "8.0": 0.10106382978723404, "9.0": 0.17287234042553193, "10.0": 0.09574468085106383, "11.0": 0.05319148936170213, "12.0": 0.05585106382978723, "13.0": 0.06648936170212766, "14.0": 0.04521276595744681, "15.0": 0.0425531914893617, "16.0": 0.015957446808510637, "17.0": 0.018617021276595744, "20.0": 0.0026595744680851063}, {"2.0": 0.010248901903367497, "3.0": 0.0014641288433382138, "4.0": 0.013177159590043924, "5.0": 0.01171303074670571, "6.0": 0.03367496339677892, "7.0": 0.10834553440702782, "8.0": 0.12152269399707175, "9.0": 0.20497803806734993, "10.0": 0.060029282576866766, "11.0": 0.055636896046852125, "12.0": 0.08931185944363104, "13.0": 0.08199121522693997, "14.0": 0.09663250366032211, "15.0": 0.05417276720351391, "16.0": 0.032210834553440704, "17.0": 0.01903367496339678, "18.0": 0.004392386530014641, "20.0": 0.0014641288433382138}, {"3.0": 0.0019065776930409914, "5.0": 0.005719733079122974, "6.0": 0.002859866539561487, "7.0": 0.005243088655862726, "8.0": 0.0009532888465204957, "9.0": 0.002859866539561487, "10.0": 0.0014299332697807435, "11.0": 0.0014299332697807435, "16.0": 0.9761677788369876, "12.0": 0.00047664442326024784, "14.0": 0.00047664442326024784, "15.0": 0.00047664442326024784}, {"3.0": 0.012244897959183673, "5.0": 0.024489795918367346, "6.0": 0.0653061224489796, "7.0": 0.0653061224489796, "8.0": 0.11836734693877551, "9.0": 0.08163265306122448, "10.0": 0.22040816326530613, "11.0": 0.09387755102040816, "12.0": 0.09795918367346938, "13.0": 0.08571428571428572, "14.0": 0.053061224489795916, "15.0": 0.02857142857142857, "16.0": 0.02857142857142857, "4.0": 0.0163265306122449, "17.0": 0.004081632653061225, "20.0": 0.004081632653061225}, {"5.0": 0.03932584269662921, "6.0": 0.06741573033707865, "7.0": 0.11235955056179775, "8.0": 0.13764044943820225, "9.0": 0.20786516853932585, "10.0": 0.13202247191011235, "11.0": 0.08146067415730338, "15.0": 0.016853932584269662, "16.0": 0.016853932584269662, "1.0": 0.0056179775280898875, "2.0": 0.0056179775280898875, "3.0": 0.008426966292134831, "4.0": 0.02247191011235955, "12.0": 0.06179775280898876, "13.0": 0.03932584269662921, "14.0": 0.028089887640449437, "17.0": 0.014044943820224719, "18.0": 0.0028089887640449437}], "Share of total companies with given credit rating in each cluter": [{"1.0": 0.7777777777777778, "2.0": 0.4, "3.0": 0.42105263157894735, "4.0": 0.34375, "5.0": 0.42028985507246375, "6.0": 0.24175824175824176, "7.0": 0.22527472527472528, "8.0": 0.1890547263681592, "9.0": 0.21311475409836064, "10.0": 0.19889502762430938, "11.0": 0.17699115044247787, "12.0": 0.16279069767441862, "13.0": 0.21551724137931033, "14.0": 0.1588785046728972, "15.0": 0.23880597014925373, "16.0": 0.0028721876495931067, "17.0": 0.2692307692307692, "20.0": 0.3333333333333333}, {"2.0": 0.4666666666666667, "3.0": 0.05263157894736842, "4.0": 0.28125, "5.0": 0.11594202898550725, "6.0": 0.25274725274725274, "7.0": 0.4065934065934066, "8.0": 0.4129353233830846, "9.0": 0.45901639344262296, "10.0": 0.2265193370165746, "11.0": 0.336283185840708, "12.0": 0.4728682170542636, "13.0": 0.4827586206896552, "14.0": 0.616822429906542, "15.0": 0.5522388059701493, "16.0": 0.010531354715174725, "17.0": 0.5, "18.0": 0.75, "20.0": 0.3333333333333333}, {"3.0": 0.21052631578947367, "5.0": 0.17391304347826086, "6.0": 0.06593406593406594, "7.0": 0.06043956043956044, "8.0": 0.009950248756218905, "9.0": 0.019672131147540985, "10.0": 0.016574585635359115, "11.0": 0.02654867256637168, "16.0": 0.9803733843944471, "12.0": 0.007751937984496124, "14.0": 0.009345794392523364, "15.0": 0.014925373134328358}, {"3.0": 0.15789473684210525, "5.0": 0.08695652173913043, "6.0": 0.17582417582417584, "7.0": 0.08791208791208792, "8.0": 0.14427860696517414, "9.0": 0.06557377049180328, "10.0": 0.2983425414364641, "11.0": 0.20353982300884957, "12.0": 0.18604651162790697, "13.0": 0.1810344827586207, "14.0": 0.12149532710280374, "15.0": 0.1044776119402985, "16.0": 0.003350885591191958, "4.0": 0.125, "17.0": 0.038461538461538464, "20.0": 0.3333333333333333}, {"5.0": 0.2028985507246377, "6.0": 0.26373626373626374, "7.0": 0.21978021978021978, "8.0": 0.24378109452736318, "9.0": 0.24262295081967214, "10.0": 0.2596685082872928, "11.0": 0.25663716814159293, "15.0": 0.08955223880597014, "16.0": 0.0028721876495931067, "1.0": 0.2222222222222222, "2.0": 0.13333333333333333, "3.0": 0.15789473684210525, "4.0": 0.25, "12.0": 0.17054263565891473, "13.0": 0.1206896551724138, "14.0": 0.09345794392523364, "17.0": 0.19230769230769232, "18.0": 0.25}], "Cluster ranges": [19.0, 18.0, 13.0, 17.0, 17.0], "Cluster metrics of location and dispersion": [{"Mean": 9.069148936170214, "Median": 9.0, "1st Quartile": 7.0, "3rd Quartile": 11.0, "Standard Deviation": 3.5491241531416957, "Is Signficant": true}, {"Mean": 10.37628111273792, "Median": 9.0, "1st Quartile": 8.0, "3rd Quartile": 13.0, "Standard Deviation": 3.1826524095813986, "Is Signficant": true}, {"Mean": 15.789799809342231, "Median": 16.0, "1st Quartile": 16.0, "3rd Quartile": 16.0, "Standard Deviation": 1.4068302870592417, "Is Signficant": false}, {"Mean": 10.061224489795919, "Median": 10.0, "1st Quartile": 8.0, "3rd Quartile": 12.0, "Standard Deviation": 2.905365643259537, "Is Signficant": true}, {"Mean": 9.165730337078651, "Median": 9.0, "1st Quartile": 7.0, "3rd Quartile": 11.0, "Standard Deviation": 2.8635749589035444, "Is Signficant": false}], "Cluster entropies": [3.777254283560919, 3.542146167312002, 0.2342257391136619, 3.4955074308010268, 3.495956822875668], "Maximum entropy": 3.777254283560919, "Weighted average entropy": 1.711521818265954, "Incoherencies explanations": {"CLUSTER 0": {}, "CLUSTER 1": {}, "CLUSTER 2": {}, "CLUSTER 3": {"RATING 16.0": [{"0": {"Comparison": "Cluster elements in lowest 25%", "Credit Rating Statistics": {"Mean": -1.7252958779218097, "Median": -1.8035917400811083, "1st Quartile": -1.8035917400811083, "3rd Quartile": -1.8035917400811083, "Standard Deviation": 0.5820937373711169}, "Cluster Statistics": {"Mean": -1.8035917400811092, "Median": -1.8035917400811083, "1st Quartile": -1.8035917400811083, "3rd Quartile": -1.8035917400811083,