{"Algorithm Parameters": {"K": 12}, "Algorithm Performance": {"WCSS": 16246.122838556113, "Silhouette Score": 0.6958131158931974, "Calinski Harabasz Index": 1102.5168877823064}, "Clusters Content Analysis": {"Predictive Power": {"Global": {"Metrics": {"Class: Upgrade": {"Accuracy": 0.5555555555555556, "Precision": 0.6428571428571429, "Recall": 0.8333333333333334, "F1-Score": 0.7258064516129034}, "Class: Downgrade": {"Accuracy": 0.8, "Precision": 0.6428571428571429, "Recall": 0.5, "F1-Score": 0.5625000000000001}}, "Confusion Matrix": {"predicted_down_AND_was_down": 8, "predicted_up_AND_was_up": 10, "predicted_no_change_AND_was_no_change": 6, "predicted_down_BUT_was_up": 2, "predicted_down_BUT_was_no_change": 970, "predicted_no_change_BUT_was_up": 0, "predicted_no_change_BUT_was_down": 0, "predicted_up_BUT_was_down": 8, "predicted_up_BUT_was_no_change": 2754}}, "Restricted to jumps to or from below B-": {"Metrics": {"Class: Upgrade": "No element of this class", "Class: Downgrade": "No element of this class"}, "Confusion Matrix": {"predicted_down_AND_was_down": 0, "predicted_up_AND_was_up": 0, "predicted_no_change_AND_was_no_change": 6, "predicted_down_BUT_was_up": 0, "predicted_down_BUT_was_no_change": 980, "predicted_no_change_BUT_was_up": 0, "predicted_no_change_BUT_was_down": 0, "predicted_up_BUT_was_down": 0, "predicted_up_BUT_was_no_change": 2772}}}, "Share of total companies in each clusters": [0.12160723789249601, 0.24135178286322512, 0.5582756785524216, 0.0013304949441192123, 0.026077700904736562, 0.0015965939329430547, 0.03299627461415647, 0.015433741351782864, 0.00026609898882384245, 0.00026609898882384245, 0.00026609898882384245, 0.0005321979776476849, {"SUM": 0.9999999999999999}], "Clusters with significant ranges (count)": 8, "Significant Clusters (count)": 4, "Cluster Credit Ratings Shares": [{"1.0": 0.015317286652078774, "2.0": 0.01312910284463895, "3.0": 0.019693654266958426, "4.0": 0.02188183807439825, "5.0": 0.06564551422319474, "6.0": 0.05032822757111598, "7.0": 0.10940919037199125, "8.0": 0.0962800875273523, "9.0": 0.18161925601750548, "10.0": 0.1137855579868709, "11.0": 0.07658643326039387, "12.0": 0.05032822757111598, "13.0": 0.0525164113785558, "14.0": 0.0525164113785558, "15.0": 0.03938730853391685, "16.0": 0.015317286652078774, "17.0": 0.02188183807439825, "18.0": 0.002188183807439825, "20.0": 0.002188183807439825}, {"2.0": 0.008820286659316428, "3.0": 0.0011025358324145535, "4.0": 0.009922822491730982, "5.0": 0.016538037486218304, "6.0": 0.03528114663726571, "7.0": 0.10253583241455347, "8.0": 0.12899669239250275, "9.0": 0.20727673649393605, "10.0": 0.08158765159867695, "11.0": 0.06504961411245866, "12.0": 0.08710033076074973, "13.0": 0.07497243660418963, "14.0": 0.08269018743109151, "15.0": 0.04630650496141125, "16.0": 0.030871003307607496, "17.0": 0.016538037486218304, "18.0": 0.0033076074972436605, "20.0": 0.0011025358324145535}, {"3.0": 0.0014299332697807435, "5.0": 0.006196377502383222, "6.0": 0.002859866539561487, "7.0": 0.005243088655862726, "8.0": 0.0014299332697807435, "9.0": 0.0023832221163012394, "10.0": 0.0014299332697807435, "11.0": 0.0014299332697807435, "16.0": 0.9761677788369876, "12.0": 0.00047664442326024784, "13.0": 0.00047664442326024784, "15.0": 0.00047664442326024784}, {"3.0": 0.2, "4.0": 0.2, "5.0": 0.2, "6.0": 0.2, "15.0": 0.2}, {"4.0": 0.10204081632653061, "5.0": 0.08163265306122448, "6.0": 0.19387755102040816, "1.0": 0.01020408163265306, "3.0": 0.030612244897959183, "7.0": 0.19387755102040816, "8.0": 0.19387755102040816, "9.0": 0.11224489795918367, "10.0": 0.061224489795918366, "11.0": 0.02040816326530612}, {"5.0": 0.16666666666666666, "2.0": 0.16666666666666666, "4.0": 0.3333333333333333, "7.0": 0.16666666666666666, "8.0": 0.16666666666666666}, {"6.0": 0.08064516129032258, "7.0": 0.06451612903225806, "9.0": 0.0967741935483871, "10.0": 0.33064516129032256, "13.0": 0.056451612903225805, "15.0": 0.03225806451612903, "3.0": 0.008064516129032258, "5.0": 0.008064516129032258, "8.0": 0.12096774193548387, "11.0": 0.07258064516129033, "12.0": 0.04032258064516129, "14.0": 0.056451612903225805, "16.0": 0.03225806451612903}, {"9.0": 0.05172413793103448, "12.0": 0.3620689655172414, "13.0": 0.27586206896551724, "16.0": 0.034482758620689655, "17.0": 0.017241379310344827, "8.0": 0.034482758620689655, "10.0": 0.08620689655172414, "11.0": 0.08620689655172414, "14.0": 0.017241379310344827, "15.0": 0.017241379310344827, "20.0": 0.017241379310344827}, {"1.0": 1.0}, {"3.0": 1.0}, {"9.0": 1.0}, {"9.0": 1.0}], "Share of total companies with given credit rating in each cluter": [{"1.0": 0.7777777777777778, "2.0": 0.4, "3.0": 0.47368421052631576, "4.0": 0.3125, "5.0": 0.43478260869565216, "6.0": 0.25274725274725274, "7.0": 0.27472527472527475, "8.0": 0.21890547263681592, "9.0": 0.2721311475409836, "10.0": 0.287292817679558, "11.0": 0.30973451327433627, "12.0": 0.17829457364341086, "13.0": 0.20689655172413793, "14.0": 0.22429906542056074, "15.0": 0.26865671641791045, "16.0": 0.003350885591191958, "17.0": 0.38461538461538464, "18.0": 0.25, "20.0": 0.3333333333333333}, {"2.0": 0.5333333333333333, "3.0": 0.05263157894736842, "4.0": 0.28125, "5.0": 0.21739130434782608, "6.0": 0.3516483516483517, "7.0": 0.510989010989011, "8.0": 0.582089552238806, "9.0": 0.6163934426229508, "10.0": 0.4088397790055249, "11.0": 0.5221238938053098, "12.0": 0.6124031007751938, "13.0": 0.5862068965517241, "14.0": 0.7009345794392523, "15.0": 0.6268656716417911, "16.0": 0.013403542364767831, "17.0": 0.5769230769230769, "18.0": 0.75, "20.0": 0.3333333333333333}, {"3.0": 0.15789473684210525, "5.0": 0.18840579710144928, "6.0": 0.06593406593406594, "7.0": 0.06043956043956044, "8.0": 0.014925373134328358, "9.0": 0.01639344262295082, "10.0": 0.016574585635359115, "11.0": 0.02654867256637168, "16.0": 0.9803733843944471, "12.0": 0.007751937984496124, "13.0": 0.008620689655172414, "15.0": 0.014925373134328358}, {"3.0": 0.05263157894736842, "4.0": 0.03125, "5.0": 0.014492753623188406, "6.0": 0.01098901098901099, "15.0": 0.014925373134328358}, {"4.0": 0.3125, "5.0": 0.11594202898550725, "6.0": 0.2087912087912088, "1.0": 0.1111111111111111, "3.0": 0.15789473684210525, "7.0": 0.1043956043956044, "8.0": 0.0945273631840796, "9.0": 0.036065573770491806, "10.0": 0.03314917127071823, "11.0": 0.017699115044247787}, {"5.0": 0.014492753623188406, "2.0": 0.06666666666666667, "4.0": 0.0625, "7.0": 0.005494505494505495, "8.0": 0.004975124378109453}, {"6.0": 0.10989010989010989, "7.0": 0.04395604395604396, "9.0": 0.03934426229508197, "10.0": 0.2265193370165746, "13.0": 0.0603448275862069, "15.0": 0.05970149253731343, "3.0": 0.05263157894736842, "5.0": 0.014492753623188406, "8.0": 0.07462686567164178, "11.0": 0.07964601769911504, "12.0": 0.03875968992248062, "14.0": 0.06542056074766354, "16.0": 0.0019147917663954045}, {"9.0": 0.009836065573770493, "12.0": 0.16279069767441862, "13.0": 0.13793103448275862, "16.0": 0.0009573958831977022, "17.0": 0.038461538461538464, "8.0": 0.009950248756218905, "10.0": 0.027624309392265192, "11.0": 0.04424778761061947, "14.0": 0.009345794392523364, "15.0": 0.014925373134328358, "20.0": 0.3333333333333333}, {"1.0": 0.1111111111111111}, {"3.0": 0.05263157894736842}, {"9.0": 0.003278688524590164}, {"9.0": 0.006557377049180328}], "Cluster ranges": [19.0, 18.0, 13.0, 12.0, 10.0, 6.0, 13.0, 12.0, 0.0, 0.0, 0.0, 0.0], "Cluster metrics of location and dispersion": [{"Mean": 9.282275711159738, "Median": 9.0, "1st Quartile": 7.0, "3rd Quartile": 11.0, "Standard Deviation": 3.445920568285495, "Is Signficant": true}, {"Mean": 10.230429988974642, "Median": 9.0, "1st Quartile": 8.0, "3rd Quartile": 13.0, "Standard Deviation": 3.059289202004967, "Is Signficant": true}, {"Mean": 15.789799809342231, "Median": 16.0, "1st Quartile": 16.0, "3rd Quartile": 16.0, "Standard Deviation": 1.4020789609490265, "Is Signficant": false}, {"Mean": 6.6, "Median": 5.0, "1st Quartile": 4.0, "3rd Quartile": 6.0, "Standard Deviation": 4.31740662898458,