{"Algorithm Parameters": {"Eps": 0.1, "MinPts": 1, "K": 86}, "Algorithm Performance": {"Calinski Harabasz Index": 9.159453857524014e+30}, "Clusters Content Analysis": {"Predictive Power": {"Global": {"Metrics": {"Class: Upgrade": "No element of this class", "Class: Downgrade": "No element of this class"}, "Confusion Matrix": {"predicted_down_AND_was_down": 0, "predicted_up_AND_was_up": 0, "predicted_no_change_AND_was_no_change": 147, "predicted_down_BUT_was_up": 0, "predicted_down_BUT_was_no_change": 0, "predicted_no_change_BUT_was_up": 0, "predicted_no_change_BUT_was_down": 1, "predicted_up_BUT_was_down": 0, "predicted_up_BUT_was_no_change": 0}}, "Restricted to jumps to or from below B-": {"Metrics": {"Class: Upgrade": "No element of this class", "Class: Downgrade": "No element of this class"}, "Confusion Matrix": {"predicted_down_AND_was_down": 0, "predicted_up_AND_was_up": 0, "predicted_no_change_AND_was_no_change": 148, "predicted_down_BUT_was_up": 0, "predicted_down_BUT_was_no_change": 0, "predicted_no_change_BUT_was_up": 0, "predicted_no_change_BUT_was_down": 0, "predicted_up_BUT_was_down": 0, "predicted_up_BUT_was_no_change": 0}}}, "Share of total companies in each clusters": [0.006756756756756757, 0.006756756756756757, 0.006756756756756757, 0.006756756756756757, 0.006756756756756757, 0.006756756756756757, 0.006756756756756757, 0.006756756756756757, 0.006756756756756757, 0.006756756756756757, 0.006756756756756757, 0.006756756756756757, 0.006756756756756757, 0.006756756756756757, 0.006756756756756757, 0.006756756756756757, 0.006756756756756757, 0.006756756756756757, 0.006756756756756757, 0.006756756756756757, 0.006756756756756757, 0.006756756756756757, 0.006756756756756757, 0.006756756756756757, 0.006756756756756757, 0.006756756756756757, 0.006756756756756757, 0.006756756756756757, 0.006756756756756757, 0.006756756756756757, 0.006756756756756757, 0.006756756756756757, 0.006756756756756757, 0.006756756756756757, 0.006756756756756757, 0.006756756756756757, 0.21621621621621623, 0.006756756756756757, 0.006756756756756757, 0.006756756756756757, 0.006756756756756757, 0.006756756756756757, 0.006756756756756757, 0.006756756756756757, 0.006756756756756757, 0.006756756756756757, 0.006756756756756757, 0.21621621621621623, 0.006756756756756757, 0.006756756756756757, 0.006756756756756757, 0.006756756756756757, 0.006756756756756757, 0.006756756756756757, 0.006756756756756757, 0.006756756756756757, 0.006756756756756757, 0.006756756756756757, 0.006756756756756757, 0.006756756756756757, 0.006756756756756757, 0.006756756756756757, 0.006756756756756757, 0.006756756756756757, 0.006756756756756757, 0.006756756756756757, 0.006756756756756757, 0.006756756756756757, 0.006756756756756757, 0.006756756756756757, 0.006756756756756757, 0.006756756756756757, 0.006756756756756757, 0.006756756756756757, 0.006756756756756757, 0.006756756756756757, 0.006756756756756757, 0.006756756756756757, 0.006756756756756757, 0.006756756756756757, 0.006756756756756757, 0.006756756756756757, 0.006756756756756757, 0.006756756756756757, 0.006756756756756757, 0.006756756756756757, {"SUM": 1.0000000000000013}], "Clusters with significant ranges (count)": 0, "Significant Clusters (count)": 0, "Cluster Credit Ratings Shares": [{"AA-": 1.0}, {"A-": 1.0}, {"BBB+": 1.0}, {"BBB": 1.0}, {"BBB-": 1.0}, {"BB": 1.0}, {"B": 1.0}, {"B": 1.0}, {"AA-": 1.0}, {"AA-": 1.0}, {"AA-": 1.0}, {"A+": 1.0}, {"A+": 1.0}, {"A+": 1.0}, {"A": 1.0}, {"A": 1.0}, {"A": 1.0}, {"A": 1.0}, {"A-": 1.0}, {"A-": 1.0}, {"A-": 1.0}, {"A-": 1.0}, {"A-": 1.0}, {"A-": 1.0}, {"A-": 1.0}, {"BBB+": 1.0}, {"BBB+": 1.0}, {"BBB+": 1.0}, {"BBB+": 1.0}, {"BBB+": 1.0}, {"BBB+": 1.0}, {"BBB+": 1.0}, {"BBB+": 1.0}, {"BBB": 1.0}, {"BBB": 1.0}, {"BBB": 1.0}, {"BBB": 1.0}, {"BBB": 1.0}, {"BBB": 1.0}, {"BBB": 1.0}, {"BBB": 1.0}, {"BBB": 1.0}, {"BBB": 1.0}, {"BBB": 1.0}, {"BBB": 1.0}, {"BBB": 1.0}, {"BBB": 1.0}, {"BBB": 1.0}, {"BBB": 1.0}, {"BBB": 1.0}, {"BBB": 1.0}, {"BBB-": 1.0}, {"BBB-": 1.0}, {"BBB-": 1.0}, {"BBB-": 1.0}, {"BBB-": 1.0}, {"BBB-": 1.0}, {"BBB-": 1.0}, {"BBB-": 1.0}, {"BB+": 1.0}, {"BB+": 1.0}, {"BB+": 1.0}, {"BB+": 1.0}, {"BB+": 1.0}, {"BB+": 1.0}, {"BB": 1.0}, {"BB": 1.0}, {"BB": 1.0}, {"BB": 1.0}, {"BB": 1.0}, {"BB": 1.0}, {"BB-": 1.0}, {"BB-": 1.0}, {"BB-": 1.0}, {"BB-": 1.0}, {"BB-": 1.0}, {"B+": 1.0}, {"B+": 1.0}, {"B+": 1.0}, {"B": 1.0}, {"B": 1.0}, {"B": 1.0}, {"B": 1.0}, {"B-": 1.0}, {"CCC": 1.0}, {"CC": 1.0}], "Share of total companies with given credit rating in each cluter": [{"AA-": 0.25}, {"A-": 0.125}, {"BBB+": 0.1111111111111111}, {"BBB": 0.012345679012345678}, {"BBB-": 0.1111111111111111}, {"BB": 0.14285714285714285}, {"B": 0.16666666666666666}, {"B": 0.16666666666666666}, {"AA-": 0.25}, {"AA-": 0.25}, {"AA-": 0.25}, {"A+": 0.3333333333333333}, {"A+": 0.3333333333333333}, {"A+": 0.3333333333333333}, {"A": 0.25}, {"A": 0.25}, {"A": 0.25}, {"A": 0.25}, {"A-": 0.125}, {"A-": 0.125}, {"A-": 0.125}, {"A-": 0.125}, {"A-": 0.125}, {"A-": 0.125}, {"A-": 0.125}, {"BBB+": 0.1111111111111111}, {"BBB+": 0.1111111111111111}, {"BBB+": 0.1111111111111111}, {"BBB+": 0.1111111111111111}, {"BBB+": 0.1111111111111111}, {"BBB+": 0.1111111111111111}, {"BBB+": 0.1111111111111111}, {"BBB+": 0.1111111111111111}, {"BBB": 0.012345679012345678}, {"BBB": 0.012345679012345678}, {"BBB": 0.012345679012345678}, {"BBB": 0.3950617283950617}, {"BBB": 0.012345679012345678}, {"BBB": 0.012345679012345678}, {"BBB": 0.012345679012345678}, {"BBB": 0.012345679012345678}, {"BBB": 0.012345679012345678}, {"BBB": 0.012345679012345678}, {"BBB": 0.012345679012345678}, {"BBB": 0.012345679012345678}, {"BBB": 0.012345679012345678}, {"BBB": 0.012345679012345678}, {"BBB": 0.3950617283950617}, {"BBB": 0.012345679012345678}, {"BBB": 0.012345679012345678}, {"BBB": 0.012345679012345678}, {"BBB-": 0.1111111111111111}, {"BBB-": 0.1111111111111111}, {"BBB-": 0.1111111111111111}, {"BBB-": 0.1111111111111111}, {"BBB-": 0.1111111111111111}, {"BBB-": 0.1111111111111111}, {"BBB-": 0.1111111111111111}, {"BBB-": 0.1111111111111111}, {"BB+": 0.16666666666666666}, {"BB+": 0.16666666666666666}, {"BB+": 0.16666666666666666}, {"BB+": 0.16666666666666666}, {"BB+": 0.16666666666666666}, {"BB+": 0.16666666666666666}, {"BB": 0.14285714285714285}, {"BB": 0.14285714285714285}, {"BB": 0.14285714285714285}, {"BB": 0.14285714285714285}, {"BB": 0.14285714285714285}, {"BB": 0.14285714285714285}, {"BB-": 0.2}, {"BB-": 0.2}, {"BB-": 0.2}, {"BB-": 0.2}, {"BB-": 0.2}, {"B+": 0.3333333333333333}, {"B+": 0.3333333333333333}, {"B+": 0.3333333333333333}, {"B": 0.16666666666666666}, {"B": 0.16666666666666666}, {"B": 0.16666666666666666}, {"B": 0.16666666666666666}, {"B-": 1.0}, {"CCC": 1.0}, {"CC": 1.0}], "Cluster ranges": [0.0, 0.0, 0.0, 0.0, 0.0, 0.0, 0.0, 0.0, 0.0, 0.0, 0.0, 0.0, 0.0, 0.0, 0.0, 0.0, 0.0, 0.0, 0.0, 0.0, 0.0, 0.0, 0.0, 0.0, 0.0, 0.0, 0.0, 0.0, 0.0, 0.0, 0.0, 0.0, 0.0, 0.0, 0.0, 0.0, 0.0, 0.0, 0.0, 0.0, 0.0, 0.0, 0.0, 0.0, 0.0, 0.0, 0.0, 0.0, 0.0, 0.0, 0.0, 0.0, 0.0, 0.0, 0.0, 0.0, 0.0, 0.0, 0.0, 0.0, 0.0, 0.0, 0.0, 0.0, 0.0, 0.0, 0.0, 0.0, 0.0, 0.0, 0.0, 0.0, 0.0, 0.0, 0.0, 0.0, 0.0, 0.0, 0.0, 0.0, 0.0, 0.0, 0.0, 0.0, 0.0, 0.0], "Cluster metrics of location and dispersion": [{"Mean": 4.0, "Median": 4.0, "1st Quartile": 4.0, "3rd Quartile": 4.0, "Standard Deviation": 0.0, "Is Signficant": false}, {"Mean": 7.0, "Median": 7.0, "1st Quartile": 7.0, "3rd Quartile": 7.0, "Standard Deviation": 0.0, "Is Signficant": false}, {"Mean": 8.0, "Median": 8.0, "1st Quartile": 8.0, "3rd Quartile": 8.0, "Standard Deviation": 0.0, "Is Signficant": false}, {"Mean": 9.0, "Median": 9.0, "1st Quartile": 9.0, "3rd Quartile": 9.0, "Standard Deviation": 0.0, "Is Signficant": false}, {"Mean": 10.0, "Median": 10.0, "1st Quartile": 10.0, "3rd Quartile": 10.0, "Standard Deviation": 0.0, "Is Signficant": false}, {"Mean": 12.0, "Median": 12.0, "1st Quartile": 12.0, "3rd Quartile": 12.0, "Standard Deviation": 0.0, "Is Signficant": false}, {"Mean": 15.0, "Median": 15.0, "1st Quartile": 15.0, "3rd Quartile": 15.0,