{
  "Algorithm Parameters": {
    "Eps": 2.1,
    "MinPts": 1,
    "K": 46
  },
  "Algorithm Performance": {
    "Calinski Harabasz Index": 18.214
  },
  "Clusters Content Analysis": {
    "Predictive Power": {
      "Global": {
        "Metrics": {
          "Class: Upgrade": "No element of this class",
          "Class: Downgrade": "No element of this class"
        },
        "Confusion Matrix": {
          "predicted_down_AND_was_down": 0,
          "predicted_up_AND_was_up": 0,
          "predicted_no_change_AND_was_no_change": 45,
          "predicted_down_BUT_was_up": 0,
          "predicted_down_BUT_was_no_change": 1,
          "predicted_no_change_BUT_was_up": 0,
          "predicted_no_change_BUT_was_down": 0,
          "predicted_up_BUT_was_down": 0,
          "predicted_up_BUT_was_no_change": 1
        }
      },
      "Restricted to jumps to or from below B-": {
        "Metrics": {
          "Class: Upgrade": "No element of this class",
          "Class: Downgrade": "No element of this class"
        },
        "Confusion Matrix": {
          "predicted_down_AND_was_down": 0,
          "predicted_up_AND_was_up": 0,
          "predicted_no_change_AND_was_no_change": 45,
          "predicted_down_BUT_was_up": 0,
          "predicted_down_BUT_was_no_change": 1,
          "predicted_no_change_BUT_was_up": 0,
          "predicted_no_change_BUT_was_down": 0,
          "predicted_up_BUT_was_down": 0,
          "predicted_up_BUT_was_no_change": 1
        }
      }
    },
    "Share of total companies in each clusters": [
      0.02127659574468085,
      0.02127659574468085,
      0.02127659574468085,
      0.02127659574468085,
      0.02127659574468085,
      0.02127659574468085,
      0.02127659574468085,
      0.02127659574468085,
      0.02127659574468085,
      0.02127659574468085,
      0.02127659574468085,
      0.02127659574468085,
      0.02127659574468085,
      0.02127659574468085,
      0.02127659574468085,
      0.02127659574468085,
      0.02127659574468085,
      0.02127659574468085,
      0.02127659574468085,
      0.02127659574468085,
      0.0425531914893617,
      0.02127659574468085,
      0.02127659574468085,
      0.02127659574468085,
      0.02127659574468085,
      0.02127659574468085,
      0.02127659574468085,
      0.02127659574468085,
      0.02127659574468085,
      0.02127659574468085,
      0.02127659574468085,
      0.02127659574468085,
      0.02127659574468085,
      0.02127659574468085,
      0.02127659574468085,
      0.02127659574468085,
      0.02127659574468085,
      0.02127659574468085,
      0.02127659574468085,
      0.02127659574468085,
      0.02127659574468085,
      0.02127659574468085,
      0.02127659574468085,
      0.02127659574468085,
      0.02127659574468085,
      0.02127659574468085,
      {
        "SUM": 1.0000000000000004
      }
    ],
    "Clusters with significant ranges (count)": 0,
    "Significant Clusters (count)": 0,
    "Cluster Credit Ratings Shares": [
      {
        "AA-": 1
      },
      {
        "AA-": 1
      },
      {
        "AA-": 1
      },
      {
        "A+": 1
      },
      {
        "A+": 1
      },
      {
        "A": 1
      },
      {
        "A": 1
      },
      {
        "A": 1
      },
      {
        "A": 1
      },
      {
        "A-": 1
      },
      {
        "A-": 1
      },
      {
        "A-": 1
      },
      {
        "BBB+": 1
      },
      {
        "BBB+": 1
      },
      {
        "BBB+": 1
      },
      {
        "BBB+": 1
      },
      {
        "BBB+": 1
      },
      {
        "BBB+": 1
      },
      {
        "BBB+": 1
      },
      {
        "BBB": 1
      },
      {
        "BBB": 0.5,
        "BBB-": 0.5
      },
      {
        "BBB": 1
      },
      {
        "BBB": 1
      },
      {
        "BBB": 1
      },
      {
        "BBB": 1
      },
      {
        "BBB": 1
      },
      {
        "BBB": 1
      },
      {
        "BBB": 1
      },
      {
        "BBB": 1
      },
      {
        "BBB": 1
      },
      {
        "BBB": 1
      },
      {
        "BBB": 1
      },
      {
        "BBB": 1
      },
      {
        "BBB-": 1
      },
      {
        "BBB-": 1
      },
      {
        "BBB-": 1
      },
      {
        "BBB-": 1
      },
      {
        "BBB-": 1
      },
      {
        "BB+": 1
      },
      {
        "BB+": 1
      },
      {
        "BB": 1
      },
      {
        "BB": 1
      },
      {
        "BB": 1
      },
      {
        "BB-": 1
      },
      {
        "B": 1
      },
      {
        "B": 1
      }
    ],
    "Share of total companies with given credit rating in each cluter": [
      {
        "AA-": 0.3333333333333333
      },
      {
        "AA-": 0.3333333333333333
      },
      {
        "AA-": 0.3333333333333333
      },
      {
        "A+": 0.5
      },
      {
        "A+": 0.5
      },
      {
        "A": 0.25
      },
      {
        "A": 0.25
      },
      {
        "A": 0.25
      },
      {
        "A": 0.25
      },
      {
        "A-": 0.3333333333333333
      },
      {
        "A-": 0.3333333333333333
      },
      {
        "A-": 0.3333333333333333
      },
      {
        "BBB+": 0.14285714285714285
      },
      {
        "BBB+": 0.14285714285714285
      },
      {
        "BBB+": 0.14285714285714285
      },
      {
        "BBB+": 0.14285714285714285
      },
      {
        "BBB+": 0.14285714285714285
      },
      {
        "BBB+": 0.14285714285714285
      },
      {
        "BBB+": 0.14285714285714285
      },
      {
        "BBB": 0.07142857142857142
      },
      {
        "BBB": 0.07142857142857142,
        "BBB-": 0.16666666666666666
      },
      {
        "BBB": 0.07142857142857142
      },
      {
        "BBB": 0.07142857142857142
      },
      {
        "BBB": 0.07142857142857142
      },
      {
        "BBB": 0.07142857142857142
      },
      {
        "BBB": 0.07142857142857142
      },
      {
        "BBB": 0.07142857142857142
      },
      {
        "BBB": 0.07142857142857142
      },
      {
        "BBB": 0.07142857142857142
      },
      {
        "BBB": 0.07142857142857142
      },
      {
        "BBB": 0.07142857142857142
      },
      {
        "BBB": 0.07142857142857142
      },
      {
        "BBB": 0.07142857142857142
      },
      {
        "BBB-": 0.16666666666666666
      },
      {
        "BBB-": 0.16666666666666666
      },
      {
        "BBB-": 0.16666666666666666
      },
      {
        "BBB-": 0.16666666666666666
      },
      {
        "BBB-": 0.16666666666666666
      },
      {
        "BB+": 0.5
      },
      {
        "BB+": 0.5
      },
      {
        "BB": 0.3333333333333333
      },
      {
        "BB": 0.3333333333333333
      },
      {
        "BB": 0.3333333333333333
      },
      {
        "BB-": 1
      },
      {
        "B": 0.5
      },
      {
        "B": 0.5
      }
    ],
    "Cluster ranges": [
      0,
      0,
      0,
      0,
      0,
      0,
      0,
      0,
      0,
      0,
      0,
      0,
      0,
      0,
      0,
      0,
      0,
      0,
      0,
      0,
      1,
      0,
      0,
      0,
      0,
      0,
      0,
      0,
      0,
      0,
      0,
      0,
      0,
      0,
      0,
      0,
      0,
      0,
      0,
      0,
      0,
      0,
      0,
      0,
      0,
      0
    ],
    "Cluster metrics of location and dispersion": [
      {
        "Mean": 4,
        "Median": 4,
        "1st Quartile": 4,
        "3rd Quartile": 4,
        "Standard Deviation": 0,
        "Is Signficant": false
      },
      {
        "Mean": 4,
        "Median": 4,
        "1st Quartile": 4,
        "3rd Quartile": 4,
        "Standard Deviation": 0,
        "Is Signficant": false
      },
      {
        "Mean": 4,
        "Median": 4,
        "1st Quartile": 4,
        "3rd Quartile": 4,
        "Standard Deviation": 0,
        "Is Signficant": false
      },
      {
        "Mean": 5,
        "Median": 5,
        "1st Quartile": 5,