{"Algorithm Parameters": {"C": 15}, "Algorithm Performance": {"WCSS": 1747.3195311734944, "Silhouette Score": 0.01290705286439292, "Calinski Harabasz Index": 4.531127088956806}, "Clusters Content Analysis": {"Predictive Power": {"Global": {"Metrics": {"Class: Upgrade": "No element of this class", "Class: Downgrade": "No element of this class"}, "Confusion Matrix": {"predicted_down_AND_was_down": 0, "predicted_up_AND_was_up": 0, "predicted_no_change_AND_was_no_change": 0, "predicted_down_BUT_was_up": 0, "predicted_down_BUT_was_no_change": 19, "predicted_no_change_BUT_was_up": 0, "predicted_no_change_BUT_was_down": 0, "predicted_up_BUT_was_down": 0, "predicted_up_BUT_was_no_change": 28}}, "Restricted to jumps to or from below B-": {"Metrics": {"Class: Upgrade": "No element of this class", "Class: Downgrade": "No element of this class"}, "Confusion Matrix": {"predicted_down_AND_was_down": 0, "predicted_up_AND_was_up": 0, "predicted_no_change_AND_was_no_change": 0, "predicted_down_BUT_was_up": 0, "predicted_down_BUT_was_no_change": 19, "predicted_no_change_BUT_was_up": 0, "predicted_no_change_BUT_was_down": 0, "predicted_up_BUT_was_down": 0, "predicted_up_BUT_was_no_change": 28}}}, "Share of total companies in each clusters": [0.48936170212765956, 0.5106382978723404, {"SUM": 1.0}], "Clusters with significant ranges (count)": 2, "Significant Clusters (count)": 0, "Cluster Credit Ratings Shares": [{"AA-": 0.13043478260869565, "A+": 0.043478260869565216, "A": 0.043478260869565216, "A-": 0.043478260869565216, "BBB+": 0.17391304347826086, "BBB": 0.34782608695652173, "BBB-": 0.08695652173913043, "BB+": 0.043478260869565216, "B": 0.08695652173913043}, {"A+": 0.041666666666666664, "A": 0.125, "A-": 0.08333333333333333, "BBB+": 0.125, "BBB": 0.25, "BBB-": 0.16666666666666666, "BB+": 0.041666666666666664, "BB": 0.125, "BB-": 0.041666666666666664}], "Share of total companies with given credit rating in each cluter": [{"AA-": 1.0, "A+": 0.5, "A": 0.25, "A-": 0.3333333333333333, "BBB+": 0.5714285714285714, "BBB": 0.5714285714285714, "BBB-": 0.3333333333333333, "BB+": 0.5, "B": 1.0}, {"A+": 0.5, "A": 0.75, "A-": 0.6666666666666666, "BBB+": 0.42857142857142855, "BBB": 0.42857142857142855, "BBB-": 0.6666666666666666, "BB+": 0.5, "BB": 1.0, "BB-": 1.0}], "Cluster ranges": [11.0, 8.0], "Cluster metrics of location and dispersion": [{"Mean": 8.478260869565217, "Median": 9.0, "1st Quartile": 7.5, "3rd Quartile": 9.0, "Standard Deviation": 2.7954865053353926, "Is Signficant": false}, {"Mean": 8.958333333333334, "Median": 9.0, "1st Quartile": 7.75, "3rd Quartile": 10.0, "Standard Deviation": 2.0912350152216006, "Is Signficant": false}], "Cluster entropies": [2.751610325528167, 2.9276942711037672], "Maximum entropy": 2.9276942711037672, "Weighted average entropy": 2.841525531779537, "Incoherencies explanations": {"CLUSTER 0": {"RATING BBB": [{"0": {"Comparison": "Cluster elements in highest 75%", "Credit Rating Statistics": {"Mean": -1.1239753216428139, "Median": -1.2227377855179582, "1st Quartile": -2.5763139022688666, "3rd Quartile": 0.4008407482149179, "Standard Deviation": 1.8592650556643497}, "Cluster Statistics": {"Mean": 0.46060388742273983, "Median": 0.6415643066512335, "1st Quartile": -0.27789897784192547, "3rd Quartile": 1.0817509950248092, "Standard Deviation": 1.068327808288088}}}, {"1": {"Comparison": "Cluster elements in lower half", "Credit Rating Statistics": {"Mean": 0.29709620415568677, "Median": 0.14920944352030144, "1st Quartile": -0.12221967515368928, "3rd Quartile": 0.6198763811569991, "Standard Deviation": 0.886747903450593}, "Cluster Statistics": {"Mean": -0.08147357896526937, "Median": -0.03328366247936166, "1st Quartile": -0.4775160587492555, "3rd Quartile": 0.2623617319247707, "Standard Deviation": 0.8070802264729834}}}, {"2": {"Comparison": "Cluster elements in highest 75%", "Credit Rating Statistics": {"Mean": 0.12486904240358375, "Median": 0.4254642116160071, "1st Quartile": -1.641015605305509, "3rd Quartile": 1.51347060031828, "Standard Deviation": 2.358344626614966}, "Cluster Statistics": {"Mean": 1.8438410775561074, "Median": 1.4068277375812288, "1st Quartile": 1.0895464183267283, "3rd Quartile": 2.5062929366791105, "Standard Deviation": 1.1463873767589472}}}, {"3": {"Comparison": "Cluster elements in lower half", "Credit Rating Statistics": {"Mean": -0.17972653079642256, "Median": -0.6113193456393964, "1st Quartile": -1.358958700912411, "3rd Quartile": 0.7518688622208228, "Standard Deviation": 1.3464642898390373}, "Cluster Statistics": {"Mean": -1.2807810253081773, "Median": -1.3952862354464357, "1st Quartile": -1.51484038862457, "3rd Quartile": -1.0608048132746062, "Standard Deviation": 0.36507189706990073}}}, {"4": {"Comparison": "Cluster elements in lower half", "Credit Rating Statistics": {"Mean": 0.387245145271038, "Median": 0.21529912523268674, "1st Quartile": -0.8698675719414027, "3rd Quartile": 1.4487589420758018, "Standard Deviation": 1.6156827336964064}, "Cluster Statistics": {"Mean": -0.7295498107439942, "Median": -0.8096558263718852, "1st Quartile": -1.3523456765141915, "3rd Quartile": -0.433855208533908, "Standard Deviation": 1.0881907342234838}}}]}, "CLUSTER 1": {"RATING BBB": [{"0": {"Comparison": "Cluster elements in lower half", "Credit Rating Statistics": {"Mean": -1.1239753216428139, "Median": -1.2227377855179582, "1st Quartile": -2.5763139022688666, "3rd Quartile": 0.4008407482149179, "Standard Deviation": 1.8592650556643497}, "Cluster Statistics": {"Mean": -2.312409728441979, "Median": -2.43963446062351, "1st Quartile": -3.0812578696785664, "3rd Quartile": -1.8342499259696383, "Standard Deviation": 1.3776713819115423}}}, {"1": {"Comparison": "Cluster elements in upper half", "Credit Rating Statistics": {"Mean": 0.29709620415568677, "Median": 0.14920944352030144, "1st Quartile": -0.12221967515368928, "3rd Quartile": 0.6198763811569991, "Standard Deviation": 0.886747903450593}, "Cluster Statistics": {"Mean": 0.5810235414964039, "Median": 0.2976702259336605, "1st Quartile": 0.10244166629697432, "3rd Quartile": 0.9087567459902105, "Standard Deviation": 0.8363183096753306}}}, {"2": {"Comparison": "Cluster elements in lower half", "Credit Rating Statistics": {"Mean": 0.12486904240358375, "Median": 0.4254642116160071, "1st Quartile": -1.641015605305509, "3rd Quartile": 1.51347060031828, "Standard Deviation": 2.358344626614966}, "Cluster Statistics": {"Mean": -1.164359983960809, "Median": -1.6288078781355795, "1st Quartile": -2.5281702018139516, "3rd Quartile": -0.6196979071249153, "Standard Deviation": 2.2066305246811178}}}, {"3": {"Comparison": "Cluster elements in upper half", "Credit Rating Statistics": {"Mean": -0.17972653079642256, "Median": -0.6113193456393964, "1st Quartile": -1.358958700912411, "3rd Quartile": 0.7518688622208228, "Standard Deviation": 1.3464642898390373}, "Cluster Statistics": {"Mean": 0.6460643400873936, "Median": 0.6334498320084976, "1st Quartile": -0.24093750228291205, "3rd Quartile": 1.7137967570147885, "Standard Deviation": 1.2171939930838613}}}, {"4": {"Comparison": "Cluster elements in upper half", "Credit Rating Statistics": {"Mean": 0.387245145271038, "Median": 0.21529912523268674, "1st Quartile": -0.8698675719414027, "3rd Quartile": 1.4487589420758018, "Standard Deviation": 1.6156827336964064}, "Cluster Statistics": {"Mean": 1.2248413622823122, "Median": 1.3794345519534659, "1st Quartile": 0.42968017982563494, "3rd Quartile": 1.9224648622647347, "Standard Deviation": 1.4293857979264268}}}]}}}}