{"Algorithm Parameters": {"Threshold Value": 0.1, "Braching Factor": 7, "K": 2}, "Algorithm Performance": {"Calinski Harabasz Index": 1023.6977030616166}, "Clusters Content Analysis": {"Predictive Power": {"Metrics": {"Class: Upgrade": {"Accuracy": 0.6666666666666666, "Precision": 0.8, "Recall": 1.0, "F1-Score": 0.888888888888889}, "Class: Downgrade": {"Accuracy": 1.0, "Precision": 0.8, "Recall": 0.6666666666666666, "F1-Score": 0.7272727272727272}}, "Confusion Matrix": {"predicted_down_AND_was_down": 10, "predicted_up_AND_was_up": 10, "predicted_no_change_AND_was_no_change": 0, "predicted_down_BUT_was_up": 0, "predicted_down_BUT_was_no_change": 758, "predicted_no_change_BUT_was_up": 0, "predicted_no_change_BUT_was_down": 0, "predicted_up_BUT_was_down": 5, "predicted_up_BUT_was_no_change": 658}}, "Share of total companies in each clusters": [0.5197779319916724, 0.48022206800832756, {"SUM": 1.0}], "Clusters with significant ranges (count)": 2, "Significant Clusters (count)": 2, "Cluster Credit Ratings Shares": [{"1.0": 0.0026702269692923898, "2.0": 0.004005340453938585, "3.0": 0.00801068090787717, "4.0": 0.012016021361815754, "5.0": 0.030707610146862484, "6.0": 0.049399198931909215, "7.0": 0.1054739652870494, "8.0": 0.12283044058744993, "9.0": 0.20026702269692923, "10.0": 0.056074766355140186, "11.0": 0.05874499332443257, "12.0": 0.07209612817089453, "13.0": 0.08544726301735647, "14.0": 0.0787716955941255, "15.0": 0.05740987983978638, "16.0": 0.0267022696929239, "17.0": 0.02403204272363151, "18.0": 0.0026702269692923898, "20.0": 0.0026702269692923898}, {"2.0": 0.005780346820809248, "3.0": 0.008670520231213872, "4.0": 0.015895953757225433, "5.0": 0.02167630057803468, "6.0": 0.04190751445086705, "7.0": 0.0968208092485549, "8.0": 0.11416184971098266, "9.0": 0.16184971098265896, "10.0": 0.17196531791907516, "11.0": 0.08092485549132948, "13.0": 0.05202312138728324, "14.0": 0.06069364161849711, "15.0": 0.028901734104046242, "16.0": 0.02023121387283237, "17.0": 0.02167630057803468, "1.0": 0.002890173410404624, "12.0": 0.09104046242774566, "18.0": 0.001445086705202312, "20.0": 0.001445086705202312}], "Share of total companies with given credit rating in each cluter": [{"1.0": 0.5, "2.0": 0.42857142857142855, "3.0": 0.5, "4.0": 0.45, "5.0": 0.6052631578947368, "6.0": 0.5606060606060606, "7.0": 0.541095890410959, "8.0": 0.5380116959064327, "9.0": 0.5725190839694656, "10.0": 0.2608695652173913, "11.0": 0.44, "12.0": 0.46153846153846156, "13.0": 0.64, "14.0": 0.5841584158415841, "15.0": 0.6825396825396826, "16.0": 0.5882352941176471, "17.0": 0.5454545454545454, "18.0": 0.6666666666666666, "20.0": 0.6666666666666666}, {"2.0": 0.5714285714285714, "3.0": 0.5, "4.0": 0.55, "5.0": 0.39473684210526316, "6.0": 0.4393939393939394, "7.0": 0.4589041095890411, "8.0": 0.4619883040935672, "9.0": 0.42748091603053434, "10.0": 0.7391304347826086, "11.0": 0.56, "13.0": 0.36, "14.0": 0.4158415841584158, "15.0": 0.31746031746031744, "16.0": 0.4117647058823529, "17.0": 0.45454545454545453, "1.0": 0.5, "12.0": 0.5384615384615384, "18.0": 0.3333333333333333, "20.0": 0.3333333333333333}], "Cluster ranges": [19.0, 19.0], "Cluster metrics of location and dispersion": [{"Mean": 10.14018691588785, "Median": 9.0, "1st Quartile": 8.0, "3rd Quartile": 13.0, "Standard Deviation": 3.2962900159018593, "Is Signficant": true}, {"Mean": 9.920520231213873, "Median": 10.0, "1st Quartile": 8.0, "3rd Quartile": 12.0, "Standard Deviation": 2.9885689281042196, "Is Signficant": true}], "Cluster entropies": [3.624344399705085, 3.563093425703262], "Maximum entropy": 3.624344399705085, "Weighted average entropy": 3.594930330302405, "Incoherencies explanations": {"CLUSTER 0": {"RATING 9.0": [{"Leverage": {"Comparison": "Cluster elements in lower half", "Credit Rating Statistics": {"Mean": 0.25169815833535986, "Median": 0.2490076693324504, "1st Quartile": 0.24330347798240695, "3rd Quartile": 0.25961774542178745, "Standard Deviation": 0.02364411030024832}, "Cluster Statistics": {"Mean": 0.2458814952284889, "Median": 0.2466139888734929, "1st Quartile": 0.23909703687184725, "3rd Quartile": 0.25577895243078114, "Standard Deviation": 0.026021094168344458}}}, {"Profitability": {"Comparison": "Cluster elements in lower half", "Credit Rating Statistics": {"Mean": 0.3342437171445587, "Median": 0.33222168006847685, "1st Quartile": 0.32174168415919396, "3rd Quartile": 0.3413517259106255, "Standard Deviation": 0.020803535802163375}, "Cluster Statistics": {"Mean": 0.32958315093819246, "Median": 0.33019698931799807, "1st Quartile": 0.31907688471390466, "3rd Quartile": 0.3411669498589711, "Standard Deviation": 0.021755562707997365}}}, {"Industry Risk": {"Comparison": "Cluster elements in upper half", "Credit Rating Statistics": {"Mean": 0.08848022206800833, "Median": 0.09090909090909091, "1st Quartile": 0.0, "3rd Quartile": 0.13636363636363635, "Standard Deviation": 0.07232125062879284}, "Cluster Statistics": {"Mean": 0.10389610389610386, "Median": 0.09090909090909091, "1st Quartile": 0.09090909090909091, "3rd Quartile": 0.13636363636363635, "Standard Deviation": 0.06748249899619002}}}, {"Country Diversification": {"Comparison": "Cluster elements in upper half", "Credit Rating Statistics": {"Mean": 0.18364745750443698, "Median": 0.027304066680712002, "1st Quartile": 0.0, "3rd Quartile": 0.3588847020645614, "Standard Deviation": 0.22182692516108063}, "Cluster Statistics": {"Mean": 0.3367801627592511, "Median": 0.33764242456071214, "1st Quartile": 0.18845070547610682, "3rd Quartile": 0.4704249979314516, "Standard Deviation": 0.20006865685269212}}}, {"Industry Diversification": {"Comparison": "Cluster elements in highest 75%", "Credit Rating Statistics": {"Mean": 0.1955719491487176, "Median": 0.04268524574927941, "1st Quartile": 0.0, "3rd Quartile": 0.38787693916713917, "Standard Deviation": 0.22330291810961125}, "Cluster Statistics": {"Mean": 0.417137198282481, "Median": 0.44032352973105954, "1st Quartile": 0.2821671443474564, "3rd Quartile": 0.510853963616197, "Standard Deviation": 0.14670540751999406}}}], "RATING 10.0": [{"Profitability": {"Comparison": "Cluster elements in upper half", "Credit Rating Statistics": {"Mean": 0.3356164165084526, "Median": 0.33128774306982123, "1st Quartile": 0.3245472969882059, "3rd Quartile": 0.34144496123040713, "Standard Deviation": 0.023359657654134867}, "Cluster Statistics": {"Mean": 0.33149520178351044, "Median": 0.33128774306982123, "1st Quartile": 0.32278766341207443, "3rd Quartile": 0.33433772909382997, "Standard Deviation": 0.020272467224715703}}}, {"Industry Risk": {"Comparison": "Cluster elements in upper half", "Credit Rating Statistics": {"Mean": 0.09260304912478826, "Median": 0.09090909090909091, "1st Quartile": 0.0, "3rd Quartile": 0.13636363636363635, "Standard Deviation": 0.07036103314192914}, "Cluster Statistics": {"Mean": 0.10122230710466004, "Median": 0.09090909090909091, "1st Quartile": 0.09090909090909091, "3rd Quartile": 0.13636363636363635, "Standard Deviation": 0.05876148842016113}}}, {"Country Risk": {"Comparison": "Cluster elements in lower half", "Credit Rating Statistics": {"Mean": 0.21475578148059907, "Median": 0.24345367932317427, "1st Quartile": 0.17412738088727167, "3rd Quartile": 0.25817297632308783, "Standard Deviation": 0.07278701133779385}, "Cluster Statistics": {"Mean": 0.20555687120874527, "Median": 0.23500097075170287, "1st Quartile": 0.0990682573724254, "3rd Quartile": 0.25817297632308783, "Standard Deviation": 0.0765913481186251}}}, {"Country Diversification": {"Comparison": "Cluster elements in upper half", "Credit Rating Statistics": {"Mean": 0.2894747236428055, "Median": 0.32171102395411993, "1st Quartile": 0.13598944887109235, "3rd Quartile": 0.41128644295042777, "Standard Deviation": 0.20218465004234493}, "Cluster Statistics": {"Mean": 0.3342671940581559, "Median": 0.32171102395411993, "1st Quartile": 0.26029815499763154, "3rd Quartile": 0.4247343920463962,