{"Algorithm Parameters": {"Threshold Value": 0.1, "Braching Factor": 7, "K": 2}, "Algorithm Performance": {"Silhouette Score": 0.375622438860989}, "Clusters Content Analysis": {"Predictive Power": {"Global": {"Metrics": {"Class: Upgrade": {"Accuracy": 0.6774193548387096, "Precision": 0.7608695652173914, "Recall": 0.9545454545454546, "F1-Score": 0.8467741935483871}, "Class: Downgrade": {"Accuracy": 0.9333333333333333, "Precision": 0.7608695652173914, "Recall": 0.5833333333333334, "F1-Score": 0.6603773584905662}}, "Confusion Matrix": {"predicted_down_AND_was_down": 14, "predicted_up_AND_was_up": 21, "predicted_no_change_AND_was_no_change": 0, "predicted_down_BUT_was_up": 1, "predicted_down_BUT_was_no_change": 753, "predicted_no_change_BUT_was_up": 0, "predicted_no_change_BUT_was_down": 0, "predicted_up_BUT_was_down": 10, "predicted_up_BUT_was_no_change": 642}}, "Restricted to jumps to or from below B-": {"Metrics": {"Class: Upgrade": "No element of this class", "Class: Downgrade": "No element of this class"}, "Confusion Matrix": {"predicted_down_AND_was_down": 0, "predicted_up_AND_was_up": 0, "predicted_no_change_AND_was_no_change": 0, "predicted_down_BUT_was_up": 0, "predicted_down_BUT_was_no_change": 768, "predicted_no_change_BUT_was_up": 0, "predicted_no_change_BUT_was_down": 0, "predicted_up_BUT_was_down": 0, "predicted_up_BUT_was_no_change": 673}}}, "Share of total companies in each clusters": [0.5197779319916724, 0.48022206800832756, {"SUM": 1.0}], "Clusters with significant ranges (count)": 2, "Significant Clusters (count)": 2, "Cluster Credit Ratings Shares": [{"AAA": 0.0026702269692923898, "AA+": 0.004005340453938585, "AA": 0.00801068090787717, "AA-": 0.012016021361815754, "A+": 0.030707610146862484, "A": 0.049399198931909215, "A-": 0.1054739652870494, "BBB+": 0.12283044058744993, "BBB": 0.20026702269692923, "BBB-": 0.056074766355140186, "BB+": 0.05874499332443257, "BB": 0.07209612817089453, "BB-": 0.08544726301735647, "B+": 0.0787716955941255, "B": 0.05740987983978638, "B-": 0.0267022696929239, "CCC+": 0.01602136181575434, "CCC": 0.004005340453938585, "CCC-": 0.004005340453938585, "CC": 0.0026702269692923898, "D": 0.0026702269692923898}, {"AA+": 0.005780346820809248, "AA": 0.008670520231213872, "AA-": 0.015895953757225433, "A+": 0.02167630057803468, "A": 0.04190751445086705, "A-": 0.0968208092485549, "BBB+": 0.11416184971098266, "BBB": 0.16184971098265896, "BBB-": 0.17196531791907516, "BB+": 0.08092485549132948, "BB-": 0.05202312138728324, "B+": 0.06069364161849711, "B": 0.028901734104046242, "B-": 0.02023121387283237, "CCC+": 0.01300578034682081, "AAA": 0.002890173410404624, "BB": 0.09104046242774566, "CCC": 0.004335260115606936, "CCC-": 0.004335260115606936, "CC": 0.001445086705202312, "D": 0.001445086705202312}], "Share of total companies with given credit rating in each cluter": [{"AAA": 0.5, "AA+": 0.42857142857142855, "AA": 0.5, "AA-": 0.45, "A+": 0.6052631578947368, "A": 0.5606060606060606, "A-": 0.541095890410959, "BBB+": 0.5380116959064327, "BBB": 0.5725190839694656, "BBB-": 0.2608695652173913, "BB+": 0.44, "BB": 0.46153846153846156, "BB-": 0.64, "B+": 0.5841584158415841, "B": 0.6825396825396826, "B-": 0.5882352941176471, "CCC+": 0.5714285714285714, "CCC": 0.5, "CCC-": 0.5, "CC": 0.6666666666666666, "D": 0.6666666666666666}, {"AA+": 0.5714285714285714, "AA": 0.5, "AA-": 0.55, "A+": 0.39473684210526316, "A": 0.4393939393939394, "A-": 0.4589041095890411, "BBB+": 0.4619883040935672, "BBB": 0.42748091603053434, "BBB-": 0.7391304347826086, "BB+": 0.56, "BB-": 0.36, "B+": 0.4158415841584158, "B": 0.31746031746031744, "B-": 0.4117647058823529, "CCC+": 0.42857142857142855, "AAA": 0.5, "BB": 0.5384615384615384, "CCC": 0.5, "CCC-": 0.5, "CC": 0.3333333333333333, "D": 0.3333333333333333}], "Cluster ranges": [21.0, 21.0], "Cluster metrics of location and dispersion": [{"Mean": 10.162883845126835, "Median": 9.0, "1st Quartile": 8.0, "3rd Quartile": 13.0, "Standard Deviation": 3.3556695683865576, "Is Signficant": true}, {"Mean": 9.939306358381502, "Median": 10.0, "1st Quartile": 8.0, "3rd Quartile": 12.0, "Standard Deviation": 3.041963463849146, "Is Signficant": true}], "Cluster entropies": [3.654423605329893, 3.5928105628662967], "Maximum entropy": 3.654423605329893, "Weighted average entropy": 3.6248356626617397, "Incoherencies explanations": {"CLUSTER 0": {"RATING BBB": [{"Leverage": {"Comparison": "Cluster elements in upper half", "Credit Rating Statistics": {"Mean": 0.25169815833535986, "Median": 0.2490076693324504, "1st Quartile": 0.24330347798240695, "3rd Quartile": 0.25961774542178745, "Standard Deviation": 0.02364411030024832}, "Cluster Statistics": {"Mean": 0.2560412667884902, "Median": 0.2490076693324504, "1st Quartile": 0.24330347798240695, "3rd Quartile": 0.2641609852745375, "Standard Deviation": 0.02065847116983643}}}, {"Profitability": {"Comparison": "Cluster elements in upper half", "Credit Rating Statistics": {"Mean": 0.3342437171445587, "Median": 0.33222168006847685, "1st Quartile": 0.32174168415919396, "3rd Quartile": 0.3413517259106255, "Standard Deviation": 0.020803535802163375}, "Cluster Statistics": {"Mean": 0.3377236065786456, "Median": 0.33523585938866873, "1st Quartile": 0.3218292830029465, "3rd Quartile": 0.3412448229519889, "Standard Deviation": 0.01934441054079041}}}, {"Financial Statement Lines": {"Comparison": "Cluster elements in upper half", "Credit Rating Statistics": {"Mean": 0.09481857465561085, "Median": 0.0814584351057059, "1st Quartile": 0.07701930062062418, "3rd Quartile": 0.09521141190735924, "Standard Deviation": 0.03403122784163872}, "Cluster Statistics": {"Mean": 0.09447507192900849, "Median": 0.07846478510594411, "1st Quartile": 0.07701930062062418, "3rd Quartile": 0.10145438041254039, "Standard Deviation": 0.0274946248372424}}}, {"Efficiency": {"Comparison": "Cluster elements in upper half", "Credit Rating Statistics": {"Mean": 0.08277461946686211, "Median": 0.07383954648418592, "1st Quartile": 0.04667130941160228, "3rd Quartile": 0.10467643925298592, "Standard Deviation": 0.05048123455699572}, "Cluster Statistics": {"Mean": 0.09157857366258022, "Median": 0.08468205415099446, "1st Quartile": 0.036677734524615216, "3rd Quartile": 0.12370723536259869, "Standard Deviation": 0.06033249730879778}}}, {"Performance": {"Comparison": "Cluster elements in highest 75%", "Credit Rating Statistics": {"Mean": 0.0015698264362626118, "Median": 0.0014443732650010676, "1st Quartile": 0.0013850096092248559, "3rd Quartile": 0.001502170973022991, "Standard Deviation": 0.0006249476281576984}, "Cluster Statistics": {"Mean": 0.001511190072840297, "Median": 0.0014161862054238735, "1st Quartile": 0.0013778062495551284, "3rd Quartile": 0.00147369919567229, "Standard Deviation": 0.0006178531539057959}}}]}, "CLUSTER 1": {}}}}