{"Algorithm Parameters": {"Eps": 0.1, "MinPts": 25, "K": 4.0}, "Algorithm Performance": {"Calinski Harabasz Index": 195.293}, "Clusters Content Analysis": {"Predictive Power": {"Global": {"Metrics": {"Class: Upgrade": {"Accuracy": 0.6428571428571429, "Precision": 0.76, "Recall": 0.9, "F1-Score": 0.8240963855421687}, "Class: Downgrade": {"Accuracy": 0.9090909090909091, "Precision": 0.76, "Recall": 0.6666666666666666, "F1-Score": 0.7102803738317756}}, "Confusion Matrix": {"predicted_down_AND_was_down": 10, "predicted_up_AND_was_up": 9, "predicted_no_change_AND_was_no_change": 0, "predicted_down_BUT_was_up": 1, "predicted_down_BUT_was_no_change": 839, "predicted_no_change_BUT_was_up": 0, "predicted_no_change_BUT_was_down": 0, "predicted_up_BUT_was_down": 5, "predicted_up_BUT_was_no_change": 577}}, "Restricted to jumps to or from below B-": {"Metrics": {"Class: Upgrade": "No element of this class", "Class: Downgrade": "No element of this class"}, "Confusion Matrix": {"predicted_down_AND_was_down": 0, "predicted_up_AND_was_up": 0, "predicted_no_change_AND_was_no_change": 0, "predicted_down_BUT_was_up": 0, "predicted_down_BUT_was_no_change": 850, "predicted_no_change_BUT_was_up": 0, "predicted_no_change_BUT_was_down": 0, "predicted_up_BUT_was_down": 0, "predicted_up_BUT_was_no_change": 591}}}, "Share of total companies in each clusters": [0.366412213740458, 0.4774462179042332, 0.05690492713393477, 0.06662040249826509, 0.03261623872310895, {"SUM": 1.0}], "Clusters with significant ranges (count)": 5, "Significant Clusters (count)": 4, "Cluster Credit Ratings Shares": [{"1.0": 0.003787878787878788, "2.0": 0.005681818181818182, "3.0": 0.00946969696969697, "4.0": 0.011363636363636364, "5.0": 0.01893939393939394, "6.0": 0.04924242424242424, "7.0": 0.125, "8.0": 0.13068181818181818, "9.0": 0.23674242424242425, "10.0": 0.041666666666666664, "11.0": 0.045454545454545456, "12.0": 0.058712121212121215, "13.0": 0.07007575757575757, "14.0": 0.08143939393939394, "15.0": 0.056818181818181816, "16.0": 0.02462121212121212, "17.0": 0.02462121212121212, "18.0": 0.003787878787878788, "20.0": 0.001893939393939394}, {"2.0": 0.0029069767441860465, "3.0": 0.010174418604651164, "4.0": 0.0188953488372093, "5.0": 0.03488372093023256, "6.0": 0.046511627906976744, "7.0": 0.09593023255813954, "8.0": 0.11627906976744186, "9.0": 0.14244186046511628, "10.0": 0.11773255813953488, "11.0": 0.08284883720930232, "12.0": 0.08866279069767442, "13.0": 0.07122093023255814, "14.0": 0.06540697674418605, "15.0": 0.04505813953488372, "16.0": 0.024709302325581394, "17.0": 0.029069767441860465, "1.0": 0.0029069767441860465, "18.0": 0.0014534883720930232, "20.0": 0.0029069767441860465}, {"2.0": 0.024390243902439025, "4.0": 0.012195121951219513, "5.0": 0.012195121951219513, "6.0": 0.06097560975609756, "7.0": 0.12195121951219512, "8.0": 0.08536585365853659, "9.0": 0.1951219512195122, "10.0": 0.18292682926829268, "11.0": 0.07317073170731707, "12.0": 0.10975609756097561, "13.0": 0.036585365853658534, "14.0": 0.06097560975609756, "16.0": 0.024390243902439025}, {"5.0": 0.03125, "6.0": 0.03125, "7.0": 0.03125, "8.0": 0.11458333333333333, "9.0": 0.22916666666666666, "10.0": 0.10416666666666667, "11.0": 0.11458333333333333, "12.0": 0.15625, "13.0": 0.10416666666666667, "14.0": 0.052083333333333336, "15.0": 0.010416666666666666, "16.0": 0.020833333333333332}, {"7.0": 0.02127659574468085, "8.0": 0.0851063829787234, "9.0": 0.02127659574468085, "10.0": 0.7021276595744681, "11.0": 0.0425531914893617, "12.0": 0.02127659574468085, "13.0": 0.02127659574468085, "14.0": 0.06382978723404255, "15.0": 0.02127659574468085}], "Share of total companies with given credit rating in each cluter": [{"1.0": 0.5, "2.0": 0.42857142857142855, "3.0": 0.4166666666666667, "4.0": 0.3, "5.0": 0.2631578947368421, "6.0": 0.3939393939393939, "7.0": 0.4520547945205479, "8.0": 0.40350877192982454, "9.0": 0.4770992366412214, "10.0": 0.13664596273291926, "11.0": 0.24, "12.0": 0.26495726495726496, "13.0": 0.37, "14.0": 0.42574257425742573, "15.0": 0.47619047619047616, "16.0": 0.38235294117647056, "17.0": 0.3939393939393939, "18.0": 0.6666666666666666, "20.0": 0.3333333333333333}, {"2.0": 0.2857142857142857, "3.0": 0.5833333333333334, "4.0": 0.65, "5.0": 0.631578947368421, "6.0": 0.48484848484848486, "7.0": 0.4520547945205479, "8.0": 0.4678362573099415, "9.0": 0.37404580152671757, "10.0": 0.5031055900621118, "11.0": 0.57, "12.0": 0.5213675213675214, "13.0": 0.49, "14.0": 0.44554455445544555, "15.0": 0.49206349206349204, "16.0": 0.5, "17.0": 0.6060606060606061, "1.0": 0.5, "18.0": 0.3333333333333333, "20.0": 0.6666666666666666}, {"2.0": 0.2857142857142857, "4.0": 0.05, "5.0": 0.02631578947368421, "6.0": 0.07575757575757576, "7.0": 0.0684931506849315, "8.0": 0.04093567251461988, "9.0": 0.061068702290076333, "10.0": 0.09316770186335403, "11.0": 0.06, "12.0": 0.07692307692307693, "13.0": 0.03, "14.0": 0.04950495049504951, "16.0": 0.058823529411764705}, {"5.0": 0.07894736842105263, "6.0": 0.045454545454545456, "7.0": 0.02054794520547945, "8.0": 0.06432748538011696, "9.0": 0.08396946564885496, "10.0": 0.062111801242236024, "11.0": 0.11, "12.0": 0.1282051282051282, "13.0": 0.1, "14.0": 0.04950495049504951, "15.0": 0.015873015873015872, "16.0": 0.058823529411764705}, {"7.0": 0.00684931506849315, "8.0": 0.023391812865497075, "9.0": 0.003816793893129771, "10.0": 0.20496894409937888, "11.0": 0.02, "12.0": 0.008547008547008548, "13.0": 0.01, "14.0": 0.0297029702970297, "15.0": 0.015873015873015872}], "Cluster ranges": [19.0, 19.0, 14.0, 11.0, 8.0], "Cluster metrics of location and dispersion": [{"Mean": 9.973484848484848, "Median": 9.0, "1st Quartile": 8.0, "3rd Quartile": 13.0, "Standard Deviation": 3.293597090602458, "Is Signficant": true}, {"Mean": 10.095930232558139, "Median": 10.0, "1st Quartile": 8.0, "3rd Quartile": 12.0, "Standard Deviation": 3.25997320502149, "Is Signficant": true}, {"Mean": 9.487804878048781, "Median": 9.0, "1st Quartile": 8.0, "3rd Quartile": 11.0, "Standard Deviation": 2.7106110481975, "Is Signficant": true}, {"Mean": 10.291666666666666, "Median": 10.0, "1st Quartile": 9.0, "3rd Quartile": 12.0, "Standard Deviation": 2.384483987970749, "Is Signficant": true}, {"Mean": 10.25531914893617, "Median": 10.0, "1st Quartile": 10.0, "3rd Quartile": 10.0, "Standard Deviation": 1.5363411232796338, "Is Signficant": false}], "Cluster entropies": [3.5260792664241953, 3.7049575291943366, 3.290632580157724, 3.1773456774623714, 1.6988464380395003], "Maximum entropy": 3.7049575291943366, "Weighted average entropy": 3.515255705728561, "Incoherencies explanations": {"CLUSTER 0": {"RATING 10.0": [{"Leverage": {"Comparison": "Cluster elements in lower half", "Credit Rating Statistics": {"Mean": 0.2500975715348049, "Median": 0.2510777241052686, "1st Quartile": 0.24333439356112868, "3rd Quartile": 0.25741050774118035, "Standard Deviation": 0.023863144649470626}, "Cluster Statistics": {"Mean": 0.2505615851705325, "Median": 0.2510777241052686, "1st Quartile": 0.2510777241052686, "3rd Quartile": 0.2510777241052686, "Standard Deviation": 0.0029197227262901925}}}, {"Profitability": {"Comparison": "Cluster elements in lower half", "Credit Rating Statistics": {"Mean": 0.3356164165084526, "Median": 0.33128774306982123, "1st Quartile": 0.3245472969882059, "3rd Quartile": 0.34144496123040713, "Standard Deviation": 0.023359657654134867}, "Cluster Statistics": {"Mean": 0.3312245453599276, "Median": 0.33128774306982123, "1st Quartile": 0.33128774306982123, "3rd Quartile": 0.33128774306982123, "Standard Deviation": 0.00035750023377003465}}}, {"Liquidity": {"Comparison": "Cluster elements in upper half", "Credit Rating Statistics": {"Mean": 0.29249755343448464, "Median": 0.29208297330290633, "1st Quartile": 0.2848533351014975, "3rd Quartile": 0.29658167524130874, "Standard Deviation": 0.012811196022198998}, "Cluster Statistics": {"Mean": 0.2963178987628601, "Median": 0.29658167524130874, "1st Quartile": 0.29658167524130874, "3rd Quartile": 0.29658167524130874,