{"Algorithm Parameters": {"Eps": 0.1, "MinPts": 16, "K": 1.0}, "Algorithm Performance": {"Silhouette Score": 0.153}, "Clusters Content Analysis": {"Predictive Power": {"Global": {"Metrics": {"Class: Upgrade": {"Accuracy": 0.6428571428571429, "Precision": 0.76, "Recall": 0.9, "F1-Score": 0.8240963855421687}, "Class: Downgrade": {"Accuracy": 0.9090909090909091, "Precision": 0.76, "Recall": 0.6666666666666666, "F1-Score": 0.7102803738317756}}, "Confusion Matrix": {"predicted_down_AND_was_down": 10, "predicted_up_AND_was_up": 9, "predicted_no_change_AND_was_no_change": 0, "predicted_down_BUT_was_up": 1, "predicted_down_BUT_was_no_change": 831, "predicted_no_change_BUT_was_up": 0, "predicted_no_change_BUT_was_down": 0, "predicted_up_BUT_was_down": 5, "predicted_up_BUT_was_no_change": 585}}, "Restricted to jumps to or from below B-": {"Metrics": {"Class: Upgrade": "No element of this class", "Class: Downgrade": "No element of this class"}, "Confusion Matrix": {"predicted_down_AND_was_down": 0, "predicted_up_AND_was_up": 0, "predicted_no_change_AND_was_no_change": 0, "predicted_down_BUT_was_up": 0, "predicted_down_BUT_was_no_change": 842, "predicted_no_change_BUT_was_up": 0, "predicted_no_change_BUT_was_down": 0, "predicted_up_BUT_was_down": 0, "predicted_up_BUT_was_no_change": 599}}}, "Share of total companies in each clusters": [0.7022900763358778, 0.29770992366412213, {"SUM": 1.0}], "Clusters with significant ranges (count)": 2, "Significant Clusters (count)": 2, "Cluster Credit Ratings Shares": [{"1.0": 0.001976284584980237, "2.0": 0.004940711462450593, "3.0": 0.005928853754940711, "4.0": 0.008893280632411068, "5.0": 0.017786561264822136, "6.0": 0.041501976284584984, "7.0": 0.1067193675889328, "8.0": 0.11758893280632411, "9.0": 0.20059288537549408, "10.0": 0.11462450592885376, "11.0": 0.05731225296442688, "12.0": 0.07806324110671936, "13.0": 0.0691699604743083, "14.0": 0.07806324110671936, "15.0": 0.04743083003952569, "16.0": 0.024703557312252964, "17.0": 0.021739130434782608, "18.0": 0.001976284584980237, "20.0": 0.0009881422924901185}, {"2.0": 0.004662004662004662, "3.0": 0.013986013986013986, "4.0": 0.02564102564102564, "5.0": 0.046620046620046623, "6.0": 0.055944055944055944, "7.0": 0.08857808857808858, "8.0": 0.12121212121212122, "9.0": 0.13752913752913754, "10.0": 0.1048951048951049, "11.0": 0.0979020979020979, "12.0": 0.08857808857808858, "13.0": 0.06993006993006994, "14.0": 0.05128205128205128, "15.0": 0.03496503496503497, "16.0": 0.02097902097902098, "17.0": 0.02564102564102564, "1.0": 0.004662004662004662, "18.0": 0.002331002331002331, "20.0": 0.004662004662004662}], "Share of total companies with given credit rating in each cluter": [{"1.0": 0.5, "2.0": 0.7142857142857143, "3.0": 0.5, "4.0": 0.45, "5.0": 0.47368421052631576, "6.0": 0.6363636363636364, "7.0": 0.7397260273972602, "8.0": 0.695906432748538, "9.0": 0.7748091603053435, "10.0": 0.7204968944099379, "11.0": 0.58, "12.0": 0.6752136752136753, "13.0": 0.7, "14.0": 0.7821782178217822, "15.0": 0.7619047619047619, "16.0": 0.7352941176470589, "17.0": 0.6666666666666666, "18.0": 0.6666666666666666, "20.0": 0.3333333333333333}, {"2.0": 0.2857142857142857, "3.0": 0.5, "4.0": 0.55, "5.0": 0.5263157894736842, "6.0": 0.36363636363636365, "7.0": 0.2602739726027397, "8.0": 0.30409356725146197, "9.0": 0.22519083969465647, "10.0": 0.2795031055900621, "11.0": 0.42, "12.0": 0.3247863247863248, "13.0": 0.3, "14.0": 0.21782178217821782, "15.0": 0.23809523809523808, "16.0": 0.2647058823529412, "17.0": 0.3333333333333333, "1.0": 0.5, "18.0": 0.3333333333333333, "20.0": 0.6666666666666666}], "Cluster ranges": [19.0, 19.0], "Cluster metrics of location and dispersion": [{"Mean": 10.133399209486166, "Median": 9.0, "1st Quartile": 8.0, "3rd Quartile": 12.0, "Standard Deviation": 3.068550002413457, "Is Signficant": true}, {"Mean": 9.801864801864802, "Median": 10.0, "1st Quartile": 8.0, "3rd Quartile": 12.0, "Standard Deviation": 3.3359518298518784, "Is Signficant": true}], "Cluster entropies": [3.5503087520958547, 3.750675685229782], "Maximum entropy": 3.750675685229782, "Weighted average entropy": 3.60995997646397, "Incoherencies explanations": {"CLUSTER 0": {}, "CLUSTER 1": {}}}}