{"Algorithm Parameters": {"Eps": 0.1, "MinPts": 25, "K": 4}, "Algorithm Performance": {"Calinski Harabasz Index": 195.293}, "Clusters Content Analysis": {"Predictive Power": {"Global": {"Metrics": {"Class: Upgrade": {"Accuracy": 0.7, "Precision": 0.782608695652174, "Recall": 0.9545454545454546, "F1-Score": 0.8600682593856656}, "Class: Downgrade": {"Accuracy": 0.9375, "Precision": 0.782608695652174, "Recall": 0.625, "F1-Score": 0.694980694980695}}, "Confusion Matrix": {"predicted_down_AND_was_down": 15, "predicted_up_AND_was_up": 21, "predicted_no_change_AND_was_no_change": 0, "predicted_down_BUT_was_up": 1, "predicted_down_BUT_was_no_change": 834, "predicted_no_change_BUT_was_up": 0, "predicted_no_change_BUT_was_down": 0, "predicted_up_BUT_was_down": 9, "predicted_up_BUT_was_no_change": 561}}, "Restricted to jumps to or from below B-": {"Metrics": {"Class: Upgrade": "No element of this class", "Class: Downgrade": "No element of this class"}, "Confusion Matrix": {"predicted_down_AND_was_down": 0, "predicted_up_AND_was_up": 0, "predicted_no_change_AND_was_no_change": 0, "predicted_down_BUT_was_up": 0, "predicted_down_BUT_was_no_change": 850, "predicted_no_change_BUT_was_up": 0, "predicted_no_change_BUT_was_down": 0, "predicted_up_BUT_was_down": 0, "predicted_up_BUT_was_no_change": 591}}}, "Share of total companies in each clusters": [0.366412213740458, 0.4774462179042332, 0.05690492713393477, 0.06662040249826509, 0.03261623872310895, {"SUM": 1.0}], "Clusters with significant ranges (count)": 5, "Significant Clusters (count)": 4, "Cluster Credit Ratings Shares": [{"AAA": 0.003787878787878788, "AA+": 0.005681818181818182, "AA": 0.00946969696969697, "AA-": 0.011363636363636364, "A+": 0.01893939393939394, "A": 0.04924242424242424, "A-": 0.125, "BBB+": 0.13068181818181818, "BBB": 0.23674242424242425, "BBB-": 0.041666666666666664, "BB+": 0.045454545454545456, "BB": 0.058712121212121215, "BB-": 0.07007575757575757, "B+": 0.08143939393939394, "B": 0.056818181818181816, "B-": 0.02462121212121212, "CCC+": 0.015151515151515152, "CCC": 0.005681818181818182, "CCC-": 0.003787878787878788, "CC": 0.003787878787878788, "D": 0.001893939393939394}, {"AA+": 0.0029069767441860465, "AA": 0.010174418604651164, "AA-": 0.0188953488372093, "A+": 0.03488372093023256, "A": 0.046511627906976744, "A-": 0.09593023255813954, "BBB+": 0.11627906976744186, "BBB": 0.14244186046511628, "BBB-": 0.11773255813953488, "BB+": 0.08284883720930232, "BB": 0.08866279069767442, "BB-": 0.07122093023255814, "B+": 0.06540697674418605, "B": 0.04505813953488372, "B-": 0.024709302325581394, "CCC+": 0.0188953488372093, "AAA": 0.0029069767441860465, "CCC": 0.00436046511627907, "CCC-": 0.005813953488372093, "CC": 0.0014534883720930232, "D": 0.0029069767441860465}, {"AA+": 0.024390243902439025, "AA-": 0.012195121951219513, "A+": 0.012195121951219513, "A": 0.06097560975609756, "A-": 0.12195121951219512, "BBB+": 0.08536585365853659, "BBB": 0.1951219512195122, "BBB-": 0.18292682926829268, "BB+": 0.07317073170731707, "BB": 0.10975609756097561, "BB-": 0.036585365853658534, "B+": 0.06097560975609756, "B-": 0.024390243902439025}, {"A+": 0.03125, "A": 0.03125, "A-": 0.03125, "BBB+": 0.11458333333333333, "BBB": 0.22916666666666666, "BBB-": 0.10416666666666667, "BB+": 0.11458333333333333, "BB": 0.15625, "BB-": 0.10416666666666667, "B+": 0.052083333333333336, "B": 0.010416666666666666, "B-": 0.020833333333333332}, {"A-": 0.02127659574468085, "BBB+": 0.0851063829787234, "BBB": 0.02127659574468085, "BBB-": 0.7021276595744681, "BB+": 0.0425531914893617, "BB": 0.02127659574468085, "BB-": 0.02127659574468085, "B+": 0.06382978723404255, "B": 0.02127659574468085}], "Share of total companies with given credit rating in each cluter": [{"AAA": 0.5, "AA+": 0.42857142857142855, "AA": 0.4166666666666667, "AA-": 0.3, "A+": 0.2631578947368421, "A": 0.3939393939393939, "A-": 0.4520547945205479, "BBB+": 0.40350877192982454, "BBB": 0.4770992366412214, "BBB-": 0.13664596273291926, "BB+": 0.24, "BB": 0.26495726495726496, "BB-": 0.37, "B+": 0.42574257425742573, "B": 0.47619047619047616, "B-": 0.38235294117647056, "CCC+": 0.38095238095238093, "CCC": 0.5, "CCC-": 0.3333333333333333, "CC": 0.6666666666666666, "D": 0.3333333333333333}, {"AA+": 0.2857142857142857, "AA": 0.5833333333333334, "AA-": 0.65, "A+": 0.631578947368421, "A": 0.48484848484848486, "A-": 0.4520547945205479, "BBB+": 0.4678362573099415, "BBB": 0.37404580152671757, "BBB-": 0.5031055900621118, "BB+": 0.57, "BB": 0.5213675213675214, "BB-": 0.49, "B+": 0.44554455445544555, "B": 0.49206349206349204, "B-": 0.5, "CCC+": 0.6190476190476191, "AAA": 0.5, "CCC": 0.5, "CCC-": 0.6666666666666666, "CC": 0.3333333333333333, "D": 0.6666666666666666}, {"AA+": 0.2857142857142857, "AA-": 0.05, "A+": 0.02631578947368421, "A": 0.07575757575757576, "A-": 0.0684931506849315, "BBB+": 0.04093567251461988, "BBB": 0.061068702290076333, "BBB-": 0.09316770186335403, "BB+": 0.06, "BB": 0.07692307692307693, "BB-": 0.03, "B+": 0.04950495049504951, "B-": 0.058823529411764705}, {"A+": 0.07894736842105263, "A": 0.045454545454545456, "A-": 0.02054794520547945, "BBB+": 0.06432748538011696, "BBB": 0.08396946564885496, "BBB-": 0.062111801242236024, "BB+": 0.11, "BB": 0.1282051282051282, "BB-": 0.1, "B+": 0.04950495049504951, "B": 0.015873015873015872, "B-": 0.058823529411764705}, {"A-": 0.00684931506849315, "BBB+": 0.023391812865497075, "BBB": 0.003816793893129771, "BBB-": 0.20496894409937888, "BB+": 0.02, "BB": 0.008547008547008548, "BB-": 0.01, "B+": 0.0297029702970297, "B": 0.015873015873015872}], "Cluster ranges": [21.0, 21.0, 14.0, 11.0, 8.0], "Cluster metrics of location and dispersion": [{"Mean": 9.99810606060606, "Median": 9.0, "1st Quartile": 8.0, "3rd Quartile": 13.0, "Standard Deviation": 3.3577697397401716, "Is Signficant": true}, {"Mean": 10.12063953488372, "Median": 10.0, "1st Quartile": 8.0, "3rd Quartile": 12.0, "Standard Deviation": 3.3247195454822065, "Is Signficant": true}, {"Mean": 9.487804878048781, "Median": 9.0, "1st Quartile": 8.0, "3rd Quartile": 11.0, "Standard Deviation": 2.7106110481975, "Is Signficant": true}, {"Mean": 10.291666666666666, "Median": 10.0, "1st Quartile": 9.0, "3rd Quartile": 12.0, "Standard Deviation": 2.384483987970749, "Is Signficant": true}, {"Mean": 10.25531914893617, "Median": 10.0, "1st Quartile": 10.0, "3rd Quartile": 10.0, "Standard Deviation": 1.5363411232796338, "Is Signficant": false}], "Cluster entropies": [3.5589406846697837, 3.7421347938160654, 3.290632580157724, 3.1773456774623714, 1.6988464380395003], "Maximum entropy": 3.7421347938160654, "Weighted average entropy": 3.5450466751202474, "Incoherencies explanations": {"CLUSTER 0": {}, "CLUSTER 1": {"RATING BBB": [{"Leverage": {"Comparison": "Cluster elements in lower half", "Credit Rating Statistics": {"Mean": 0.25169815833535986, "Median": 0.2490076693324504, "1st Quartile": 0.24330347798240695, "3rd Quartile": 0.25961774542178745, "Standard Deviation": 0.02364411030024832}, "Cluster Statistics": {"Mean": 0.24691306492149073, "Median": 0.2459216338172903, "1st Quartile": 0.2413695588418513, "3rd Quartile": 0.2505381512484281, "Standard Deviation": 0.00892253909431278}}}, {"Profitability": {"Comparison": "Cluster elements in upper half", "Credit Rating Statistics": {"Mean": 0.3342437171445587, "Median": 0.33222168006847685, "1st Quartile": 0.32174168415919396, "3rd Quartile": 0.3413517259106255, "Standard Deviation": 0.020803535802163375}, "Cluster Statistics": {"Mean": 0.3338091367944151, "Median": 0.3306228716991282, "1st Quartile": 0.3279835200410627, "3rd Quartile": 0.3402088088307458, "Standard Deviation": 0.01288002462743988}}}, {"Financial Statement Lines": {"Comparison": "Cluster elements in upper half", "Credit Rating Statistics": {"Mean": 0.09481857465561085, "Median": 0.0814584351057059, "1st Quartile": 0.07701930062062418, "3rd Quartile": 0.09521141190735924, "Standard Deviation": 0.03403122784163872}, "Cluster Statistics": {"Mean": 0.08601414076156184, "Median": 0.08505076741678819,