{"Algorithm Parameters": {"K": 8}, "Algorithm Performance": {"WCSS": 33.06020620031602, "Silhouette Score": 0.31761035676632826, "Calinski Harabasz Index": 774.9180154961389}, "Clusters Content Analysis": {"Predictive Power": {"Global": {"Metrics": {"Class: Upgrade": {"Accuracy": 0.6428571428571429, "Precision": 0.76, "Recall": 0.9, "F1-Score": 0.8240963855421687}, "Class: Downgrade": {"Accuracy": 0.9090909090909091, "Precision": 0.76, "Recall": 0.6666666666666666, "F1-Score": 0.7102803738317756}}, "Confusion Matrix": {"predicted_down_AND_was_down": 10, "predicted_up_AND_was_up": 9, "predicted_no_change_AND_was_no_change": 0, "predicted_down_BUT_was_up": 1, "predicted_down_BUT_was_no_change": 795, "predicted_no_change_BUT_was_up": 0, "predicted_no_change_BUT_was_down": 0, "predicted_up_BUT_was_down": 5, "predicted_up_BUT_was_no_change": 621}}, "Restricted to jumps to or from below B-": {"Metrics": {"Class: Upgrade": "No element of this class", "Class: Downgrade": "No element of this class"}, "Confusion Matrix": {"predicted_down_AND_was_down": 0, "predicted_up_AND_was_up": 0, "predicted_no_change_AND_was_no_change": 0, "predicted_down_BUT_was_up": 0, "predicted_down_BUT_was_no_change": 806, "predicted_no_change_BUT_was_up": 0, "predicted_no_change_BUT_was_down": 0, "predicted_up_BUT_was_down": 0, "predicted_up_BUT_was_no_change": 635}}}, "Share of total companies in each clusters": [0.2366412213740458, 0.14712005551700208, 0.09299097848716169, 0.16793893129770993, 0.08188757807078417, 0.09507286606523248, 0.10062456627342123, 0.0777238029146426, {"SUM": 1.0}], "Clusters with significant ranges (count)": 8, "Significant Clusters (count)": 7, "Cluster Credit Ratings Shares": [{"1.0": 0.005865102639296188, "2.0": 0.005865102639296188, "3.0": 0.01466275659824047, "4.0": 0.011730205278592375, "5.0": 0.03812316715542522, "6.0": 0.05278592375366569, "7.0": 0.14076246334310852, "8.0": 0.1378299120234604, "9.0": 0.20821114369501467, "10.0": 0.03812316715542522, "11.0": 0.04105571847507331, "12.0": 0.06158357771260997, "13.0": 0.05571847507331378, "14.0": 0.05865102639296188, "15.0": 0.06158357771260997, "16.0": 0.02932551319648094, "17.0": 0.03225806451612903, "18.0": 0.002932551319648094, "20.0": 0.002932551319648094}, {"2.0": 0.0047169811320754715, "4.0": 0.0047169811320754715, "5.0": 0.018867924528301886, "6.0": 0.05660377358490566, "7.0": 0.09433962264150944, "8.0": 0.1179245283018868, "9.0": 0.11320754716981132, "10.0": 0.06132075471698113, "11.0": 0.06132075471698113, "12.0": 0.12264150943396226, "13.0": 0.1179245283018868, "14.0": 0.11320754716981132, "15.0": 0.07075471698113207, "18.0": 0.0047169811320754715, "20.0": 0.0047169811320754715, "16.0": 0.014150943396226415, "17.0": 0.018867924528301886}, {"2.0": 0.007462686567164179, "3.0": 0.007462686567164179, "4.0": 0.007462686567164179, "5.0": 0.022388059701492536, "6.0": 0.03731343283582089, "7.0": 0.14925373134328357, "8.0": 0.11940298507462686, "9.0": 0.16417910447761194, "10.0": 0.13432835820895522, "11.0": 0.04477611940298507, "14.0": 0.06716417910447761, "15.0": 0.05223880597014925, "12.0": 0.08208955223880597, "13.0": 0.05223880597014925, "16.0": 0.029850746268656716, "17.0": 0.022388059701492536}, {"3.0": 0.008264462809917356, "8.0": 0.10743801652892562, "9.0": 0.15289256198347106, "10.0": 0.2644628099173554, "11.0": 0.09090909090909091, "13.0": 0.05785123966942149, "14.0": 0.049586776859504134, "15.0": 0.01652892561983471, "16.0": 0.028925619834710745, "17.0": 0.02066115702479339, "1.0": 0.008264462809917356, "2.0": 0.004132231404958678, "4.0": 0.008264462809917356, "5.0": 0.02066115702479339, "6.0": 0.02066115702479339, "7.0": 0.05785123966942149, "12.0": 0.07851239669421488, "20.0": 0.004132231404958678}, {"4.0": 0.059322033898305086, "8.0": 0.1694915254237288, "9.0": 0.15254237288135594, "11.0": 0.09322033898305085, "14.0": 0.0423728813559322, "15.0": 0.025423728813559324, "2.0": 0.00847457627118644, "3.0": 0.00847457627118644, "5.0": 0.025423728813559324, "6.0": 0.0847457627118644, "7.0": 0.13559322033898305, "10.0": 0.07627118644067797, "12.0": 0.059322033898305086, "13.0": 0.03389830508474576, "17.0": 0.025423728813559324}, {"5.0": 0.014598540145985401, "3.0": 0.0072992700729927005, "6.0": 0.029197080291970802, "7.0": 0.0364963503649635, "8.0": 0.08759124087591241, "9.0": 0.31386861313868614, "10.0": 0.051094890510948905, "11.0": 0.08759124087591241, "12.0": 0.10218978102189781, "13.0": 0.10218978102189781, "14.0": 0.08759124087591241, "15.0": 0.029197080291970802, "16.0": 0.043795620437956206, "17.0": 0.0072992700729927005}, {"5.0": 0.041379310344827586, "7.0": 0.06896551724137931, "9.0": 0.15862068965517243, "10.0": 0.09655172413793103, "11.0": 0.10344827586206896, "12.0": 0.06896551724137931, "13.0": 0.0896551724137931, "14.0": 0.1103448275862069, "15.0": 0.04827586206896552, "16.0": 0.006896551724137931, "2.0": 0.006896551724137931, "3.0": 0.006896551724137931, "4.0": 0.027586206896551724, "6.0": 0.04827586206896552, "8.0": 0.09655172413793103, "17.0": 0.020689655172413793}, {"7.0": 0.11607142857142858, "9.0": 0.21428571428571427, "10.0": 0.20535714285714285, "3.0": 0.008928571428571428, "4.0": 0.008928571428571428, "5.0": 0.017857142857142856, "6.0": 0.044642857142857144, "8.0": 0.09821428571428571, "11.0": 0.0625, "12.0": 0.08035714285714286, "13.0": 0.03571428571428571, "14.0": 0.026785714285714284, "15.0": 0.017857142857142856, "16.0": 0.026785714285714284, "17.0": 0.026785714285714284, "18.0": 0.008928571428571428}], "Share of total companies with given credit rating in each cluter": [{"1.0": 0.5, "2.0": 0.2857142857142857, "3.0": 0.4166666666666667, "4.0": 0.2, "5.0": 0.34210526315789475, "6.0": 0.2727272727272727, "7.0": 0.3287671232876712, "8.0": 0.27485380116959063, "9.0": 0.27099236641221375, "10.0": 0.08074534161490683, "11.0": 0.14, "12.0": 0.1794871794871795, "13.0": 0.19, "14.0": 0.19801980198019803, "15.0": 0.3333333333333333, "16.0": 0.29411764705882354, "17.0": 0.3333333333333333, "18.0": 0.3333333333333333, "20.0": 0.3333333333333333}, {"2.0": 0.14285714285714285, "4.0": 0.05, "5.0": 0.10526315789473684, "6.0": 0.18181818181818182, "7.0": 0.136986301369863, "8.0": 0.14619883040935672, "9.0": 0.0916030534351145, "10.0": 0.08074534161490683, "11.0": 0.13, "12.0": 0.2222222222222222, "13.0": 0.25, "14.0": 0.2376237623762376, "15.0": 0.23809523809523808, "18.0": 0.3333333333333333, "20.0": 0.3333333333333333, "16.0": 0.08823529411764706, "17.0": 0.12121212121212122}, {"2.0": 0.14285714285714285, "3.0": 0.08333333333333333, "4.0": 0.05, "5.0": 0.07894736842105263, "6.0": 0.07575757575757576, "7.0": 0.136986301369863, "8.0": 0.0935672514619883, "9.0": 0.08396946564885496, "10.0": 0.11180124223602485, "11.0": 0.06, "14.0": 0.0891089108910891, "15.0": 0.1111111111111111, "12.0": 0.09401709401709402, "13.0": 0.07, "16.0": 0.11764705882352941, "17.0": 0.09090909090909091}, {"3.0": 0.16666666666666666, "8.0": 0.15204678362573099, "9.0": 0.14122137404580154, "10.0": 0.39751552795031053, "11.0": 0.22, "13.0": 0.14, "14.0": 0.1188118811881188, "15.0": 0.06349206349206349, "16.0": 0.20588235294117646, "17.0": 0.15151515151515152, "1.0": 0.5, "2.0": 0.14285714285714285, "4.0": 0.1, "5.0": 0.13157894736842105, "6.0": 0.07575757575757576, "7.0": 0.0958904109589041, "12.0": 0.1623931623931624, "20.0": 0.3333333333333333}, {"4.0": 0.35, "8.0": 0.11695906432748537, "9.0": 0.06870229007633588, "11.0": 0.11, "14.0": 0.04950495049504951, "15.0": 0.047619047619047616, "2.0": 0.14285714285714285, "3.0": 0.08333333333333333, "5.0": 0.07894736842105263, "6.0": 0.15151515151515152, "7.0": 0.1095890410958904, "10.0": 0.055900621118012424, "12.0": 0.05982905982905983, "13.0": 0.04, "17.0": 0.09090909090909091}, {"5.0": 0.05263157894736842, "3.0": 0.08333333333333333, "6.0": 0.06060606060606061, "7.0": 0.03424657534246575, "8.0": 0.07017543859649122, "9.0": 0.16412213740458015, "10.0": 0.043478260869565216, "11.0": 0.12, "12.0": 0.11965811965811966, "13.0": 0.14, "14.0": 0.1188118811881188,