{"Algorithm Parameters": {"K": 8}, "Algorithm Performance": {"WCSS": 33.06020620031602, "Silhouette Score": 0.31761035676632826, "Calinski Harabasz Index": 774.9180154961389}, "Clusters Content Analysis": {"Predictive Power": {"Global": {"Metrics": {"Class: Upgrade": {"Accuracy": 0.6428571428571429, "Precision": 0.76, "Recall": 0.9, "F1-Score": 0.8240963855421687}, "Class: Downgrade": {"Accuracy": 0.9090909090909091, "Precision": 0.76, "Recall": 0.6666666666666666, "F1-Score": 0.7102803738317756}}, "Confusion Matrix": {"predicted_down_AND_was_down": 10, "predicted_up_AND_was_up": 9, "predicted_no_change_AND_was_no_change": 0, "predicted_down_BUT_was_up": 1, "predicted_down_BUT_was_no_change": 799, "predicted_no_change_BUT_was_up": 0, "predicted_no_change_BUT_was_down": 0, "predicted_up_BUT_was_down": 5, "predicted_up_BUT_was_no_change": 617}}, "Restricted to jumps to or from below B-": {"Metrics": {"Class: Upgrade": "No element of this class", "Class: Downgrade": "No element of this class"}, "Confusion Matrix": {"predicted_down_AND_was_down": 0, "predicted_up_AND_was_up": 0, "predicted_no_change_AND_was_no_change": 0, "predicted_down_BUT_was_up": 0, "predicted_down_BUT_was_no_change": 810, "predicted_no_change_BUT_was_up": 0, "predicted_no_change_BUT_was_down": 0, "predicted_up_BUT_was_down": 0, "predicted_up_BUT_was_no_change": 631}}}, "Share of total companies in each clusters": [0.3004857737682165, 0.15128383067314366, 0.08743927827897294, 0.16030534351145037, 0.08327550312283137, 0.062456627342123525, 0.08605135322692574, 0.06870229007633588, {"SUM": 1.0}], "Clusters with significant ranges (count)": 8, "Significant Clusters (count)": 7, "Cluster Credit Ratings Shares": [{"1.0": 0.004618937644341801, "2.0": 0.004618937644341801, "3.0": 0.013856812933025405, "4.0": 0.009237875288683603, "5.0": 0.03233256351039261, "6.0": 0.046189376443418015, "7.0": 0.11547344110854503, "8.0": 0.12933025404157045, "9.0": 0.25635103926096997, "10.0": 0.03695150115473441, "11.0": 0.053117782909930716, "12.0": 0.07159353348729793, "13.0": 0.06466512702078522, "14.0": 0.06235565819861432, "15.0": 0.03926096997690531, "16.0": 0.02771362586605081, "17.0": 0.02771362586605081, "18.0": 0.0023094688221709007, "20.0": 0.0023094688221709007}, {"2.0": 0.0045871559633027525, "4.0": 0.0045871559633027525, "5.0": 0.022935779816513763, "6.0": 0.06422018348623854, "7.0": 0.09174311926605505, "8.0": 0.12385321100917432, "9.0": 0.11009174311926606, "10.0": 0.05963302752293578, "11.0": 0.05963302752293578, "12.0": 0.11467889908256881, "13.0": 0.11467889908256881, "14.0": 0.11467889908256881, "15.0": 0.07339449541284404, "18.0": 0.0045871559633027525, "20.0": 0.0045871559633027525, "16.0": 0.013761467889908258, "17.0": 0.01834862385321101}, {"2.0": 0.007936507936507936, "3.0": 0.007936507936507936, "4.0": 0.007936507936507936, "5.0": 0.023809523809523808, "6.0": 0.031746031746031744, "7.0": 0.15873015873015872, "8.0": 0.1111111111111111, "9.0": 0.15873015873015872, "10.0": 0.14285714285714285, "11.0": 0.047619047619047616, "14.0": 0.05555555555555555, "15.0": 0.05555555555555555, "12.0": 0.07936507936507936, "13.0": 0.05555555555555555, "16.0": 0.031746031746031744, "17.0": 0.023809523809523808}, {"3.0": 0.008658008658008658, "8.0": 0.09956709956709957, "9.0": 0.16883116883116883, "10.0": 0.26406926406926406, "11.0": 0.08658008658008658, "13.0": 0.05627705627705628, "14.0": 0.05194805194805195, "15.0": 0.017316017316017316, "16.0": 0.025974025974025976, "17.0": 0.021645021645021644, "1.0": 0.008658008658008658, "2.0": 0.004329004329004329, "4.0": 0.008658008658008658, "5.0": 0.017316017316017316, "6.0": 0.021645021645021644, "7.0": 0.06060606060606061, "12.0": 0.0735930735930736, "20.0": 0.004329004329004329}, {"4.0": 0.058333333333333334, "8.0": 0.18333333333333332, "9.0": 0.13333333333333333, "11.0": 0.09166666666666666, "14.0": 0.05, "15.0": 0.016666666666666666, "2.0": 0.008333333333333333, "3.0": 0.008333333333333333, "5.0": 0.025, "6.0": 0.08333333333333333, "7.0": 0.14166666666666666, "10.0": 0.08333333333333333, "12.0": 0.05, "13.0": 0.041666666666666664, "17.0": 0.025}, {"5.0": 0.044444444444444446, "7.0": 0.1, "9.0": 0.13333333333333333, "10.0": 0.08888888888888889, "11.0": 0.08888888888888889, "13.0": 0.1, "14.0": 0.1111111111111111, "16.0": 0.011111111111111112, "2.0": 0.011111111111111112, "3.0": 0.011111111111111112, "4.0": 0.03333333333333333, "6.0": 0.03333333333333333, "8.0": 0.1111111111111111, "12.0": 0.03333333333333333, "15.0": 0.05555555555555555, "17.0": 0.03333333333333333}, {"7.0": 0.0967741935483871, "9.0": 0.20161290322580644, "10.0": 0.20967741935483872, "3.0": 0.008064516129032258, "4.0": 0.008064516129032258, "5.0": 0.024193548387096774, "6.0": 0.04838709677419355, "8.0": 0.0967741935483871, "11.0": 0.08064516129032258, "12.0": 0.0967741935483871, "13.0": 0.03225806451612903, "14.0": 0.016129032258064516, "15.0": 0.016129032258064516, "16.0": 0.03225806451612903, "17.0": 0.024193548387096774, "18.0": 0.008064516129032258}, {"7.0": 0.04040404040404041, "9.0": 0.15151515151515152, "12.0": 0.13131313131313133, "14.0": 0.12121212121212122, "15.0": 0.10101010101010101, "4.0": 0.010101010101010102, "5.0": 0.020202020202020204, "6.0": 0.04040404040404041, "8.0": 0.0707070707070707, "10.0": 0.09090909090909091, "11.0": 0.09090909090909091, "13.0": 0.09090909090909091, "16.0": 0.04040404040404041}], "Share of total companies with given credit rating in each cluter": [{"1.0": 0.5, "2.0": 0.2857142857142857, "3.0": 0.5, "4.0": 0.2, "5.0": 0.3684210526315789, "6.0": 0.30303030303030304, "7.0": 0.3424657534246575, "8.0": 0.32748538011695905, "9.0": 0.42366412213740456, "10.0": 0.09937888198757763, "11.0": 0.23, "12.0": 0.26495726495726496, "13.0": 0.28, "14.0": 0.26732673267326734, "15.0": 0.2698412698412698, "16.0": 0.35294117647058826, "17.0": 0.36363636363636365, "18.0": 0.3333333333333333, "20.0": 0.3333333333333333}, {"2.0": 0.14285714285714285, "4.0": 0.05, "5.0": 0.13157894736842105, "6.0": 0.21212121212121213, "7.0": 0.136986301369863, "8.0": 0.15789473684210525, "9.0": 0.0916030534351145, "10.0": 0.08074534161490683, "11.0": 0.13, "12.0": 0.21367521367521367, "13.0": 0.25, "14.0": 0.24752475247524752, "15.0": 0.25396825396825395, "18.0": 0.3333333333333333, "20.0": 0.3333333333333333, "16.0": 0.08823529411764706, "17.0": 0.12121212121212122}, {"2.0": 0.14285714285714285, "3.0": 0.08333333333333333, "4.0": 0.05, "5.0": 0.07894736842105263, "6.0": 0.06060606060606061, "7.0": 0.136986301369863, "8.0": 0.08187134502923976, "9.0": 0.07633587786259542, "10.0": 0.11180124223602485, "11.0": 0.06, "14.0": 0.06930693069306931, "15.0": 0.1111111111111111, "12.0": 0.08547008547008547, "13.0": 0.07, "16.0": 0.11764705882352941, "17.0": 0.09090909090909091}, {"3.0": 0.16666666666666666, "8.0": 0.13450292397660818, "9.0": 0.14885496183206107, "10.0": 0.37888198757763975, "11.0": 0.2, "13.0": 0.13, "14.0": 0.1188118811881188, "15.0": 0.06349206349206349, "16.0": 0.17647058823529413, "17.0": 0.15151515151515152, "1.0": 0.5, "2.0": 0.14285714285714285, "4.0": 0.1, "5.0": 0.10526315789473684, "6.0": 0.07575757575757576, "7.0": 0.0958904109589041, "12.0": 0.1452991452991453, "20.0": 0.3333333333333333}, {"4.0": 0.35, "8.0": 0.1286549707602339, "9.0": 0.061068702290076333, "11.0": 0.11, "14.0": 0.0594059405940594, "15.0": 0.031746031746031744, "2.0": 0.14285714285714285, "3.0": 0.08333333333333333, "5.0": 0.07894736842105263, "6.0": 0.15151515151515152, "7.0": 0.11643835616438356, "10.0": 0.062111801242236024, "12.0": 0.05128205128205128, "13.0": 0.05, "17.0": 0.09090909090909091}, {"5.0": 0.10526315789473684, "7.0": 0.06164383561643835, "9.0": 0.04580152671755725, "10.0": 0.049689440993788817, "11.0": 0.08, "13.0": 0.09, "14.0": 0.09900990099009901, "16.0": 0.029411764705882353, "2.0": 0.14285714285714285, "3.0": 0.08333333333333333, "4.0": 0.15, "6.0": 0.045454545454545456, "8.0": 0.05847953216374269, "12.0": 0.02564102564102564, "15.0": 0.07936507936507936,