{"Algorithm Parameters": {"C": 8}, "Algorithm Performance": {"WCSS": 34.13268280924333, "Silhouette Score": 0.266280222651232, "Calinski Harabasz Index": 767.9627228693655}, "Clusters Content Analysis": {"Predictive Power": {"Global": {"Metrics": {"Class: Upgrade": {"Accuracy": 0.6666666666666666, "Precision": 0.8, "Recall": 1.0, "F1-Score": 0.888888888888889}, "Class: Downgrade": {"Accuracy": 1.0, "Precision": 0.8, "Recall": 0.6666666666666666, "F1-Score": 0.7272727272727272}}, "Confusion Matrix": {"predicted_down_AND_was_down": 10, "predicted_up_AND_was_up": 10, "predicted_no_change_AND_was_no_change": 0, "predicted_down_BUT_was_up": 0, "predicted_down_BUT_was_no_change": 797, "predicted_no_change_BUT_was_up": 0, "predicted_no_change_BUT_was_down": 0, "predicted_up_BUT_was_down": 5, "predicted_up_BUT_was_no_change": 619}}, "Restricted to jumps to or from below B-": {"Metrics": {"Class: Upgrade": "No element of this class", "Class: Downgrade": "No element of this class"}, "Confusion Matrix": {"predicted_down_AND_was_down": 0, "predicted_up_AND_was_up": 0, "predicted_no_change_AND_was_no_change": 0, "predicted_down_BUT_was_up": 0, "predicted_down_BUT_was_no_change": 807, "predicted_no_change_BUT_was_up": 0, "predicted_no_change_BUT_was_down": 0, "predicted_up_BUT_was_down": 0, "predicted_up_BUT_was_no_change": 634}}}, "Share of total companies in each clusters": [0.1970853573907009, 0.14226231783483692, 0.09715475364330327, 0.1297709923664122, 0.09646079111727966, 0.13809854267869534, 0.09923664122137404, 0.09993060374739764, {"SUM": 1.0000000000000002}], "Clusters with significant ranges (count)": 8, "Significant Clusters (count)": 7, "Cluster Credit Ratings Shares": [{"1.0": 0.007042253521126761, "2.0": 0.007042253521126761, "3.0": 0.017605633802816902, "4.0": 0.014084507042253521, "5.0": 0.04225352112676056, "6.0": 0.056338028169014086, "7.0": 0.16901408450704225, "8.0": 0.1619718309859155, "9.0": 0.13028169014084506, "10.0": 0.045774647887323945, "11.0": 0.035211267605633804, "12.0": 0.06338028169014084, "13.0": 0.06338028169014084, "14.0": 0.056338028169014086, "15.0": 0.0528169014084507, "16.0": 0.03169014084507042, "17.0": 0.03873239436619718, "18.0": 0.0035211267605633804, "20.0": 0.0035211267605633804}, {"2.0": 0.004878048780487805, "4.0": 0.004878048780487805, "5.0": 0.01951219512195122, "6.0": 0.05853658536585366, "7.0": 0.0975609756097561, "8.0": 0.11707317073170732, "9.0": 0.12195121951219512, "10.0": 0.05853658536585366, "11.0": 0.06829268292682927, "12.0": 0.12195121951219512, "13.0": 0.1073170731707317, "14.0": 0.11219512195121951, "15.0": 0.06829268292682927, "18.0": 0.004878048780487805, "20.0": 0.004878048780487805, "16.0": 0.014634146341463415, "17.0": 0.014634146341463415}, {"2.0": 0.007142857142857143, "3.0": 0.007142857142857143, "4.0": 0.007142857142857143, "5.0": 0.02142857142857143, "6.0": 0.04285714285714286, "7.0": 0.1357142857142857, "8.0": 0.10714285714285714, "9.0": 0.15, "10.0": 0.12857142857142856, "11.0": 0.05, "13.0": 0.06428571428571428, "14.0": 0.07142857142857142, "15.0": 0.05, "12.0": 0.09285714285714286, "16.0": 0.02857142857142857, "17.0": 0.02857142857142857, "20.0": 0.007142857142857143}, {"3.0": 0.0106951871657754, "7.0": 0.0748663101604278, "9.0": 0.1657754010695187, "10.0": 0.27807486631016043, "11.0": 0.0855614973262032, "13.0": 0.053475935828877004, "14.0": 0.0427807486631016, "16.0": 0.0213903743315508, "17.0": 0.016042780748663103, "1.0": 0.0106951871657754, "2.0": 0.0053475935828877, "4.0": 0.0106951871657754, "5.0": 0.0213903743315508, "6.0": 0.016042780748663103, "8.0": 0.11229946524064172, "12.0": 0.058823529411764705, "15.0": 0.016042780748663103}, {"4.0": 0.050359712230215826, "8.0": 0.17985611510791366, "9.0": 0.14388489208633093, "11.0": 0.08633093525179857, "14.0": 0.050359712230215826, "15.0": 0.014388489208633094, "2.0": 0.007194244604316547, "3.0": 0.007194244604316547, "5.0": 0.02158273381294964, "6.0": 0.07913669064748201, "7.0": 0.12949640287769784, "10.0": 0.1079136690647482, "12.0": 0.05755395683453238, "13.0": 0.03597122302158273, "17.0": 0.02877697841726619}, {"5.0": 0.01507537688442211, "10.0": 0.04522613065326633, "3.0": 0.005025125628140704, "6.0": 0.03015075376884422, "7.0": 0.02512562814070352, "8.0": 0.06532663316582915, "9.0": 0.3869346733668342, "11.0": 0.08040201005025126, "12.0": 0.08542713567839195, "13.0": 0.08040201005025126, "14.0": 0.08542713567839195, "15.0": 0.05527638190954774, "16.0": 0.035175879396984924, "17.0": 0.005025125628140704}, {"5.0": 0.04195804195804196, "7.0": 0.06293706293706294, "9.0": 0.16083916083916083, "10.0": 0.09090909090909091, "11.0": 0.0979020979020979, "12.0": 0.06993006993006994, "13.0": 0.1048951048951049, "14.0": 0.11188811188811189, "15.0": 0.04895104895104895, "16.0": 0.006993006993006993, "2.0": 0.006993006993006993, "3.0": 0.006993006993006993, "4.0": 0.027972027972027972, "6.0": 0.04195804195804196, "8.0": 0.0979020979020979, "17.0": 0.02097902097902098}, {"7.0": 0.09027777777777778, "8.0": 0.09027777777777778, "9.0": 0.19444444444444445, "10.0": 0.2013888888888889, "15.0": 0.027777777777777776, "17.0": 0.027777777777777776, "3.0": 0.006944444444444444, "4.0": 0.006944444444444444, "5.0": 0.020833333333333332, "6.0": 0.041666666666666664, "11.0": 0.0763888888888889, "12.0": 0.10416666666666667, "13.0": 0.034722222222222224, "14.0": 0.027777777777777776, "16.0": 0.041666666666666664, "18.0": 0.006944444444444444}], "Share of total companies with given credit rating in each cluter": [{"1.0": 0.5, "2.0": 0.2857142857142857, "3.0": 0.4166666666666667, "4.0": 0.2, "5.0": 0.3157894736842105, "6.0": 0.24242424242424243, "7.0": 0.3287671232876712, "8.0": 0.26900584795321636, "9.0": 0.14122137404580154, "10.0": 0.08074534161490683, "11.0": 0.1, "12.0": 0.15384615384615385, "13.0": 0.18, "14.0": 0.15841584158415842, "15.0": 0.23809523809523808, "16.0": 0.2647058823529412, "17.0": 0.3333333333333333, "18.0": 0.3333333333333333, "20.0": 0.3333333333333333}, {"2.0": 0.14285714285714285, "4.0": 0.05, "5.0": 0.10526315789473684, "6.0": 0.18181818181818182, "7.0": 0.136986301369863, "8.0": 0.14035087719298245, "9.0": 0.09541984732824428, "10.0": 0.07453416149068323, "11.0": 0.14, "12.0": 0.21367521367521367, "13.0": 0.22, "14.0": 0.22772277227722773, "15.0": 0.2222222222222222, "18.0": 0.3333333333333333, "20.0": 0.3333333333333333, "16.0": 0.08823529411764706, "17.0": 0.09090909090909091}, {"2.0": 0.14285714285714285, "3.0": 0.08333333333333333, "4.0": 0.05, "5.0": 0.07894736842105263, "6.0": 0.09090909090909091, "7.0": 0.13013698630136986, "8.0": 0.08771929824561403, "9.0": 0.08015267175572519, "10.0": 0.11180124223602485, "11.0": 0.07, "13.0": 0.09, "14.0": 0.09900990099009901, "15.0": 0.1111111111111111, "12.0": 0.1111111111111111, "16.0": 0.11764705882352941, "17.0": 0.12121212121212122, "20.0": 0.3333333333333333}, {"3.0": 0.16666666666666666, "7.0": 0.0958904109589041, "9.0": 0.1183206106870229, "10.0": 0.32298136645962733, "11.0": 0.16, "13.0": 0.1, "14.0": 0.07920792079207921, "16.0": 0.11764705882352941, "17.0": 0.09090909090909091, "1.0": 0.5, "2.0": 0.14285714285714285, "4.0": 0.1, "5.0": 0.10526315789473684, "6.0": 0.045454545454545456, "8.0": 0.12280701754385964, "12.0": 0.09401709401709402, "15.0": 0.047619047619047616}, {"4.0": 0.35, "8.0": 0.14619883040935672, "9.0": 0.07633587786259542, "11.0": 0.12, "14.0": 0.06930693069306931, "15.0": 0.031746031746031744, "2.0": 0.14285714285714285, "3.0": 0.08333333333333333, "5.0": 0.07894736842105263, "6.0": 0.16666666666666666, "7.0": 0.1232876712328767, "10.0": 0.09316770186335403, "12.0": 0.06837606837606838, "13.0": 0.05, "17.0": 0.12121212121212122}, {"5.0": 0.07894736842105263, "10.0": 0.055900621118012424, "3.0": 0.08333333333333333, "6.0": 0.09090909090909091, "7.0": 0.03424657534246575, "8.0": 0.07602339181286549, "9.0": 0.29389312977099236, "11.0": 0.16, "12.0": 0.1452991452991453, "13.0": 0.16, "14.0": 0.16831683168316833, "15.0": 0.1746031746031746, "16.0": 0.20588235294117646,