{"Algorithm Parameters": {"C": 8}, "Algorithm Performance": {"WCSS": 34.13268280924333, "Silhouette Score": 0.266280222651232, "Calinski Harabasz Index": 767.9627228693655}, "Clusters Content Analysis": {"Predictive Power": {"Global": {"Metrics": {"Class: Upgrade": {"Accuracy": 0.6774193548387096, "Precision": 0.7608695652173914, "Recall": 0.9545454545454546, "F1-Score": 0.8467741935483871}, "Class: Downgrade": {"Accuracy": 0.9333333333333333, "Precision": 0.7608695652173914, "Recall": 0.5833333333333334, "F1-Score": 0.6603773584905662}}, "Confusion Matrix": {"predicted_down_AND_was_down": 14, "predicted_up_AND_was_up": 21, "predicted_no_change_AND_was_no_change": 0, "predicted_down_BUT_was_up": 1, "predicted_down_BUT_was_no_change": 792, "predicted_no_change_BUT_was_up": 0, "predicted_no_change_BUT_was_down": 0, "predicted_up_BUT_was_down": 10, "predicted_up_BUT_was_no_change": 603}}, "Restricted to jumps to or from below B-": {"Metrics": {"Class: Upgrade": "No element of this class", "Class: Downgrade": "No element of this class"}, "Confusion Matrix": {"predicted_down_AND_was_down": 0, "predicted_up_AND_was_up": 0, "predicted_no_change_AND_was_no_change": 0, "predicted_down_BUT_was_up": 0, "predicted_down_BUT_was_no_change": 807, "predicted_no_change_BUT_was_up": 0, "predicted_no_change_BUT_was_down": 0, "predicted_up_BUT_was_down": 0, "predicted_up_BUT_was_no_change": 634}}}, "Share of total companies in each clusters": [0.1970853573907009, 0.14226231783483692, 0.09715475364330327, 0.1297709923664122, 0.09646079111727966, 0.13809854267869534, 0.09923664122137404, 0.09993060374739764, {"SUM": 1.0000000000000002}], "Clusters with significant ranges (count)": 8, "Significant Clusters (count)": 7, "Cluster Credit Ratings Shares": [{"AAA": 0.007042253521126761, "AA+": 0.007042253521126761, "AA": 0.017605633802816902, "AA-": 0.014084507042253521, "A+": 0.04225352112676056, "A": 0.056338028169014086, "A-": 0.16901408450704225, "BBB+": 0.1619718309859155, "BBB": 0.13028169014084506, "BBB-": 0.045774647887323945, "BB+": 0.035211267605633804, "BB": 0.06338028169014084, "BB-": 0.06338028169014084, "B+": 0.056338028169014086, "B": 0.0528169014084507, "B-": 0.03169014084507042, "CCC+": 0.02112676056338028, "CCC": 0.007042253521126761, "CCC-": 0.01056338028169014, "CC": 0.0035211267605633804, "D": 0.0035211267605633804}, {"AA+": 0.004878048780487805, "AA-": 0.004878048780487805, "A+": 0.01951219512195122, "A": 0.05853658536585366, "A-": 0.0975609756097561, "BBB+": 0.11707317073170732, "BBB": 0.12195121951219512, "BBB-": 0.05853658536585366, "BB+": 0.06829268292682927, "BB": 0.12195121951219512, "BB-": 0.1073170731707317, "B+": 0.11219512195121951, "B": 0.06829268292682927, "CC": 0.004878048780487805, "D": 0.004878048780487805, "B-": 0.014634146341463415, "CCC+": 0.00975609756097561, "CCC": 0.004878048780487805}, {"AA+": 0.007142857142857143, "AA": 0.007142857142857143, "AA-": 0.007142857142857143, "A+": 0.02142857142857143, "A": 0.04285714285714286, "A-": 0.1357142857142857, "BBB+": 0.10714285714285714, "BBB": 0.15, "BBB-": 0.12857142857142856, "BB+": 0.05, "BB-": 0.06428571428571428, "B+": 0.07142857142857142, "B": 0.05, "BB": 0.09285714285714286, "B-": 0.02857142857142857, "CCC+": 0.014285714285714285, "CCC-": 0.014285714285714285, "D": 0.007142857142857143}, {"AA": 0.0106951871657754, "A-": 0.0748663101604278, "BBB": 0.1657754010695187, "BBB-": 0.27807486631016043, "BB+": 0.0855614973262032, "BB-": 0.053475935828877004, "B+": 0.0427807486631016, "B-": 0.0213903743315508, "CCC+": 0.0053475935828877, "AAA": 0.0106951871657754, "AA+": 0.0053475935828877, "AA-": 0.0106951871657754, "A+": 0.0213903743315508, "A": 0.016042780748663103, "BBB+": 0.11229946524064172, "BB": 0.058823529411764705, "B": 0.016042780748663103, "CCC": 0.0053475935828877, "CCC-": 0.0053475935828877}, {"AA-": 0.050359712230215826, "BBB+": 0.17985611510791366, "BBB": 0.14388489208633093, "BB+": 0.08633093525179857, "B+": 0.050359712230215826, "B": 0.014388489208633094, "AA+": 0.007194244604316547, "AA": 0.007194244604316547, "A+": 0.02158273381294964, "A": 0.07913669064748201, "A-": 0.12949640287769784, "BBB-": 0.1079136690647482, "BB": 0.05755395683453238, "BB-": 0.03597122302158273, "CCC+": 0.014388489208633094, "CCC": 0.014388489208633094}, {"A+": 0.01507537688442211, "BBB-": 0.04522613065326633, "AA": 0.005025125628140704, "A": 0.03015075376884422, "A-": 0.02512562814070352, "BBB+": 0.06532663316582915, "BBB": 0.3869346733668342, "BB+": 0.08040201005025126, "BB": 0.08542713567839195, "BB-": 0.08040201005025126, "B+": 0.08542713567839195, "B": 0.05527638190954774, "B-": 0.035175879396984924, "CCC+": 0.005025125628140704}, {"A+": 0.04195804195804196, "A-": 0.06293706293706294, "BBB": 0.16083916083916083, "BBB-": 0.09090909090909091, "BB+": 0.0979020979020979, "BB": 0.06993006993006994, "BB-": 0.1048951048951049, "B+": 0.11188811188811189, "B": 0.04895104895104895, "B-": 0.006993006993006993, "AA+": 0.006993006993006993, "AA": 0.006993006993006993, "AA-": 0.027972027972027972, "A": 0.04195804195804196, "BBB+": 0.0979020979020979, "CCC+": 0.02097902097902098}, {"A-": 0.09027777777777778, "BBB+": 0.09027777777777778, "BBB": 0.19444444444444445, "BBB-": 0.2013888888888889, "B": 0.027777777777777776, "CCC+": 0.027777777777777776, "AA": 0.006944444444444444, "AA-": 0.006944444444444444, "A+": 0.020833333333333332, "A": 0.041666666666666664, "BB+": 0.0763888888888889, "BB": 0.10416666666666667, "BB-": 0.034722222222222224, "B+": 0.027777777777777776, "B-": 0.041666666666666664, "CC": 0.006944444444444444}], "Share of total companies with given credit rating in each cluter": [{"AAA": 0.5, "AA+": 0.2857142857142857, "AA": 0.4166666666666667, "AA-": 0.2, "A+": 0.3157894736842105, "A": 0.24242424242424243, "A-": 0.3287671232876712, "BBB+": 0.26900584795321636, "BBB": 0.14122137404580154, "BBB-": 0.08074534161490683, "BB+": 0.1, "BB": 0.15384615384615385, "BB-": 0.18, "B+": 0.15841584158415842, "B": 0.23809523809523808, "B-": 0.2647058823529412, "CCC+": 0.2857142857142857, "CCC": 0.3333333333333333, "CCC-": 0.5, "CC": 0.3333333333333333, "D": 0.3333333333333333}, {"AA+": 0.14285714285714285, "AA-": 0.05, "A+": 0.10526315789473684, "A": 0.18181818181818182, "A-": 0.136986301369863, "BBB+": 0.14035087719298245, "BBB": 0.09541984732824428, "BBB-": 0.07453416149068323, "BB+": 0.14, "BB": 0.21367521367521367, "BB-": 0.22, "B+": 0.22772277227722773, "B": 0.2222222222222222, "CC": 0.3333333333333333, "D": 0.3333333333333333, "B-": 0.08823529411764706, "CCC+": 0.09523809523809523, "CCC": 0.16666666666666666}, {"AA+": 0.14285714285714285, "AA": 0.08333333333333333, "AA-": 0.05, "A+": 0.07894736842105263, "A": 0.09090909090909091, "A-": 0.13013698630136986, "BBB+": 0.08771929824561403, "BBB": 0.08015267175572519, "BBB-": 0.11180124223602485, "BB+": 0.07, "BB-": 0.09, "B+": 0.09900990099009901, "B": 0.1111111111111111, "BB": 0.1111111111111111, "B-": 0.11764705882352941, "CCC+": 0.09523809523809523, "CCC-": 0.3333333333333333, "D": 0.3333333333333333}, {"AA": 0.16666666666666666, "A-": 0.0958904109589041, "BBB": 0.1183206106870229, "BBB-": 0.32298136645962733, "BB+": 0.16, "BB-": 0.1, "B+": 0.07920792079207921, "B-": 0.11764705882352941, "CCC+": 0.047619047619047616, "AAA": 0.5, "AA+": 0.14285714285714285, "AA-": 0.1, "A+": 0.10526315789473684, "A": 0.045454545454545456, "BBB+": 0.12280701754385964, "BB": 0.09401709401709402, "B": 0.047619047619047616, "CCC": 0.16666666666666666, "CCC-": 0.16666666666666666}, {"AA-": 0.35, "BBB+": 0.14619883040935672, "BBB": 0.07633587786259542, "BB+": 0.12, "B+": 0.06930693069306931, "B": 0.031746031746031744, "AA+": 0.14285714285714285, "AA": 0.08333333333333333, "A+": 0.07894736842105263, "A": 0.16666666666666666, "A-": 0.1232876712328767, "BBB-": 0.09316770186335403, "BB": 0.06837606837606838, "BB-": 0.05, "CCC+": 0.09523809523809523, "CCC": 0.3333333333333333}, {"A+": 0.07894736842105263, "BBB-": 0.055900621118012424, "AA": 0.08333333333333333, "A": 0.09090909090909091,