{"Algorithm Parameters": {"K": 7}, "Algorithm Performance": {"WCSS": 35.065417706592925, "Silhouette Score": 0.33436957326212885, "Calinski Harabasz Index": 839.2690999434847}, "Clusters Content Analysis": {"Predictive Power": {"Global": {"Metrics": {"Class: Upgrade": {"Accuracy": 0.6428571428571429, "Precision": 0.76, "Recall": 0.9, "F1-Score": 0.8240963855421687}, "Class: Downgrade": {"Accuracy": 0.9090909090909091, "Precision": 0.76, "Recall": 0.6666666666666666, "F1-Score": 0.7102803738317756}}, "Confusion Matrix": {"predicted_down_AND_was_down": 10, "predicted_up_AND_was_up": 9, "predicted_no_change_AND_was_no_change": 0, "predicted_down_BUT_was_up": 1, "predicted_down_BUT_was_no_change": 786, "predicted_no_change_BUT_was_up": 0, "predicted_no_change_BUT_was_down": 0, "predicted_up_BUT_was_down": 5, "predicted_up_BUT_was_no_change": 630}}, "Restricted to jumps to or from below B-": {"Metrics": {"Class: Upgrade": "No element of this class", "Class: Downgrade": "No element of this class"}, "Confusion Matrix": {"predicted_down_AND_was_down": 0, "predicted_up_AND_was_up": 0, "predicted_no_change_AND_was_no_change": 0, "predicted_down_BUT_was_up": 0, "predicted_down_BUT_was_no_change": 797, "predicted_no_change_BUT_was_up": 0, "predicted_no_change_BUT_was_down": 0, "predicted_up_BUT_was_down": 0, "predicted_up_BUT_was_no_change": 644}}}, "Share of total companies in each clusters": [0.32546842470506593, 0.14920194309507287, 0.09646079111727966, 0.16377515614156835, 0.08258154059680778, 0.1054823039555864, 0.07702984038861901, {"SUM": 1.0}], "Clusters with significant ranges (count)": 7, "Significant Clusters (count)": 6, "Cluster Credit Ratings Shares": [{"1.0": 0.0042643923240938165, "2.0": 0.0042643923240938165, "3.0": 0.01279317697228145, "4.0": 0.008528784648187633, "5.0": 0.029850746268656716, "6.0": 0.04477611940298507, "7.0": 0.11087420042643924, "8.0": 0.12153518123667377, "9.0": 0.24307036247334754, "10.0": 0.042643923240938165, "11.0": 0.05543710021321962, "12.0": 0.07036247334754797, "13.0": 0.06609808102345416, "14.0": 0.06823027718550106, "15.0": 0.053304904051172705, "16.0": 0.03411513859275053, "17.0": 0.0255863539445629, "18.0": 0.0021321961620469083, "20.0": 0.0021321961620469083}, {"2.0": 0.004651162790697674, "4.0": 0.004651162790697674, "5.0": 0.023255813953488372, "6.0": 0.06046511627906977, "7.0": 0.09302325581395349, "8.0": 0.11627906976744186, "9.0": 0.11162790697674418, "10.0": 0.06046511627906977, "11.0": 0.06046511627906977, "12.0": 0.12093023255813953, "13.0": 0.11627906976744186, "14.0": 0.11627906976744186, "15.0": 0.06976744186046512, "18.0": 0.004651162790697674, "20.0": 0.004651162790697674, "16.0": 0.013953488372093023, "17.0": 0.018604651162790697}, {"2.0": 0.007194244604316547, "3.0": 0.007194244604316547, "4.0": 0.007194244604316547, "5.0": 0.02158273381294964, "6.0": 0.04316546762589928, "7.0": 0.1510791366906475, "8.0": 0.11510791366906475, "9.0": 0.15827338129496402, "10.0": 0.1366906474820144, "11.0": 0.05755395683453238, "14.0": 0.05755395683453238, "15.0": 0.05755395683453238, "12.0": 0.07913669064748201, "13.0": 0.050359712230215826, "16.0": 0.02877697841726619, "17.0": 0.02158273381294964}, {"3.0": 0.00847457627118644, "8.0": 0.11016949152542373, "9.0": 0.15677966101694915, "10.0": 0.2627118644067797, "11.0": 0.08050847457627118, "13.0": 0.059322033898305086, "14.0": 0.05084745762711865, "15.0": 0.01694915254237288, "16.0": 0.029661016949152543, "17.0": 0.0211864406779661, "1.0": 0.00847457627118644, "2.0": 0.00423728813559322, "4.0": 0.00847457627118644, "5.0": 0.0211864406779661, "6.0": 0.0211864406779661, "7.0": 0.05508474576271186, "12.0": 0.08050847457627118, "20.0": 0.00423728813559322}, {"4.0": 0.058823529411764705, "8.0": 0.17647058823529413, "9.0": 0.15126050420168066, "11.0": 0.09243697478991597, "14.0": 0.04201680672268908, "15.0": 0.01680672268907563, "2.0": 0.008403361344537815, "3.0": 0.008403361344537815, "5.0": 0.025210084033613446, "6.0": 0.08403361344537816, "7.0": 0.13445378151260504, "10.0": 0.08403361344537816, "12.0": 0.058823529411764705, "13.0": 0.03361344537815126, "17.0": 0.025210084033613446}, {"5.0": 0.039473684210526314, "7.0": 0.06578947368421052, "9.0": 0.1513157894736842, "10.0": 0.09210526315789473, "11.0": 0.10526315789473684, "12.0": 0.07894736842105263, "13.0": 0.09868421052631579, "14.0": 0.10526315789473684, "15.0": 0.046052631578947366, "16.0": 0.006578947368421052, "2.0": 0.006578947368421052, "3.0": 0.006578947368421052, "4.0": 0.02631578947368421, "6.0": 0.046052631578947366, "8.0": 0.10526315789473684, "17.0": 0.019736842105263157}, {"7.0": 0.12612612612612611, "9.0": 0.21621621621621623, "10.0": 0.2072072072072072, "3.0": 0.009009009009009009, "4.0": 0.009009009009009009, "5.0": 0.018018018018018018, "6.0": 0.036036036036036036, "8.0": 0.09009009009009009, "11.0": 0.06306306306306306, "12.0": 0.08108108108108109, "13.0": 0.036036036036036036, "14.0": 0.02702702702702703, "15.0": 0.018018018018018018, "16.0": 0.02702702702702703, "17.0": 0.02702702702702703, "18.0": 0.009009009009009009}], "Share of total companies with given credit rating in each cluter": [{"1.0": 0.5, "2.0": 0.2857142857142857, "3.0": 0.5, "4.0": 0.2, "5.0": 0.3684210526315789, "6.0": 0.3181818181818182, "7.0": 0.3561643835616438, "8.0": 0.3333333333333333, "9.0": 0.4351145038167939, "10.0": 0.12422360248447205, "11.0": 0.26, "12.0": 0.28205128205128205, "13.0": 0.31, "14.0": 0.31683168316831684, "15.0": 0.3968253968253968, "16.0": 0.47058823529411764, "17.0": 0.36363636363636365, "18.0": 0.3333333333333333, "20.0": 0.3333333333333333}, {"2.0": 0.14285714285714285, "4.0": 0.05, "5.0": 0.13157894736842105, "6.0": 0.19696969696969696, "7.0": 0.136986301369863, "8.0": 0.14619883040935672, "9.0": 0.0916030534351145, "10.0": 0.08074534161490683, "11.0": 0.13, "12.0": 0.2222222222222222, "13.0": 0.25, "14.0": 0.24752475247524752, "15.0": 0.23809523809523808, "18.0": 0.3333333333333333, "20.0": 0.3333333333333333, "16.0": 0.08823529411764706, "17.0": 0.12121212121212122}, {"2.0": 0.14285714285714285, "3.0": 0.08333333333333333, "4.0": 0.05, "5.0": 0.07894736842105263, "6.0": 0.09090909090909091, "7.0": 0.14383561643835616, "8.0": 0.0935672514619883, "9.0": 0.08396946564885496, "10.0": 0.11801242236024845, "11.0": 0.08, "14.0": 0.07920792079207921, "15.0": 0.12698412698412698, "12.0": 0.09401709401709402, "13.0": 0.07, "16.0": 0.11764705882352941, "17.0": 0.09090909090909091}, {"3.0": 0.16666666666666666, "8.0": 0.15204678362573099, "9.0": 0.14122137404580154, "10.0": 0.38509316770186336, "11.0": 0.19, "13.0": 0.14, "14.0": 0.1188118811881188, "15.0": 0.06349206349206349, "16.0": 0.20588235294117646, "17.0": 0.15151515151515152, "1.0": 0.5, "2.0": 0.14285714285714285, "4.0": 0.1, "5.0": 0.13157894736842105, "6.0": 0.07575757575757576, "7.0": 0.08904109589041095, "12.0": 0.1623931623931624, "20.0": 0.3333333333333333}, {"4.0": 0.35, "8.0": 0.12280701754385964, "9.0": 0.06870229007633588, "11.0": 0.11, "14.0": 0.04950495049504951, "15.0": 0.031746031746031744, "2.0": 0.14285714285714285, "3.0": 0.08333333333333333, "5.0": 0.07894736842105263, "6.0": 0.15151515151515152, "7.0": 0.1095890410958904, "10.0": 0.062111801242236024, "12.0": 0.05982905982905983, "13.0": 0.04, "17.0": 0.09090909090909091}, {"5.0": 0.15789473684210525, "7.0": 0.0684931506849315, "9.0": 0.08778625954198473, "10.0": 0.08695652173913043, "11.0": 0.16, "12.0": 0.10256410256410256, "13.0": 0.15, "14.0": 0.15841584158415842, "15.0": 0.1111111111111111, "16.0": 0.029411764705882353, "2.0": 0.14285714285714285, "3.0": 0.08333333333333333, "4.0": 0.2, "6.0": 0.10606060606060606, "8.0": 0.0935672514619883, "17.0": 0.09090909090909091}, {"7.0": 0.0958904109589041, "9.0": 0.0916030534351145, "10.0": 0.14285714285714285, "3.0": 0.08333333333333333, "4.0": 0.05, "5.0": 0.05263157894736842, "6.0": 0.06060606060606061, "8.0": 0.05847953216374269, "11.0": 0.07, "12.0": 0.07692307692307693, "13.0": 0.04, "14.0": 0.0297029702970297,