{"Algorithm Parameters": {"Threshold Value": 0.1, "Braching Factor": 22, "K": 2}, "Algorithm Performance": {"Silhouette Score": 0.35957643511655996}, "Clusters Content Analysis": {"Predictive Power": {"Metrics": {"Class: Upgrade": {"Accuracy": 0.6428571428571429, "Precision": 0.76, "Recall": 0.9, "F1-Score": 0.8240963855421687}, "Class: Downgrade": {"Accuracy": 0.9090909090909091, "Precision": 0.76, "Recall": 0.6666666666666666, "F1-Score": 0.7102803738317756}}, "Confusion Matrix": {"predicted_down_AND_was_down": 10, "predicted_up_AND_was_up": 9, "predicted_no_change_AND_was_no_change": 0, "predicted_down_BUT_was_up": 1, "predicted_down_BUT_was_no_change": 697, "predicted_no_change_BUT_was_up": 0, "predicted_no_change_BUT_was_down": 0, "predicted_up_BUT_was_down": 5, "predicted_up_BUT_was_no_change": 619}}, "Share of total companies in each clusters": [0.5309470544369873, 0.4690529455630127, {"SUM": 1.0}], "Clusters with significant ranges (count)": 2, "Significant Clusters (count)": 2, "Cluster Credit Ratings Shares": [{"1.0": 0.0028089887640449437, "2.0": 0.004213483146067416, "3.0": 0.009831460674157303, "4.0": 0.009831460674157303, "5.0": 0.026685393258426966, "6.0": 0.05196629213483146, "7.0": 0.12219101123595505, "8.0": 0.1306179775280899, "9.0": 0.12640449438202248, "10.0": 0.06179775280898876, "11.0": 0.06320224719101124, "12.0": 0.09269662921348315, "13.0": 0.09410112359550561, "14.0": 0.07724719101123595, "15.0": 0.06460674157303371, "16.0": 0.02949438202247191, "17.0": 0.026685393258426966, "18.0": 0.0028089887640449437, "20.0": 0.0028089887640449437}, {"2.0": 0.006359300476947536, "3.0": 0.00794912559618442, "4.0": 0.02066772655007949, "5.0": 0.030206677265500796, "6.0": 0.046104928457869634, "7.0": 0.09379968203497616, "8.0": 0.12400635930047695, "9.0": 0.17488076311605724, "10.0": 0.13672496025437203, "11.0": 0.08744038155802862, "12.0": 0.08108108108108109, "13.0": 0.05246422893481717, "14.0": 0.06200317965023847, "15.0": 0.02702702702702703, "16.0": 0.02066772655007949, "17.0": 0.022257551669316374, "1.0": 0.003179650238473768, "18.0": 0.001589825119236884, "20.0": 0.001589825119236884}], "Share of total companies with given credit rating in each cluter": [{"1.0": 0.5, "2.0": 0.42857142857142855, "3.0": 0.5833333333333334, "4.0": 0.35, "5.0": 0.5, "6.0": 0.5606060606060606, "7.0": 0.5958904109589042, "8.0": 0.543859649122807, "9.0": 0.45, "10.0": 0.3384615384615385, "11.0": 0.45, "12.0": 0.5641025641025641, "13.0": 0.67, "14.0": 0.5851063829787234, "15.0": 0.7301587301587301, "16.0": 0.6176470588235294, "17.0": 0.5757575757575758, "18.0": 0.6666666666666666, "20.0": 0.6666666666666666}, {"2.0": 0.5714285714285714, "3.0": 0.4166666666666667, "4.0": 0.65, "5.0": 0.5, "6.0": 0.4393939393939394, "7.0": 0.4041095890410959, "8.0": 0.45614035087719296, "9.0": 0.55, "10.0": 0.6615384615384615, "11.0": 0.55, "12.0": 0.4358974358974359, "13.0": 0.33, "14.0": 0.4148936170212766, "15.0": 0.2698412698412698, "16.0": 0.38235294117647056, "17.0": 0.42424242424242425, "1.0": 0.5, "18.0": 0.3333333333333333, "20.0": 0.3333333333333333}], "Cluster ranges": [19.0, 19.0], "Cluster metrics of location and dispersion": [{"Mean": 10.294943820224718, "Median": 10.0, "1st Quartile": 8.0, "3rd Quartile": 13.0, "Standard Deviation": 3.384544721875, "Is Signficant": true}, {"Mean": 9.799682034976152, "Median": 9.0, "1st Quartile": 8.0, "3rd Quartile": 12.0, "Standard Deviation": 3.068056856036279, "Is Signficant": true}], "Cluster entropies": [3.6973946992449203, 3.608501578095742], "Maximum entropy": 3.6973946992449203, "Weighted average entropy": 3.6556991189296086, "Incoherencies explanations": {"CLUSTER 0": {"RATING 9.0": [{"Leverage": {"Comparison": "Cluster elements in lower half", "Credit Rating Statistics": {"Mean": 0.2734592788971997, "Median": 0.272731351074936, "1st Quartile": 0.265439815520012, "3rd Quartile": 0.2846164589121294, "Standard Deviation": 0.027067740646007737}, "Cluster Statistics": {"Mean": 0.26777266922963266, "Median": 0.26950037845746766, "1st Quartile": 0.261294306695177, "3rd Quartile": 0.2780017680487053, "Standard Deviation": 0.023976624130407263}}}, {"Profitability": {"Comparison": "Cluster elements in upper half", "Credit Rating Statistics": {"Mean": 0.3360277502094533, "Median": 0.33222168006847685, "1st Quartile": 0.32212902554484935, "3rd Quartile": 0.34756211701737205, "Standard Deviation": 0.023224752471244784}, "Cluster Statistics": {"Mean": 0.33268636826773457, "Median": 0.33028727067430796, "1st Quartile": 0.3200802801912593, "3rd Quartile": 0.33998840143461506, "Standard Deviation": 0.023139450154750413}}}, {"Industry Risk": {"Comparison": "Cluster elements in upper half", "Credit Rating Statistics": {"Mean": 0.08068181818181819, "Median": 0.09090909090909091, "1st Quartile": 0.0, "3rd Quartile": 0.13636363636363635, "Standard Deviation": 0.07178904760039584}, "Cluster Statistics": {"Mean": 0.10247933884297519, "Median": 0.09090909090909091, "1st Quartile": 0.09090909090909091, "3rd Quartile": 0.13636363636363635, "Standard Deviation": 0.06754144556036173}}}, {"Country Diversification": {"Comparison": "Cluster elements in upper half", "Credit Rating Statistics": {"Mean": 0.24057816933081244, "Median": 0.22197264695964325, "1st Quartile": 0.0, "3rd Quartile": 0.4035808788424011, "Standard Deviation": 0.22531117495969952}, "Cluster Statistics": {"Mean": 0.3951450601200049, "Median": 0.3903992731997823, "1st Quartile": 0.29260452289893496, "3rd Quartile": 0.5218018171359529, "Standard Deviation": 0.18090281397105057}}}, {"Industry Diversification": {"Comparison": "Cluster elements in upper half", "Credit Rating Statistics": {"Mean": 0.2561992533848201, "Median": 0.25761816524373293, "1st Quartile": 0.0, "3rd Quartile": 0.4465685582357646, "Standard Deviation": 0.22313543658389842}, "Cluster Statistics": {"Mean": 0.3630561868281393, "Median": 0.42513832851150357, "1st Quartile": 0.23344394062542267, "3rd Quartile": 0.5085156802650619, "Standard Deviation": 0.21248933999296668}}}]}, "CLUSTER 1": {}}}}