{"Algorithm Parameters": {"Threshold Value": 0.1, "Braching Factor": 22, "K": 2}, "Algorithm Performance": {"Silhouette Score": 0.35957643511655996}, "Clusters Content Analysis": {"Predictive Power": {"Global": {"Metrics": {"Class: Upgrade": {"Accuracy": 0.6666666666666666, "Precision": 0.7391304347826086, "Recall": 0.9090909090909091, "F1-Score": 0.8153477218225419}, "Class: Downgrade": {"Accuracy": 0.875, "Precision": 0.7391304347826086, "Recall": 0.5833333333333334, "F1-Score": 0.6520547945205479}}, "Confusion Matrix": {"predicted_down_AND_was_down": 14, "predicted_up_AND_was_up": 20, "predicted_no_change_AND_was_no_change": 0, "predicted_down_BUT_was_up": 2, "predicted_down_BUT_was_no_change": 692, "predicted_no_change_BUT_was_up": 0, "predicted_no_change_BUT_was_down": 0, "predicted_up_BUT_was_down": 10, "predicted_up_BUT_was_no_change": 603}}, "Restricted to jumps to or from below B-": {"Metrics": {"Class: Upgrade": "No element of this class", "Class: Downgrade": "No element of this class"}, "Confusion Matrix": {"predicted_down_AND_was_down": 0, "predicted_up_AND_was_up": 0, "predicted_no_change_AND_was_no_change": 0, "predicted_down_BUT_was_up": 0, "predicted_down_BUT_was_no_change": 708, "predicted_no_change_BUT_was_up": 0, "predicted_no_change_BUT_was_down": 0, "predicted_up_BUT_was_down": 0, "predicted_up_BUT_was_no_change": 633}}}, "Share of total companies in each clusters": [0.5309470544369873, 0.4690529455630127, {"SUM": 1.0}], "Clusters with significant ranges (count)": 2, "Significant Clusters (count)": 2, "Cluster Credit Ratings Shares": [{"AAA": 0.0028089887640449437, "AA+": 0.004213483146067416, "AA": 0.009831460674157303, "AA-": 0.009831460674157303, "A+": 0.026685393258426966, "A": 0.05196629213483146, "A-": 0.12219101123595505, "BBB+": 0.1306179775280899, "BBB": 0.12640449438202248, "BBB-": 0.06179775280898876, "BB+": 0.06320224719101124, "BB": 0.09269662921348315, "BB-": 0.09410112359550561, "B+": 0.07724719101123595, "B": 0.06460674157303371, "B-": 0.02949438202247191, "CCC+": 0.01544943820224719, "CCC": 0.004213483146067416, "CCC-": 0.007022471910112359, "CC": 0.0028089887640449437, "D": 0.0028089887640449437}, {"AA+": 0.006359300476947536, "AA": 0.00794912559618442, "AA-": 0.02066772655007949, "A+": 0.030206677265500796, "A": 0.046104928457869634, "A-": 0.09379968203497616, "BBB+": 0.12400635930047695, "BBB": 0.17488076311605724, "BBB-": 0.13672496025437203, "BB+": 0.08744038155802862, "BB": 0.08108108108108109, "BB-": 0.05246422893481717, "B+": 0.06200317965023847, "B": 0.02702702702702703, "B-": 0.02066772655007949, "CCC+": 0.01589825119236884, "AAA": 0.003179650238473768, "CCC": 0.0047694753577106515, "CCC-": 0.001589825119236884, "CC": 0.001589825119236884, "D": 0.001589825119236884}], "Share of total companies with given credit rating in each cluter": [{"AAA": 0.5, "AA+": 0.42857142857142855, "AA": 0.5833333333333334, "AA-": 0.35, "A+": 0.5, "A": 0.5606060606060606, "A-": 0.5958904109589042, "BBB+": 0.543859649122807, "BBB": 0.45, "BBB-": 0.3384615384615385, "BB+": 0.45, "BB": 0.5641025641025641, "BB-": 0.67, "B+": 0.5851063829787234, "B": 0.7301587301587301, "B-": 0.6176470588235294, "CCC+": 0.5238095238095238, "CCC": 0.5, "CCC-": 0.8333333333333334, "CC": 0.6666666666666666, "D": 0.6666666666666666}, {"AA+": 0.5714285714285714, "AA": 0.4166666666666667, "AA-": 0.65, "A+": 0.5, "A": 0.4393939393939394, "A-": 0.4041095890410959, "BBB+": 0.45614035087719296, "BBB": 0.55, "BBB-": 0.6615384615384615, "BB+": 0.55, "BB": 0.4358974358974359, "BB-": 0.33, "B+": 0.4148936170212766, "B": 0.2698412698412698, "B-": 0.38235294117647056, "CCC+": 0.47619047619047616, "AAA": 0.5, "CCC": 0.5, "CCC-": 0.16666666666666666, "CC": 0.3333333333333333, "D": 0.3333333333333333}], "Cluster ranges": [21.0, 21.0], "Cluster metrics of location and dispersion": [{"Mean": 10.32443820224719, "Median": 10.0, "1st Quartile": 8.0, "3rd Quartile": 13.0, "Standard Deviation": 3.4568070721145965, "Is Signficant": true}, {"Mean": 9.813990461049285, "Median": 9.0, "1st Quartile": 8.0, "3rd Quartile": 12.0, "Standard Deviation": 3.109357353879101, "Is Signficant": true}], "Cluster entropies": [3.734322152859833, 3.6328716901112736], "Maximum entropy": 3.734322152859833, "Weighted average entropy": 3.6867365144788904, "Incoherencies explanations": {"CLUSTER 0": {}, "CLUSTER 1": {}}}}