{"Algorithm Parameters": {"Threshold Value": 0.1, "Braching Factor": 22, "K": 2}, "Algorithm Performance": {"Silhouette Score": 0.35957643511655996}, "Clusters Content Analysis": {"Predictive Power": {"Global": {"Metrics": {"Class: Upgrade": {"Accuracy": 0.6428571428571429, "Precision": 0.76, "Recall": 0.9, "F1-Score": 0.8240963855421687}, "Class: Downgrade": {"Accuracy": 0.9090909090909091, "Precision": 0.76, "Recall": 0.6666666666666666, "F1-Score": 0.7102803738317756}}, "Confusion Matrix": {"predicted_down_AND_was_down": 10, "predicted_up_AND_was_up": 9, "predicted_no_change_AND_was_no_change": 0, "predicted_down_BUT_was_up": 1, "predicted_down_BUT_was_no_change": 697, "predicted_no_change_BUT_was_up": 0, "predicted_no_change_BUT_was_down": 0, "predicted_up_BUT_was_down": 5, "predicted_up_BUT_was_no_change": 619}}, "Restricted to jumps to or from below B-": {"Metrics": {"Class: Upgrade": "No element of this class", "Class: Downgrade": "No element of this class"}, "Confusion Matrix": {"predicted_down_AND_was_down": 0, "predicted_up_AND_was_up": 0, "predicted_no_change_AND_was_no_change": 0, "predicted_down_BUT_was_up": 0, "predicted_down_BUT_was_no_change": 708, "predicted_no_change_BUT_was_up": 0, "predicted_no_change_BUT_was_down": 0, "predicted_up_BUT_was_down": 0, "predicted_up_BUT_was_no_change": 633}}}, "Share of total companies in each clusters": [0.5309470544369873, 0.4690529455630127, {"SUM": 1.0}], "Clusters with significant ranges (count)": 2, "Significant Clusters (count)": 2, "Cluster Credit Ratings Shares": [{"1.0": 0.0028089887640449437, "2.0": 0.004213483146067416, "3.0": 0.009831460674157303, "4.0": 0.009831460674157303, "5.0": 0.026685393258426966, "6.0": 0.05196629213483146, "7.0": 0.12219101123595505, "8.0": 0.1306179775280899, "9.0": 0.12640449438202248, "10.0": 0.06179775280898876, "11.0": 0.06320224719101124, "12.0": 0.09269662921348315, "13.0": 0.09410112359550561, "14.0": 0.07724719101123595, "15.0": 0.06460674157303371, "16.0": 0.02949438202247191, "17.0": 0.026685393258426966, "18.0": 0.0028089887640449437, "20.0": 0.0028089887640449437}, {"2.0": 0.006359300476947536, "3.0": 0.00794912559618442, "4.0": 0.02066772655007949, "5.0": 0.030206677265500796, "6.0": 0.046104928457869634, "7.0": 0.09379968203497616, "8.0": 0.12400635930047695, "9.0": 0.17488076311605724, "10.0": 0.13672496025437203, "11.0": 0.08744038155802862, "12.0": 0.08108108108108109, "13.0": 0.05246422893481717, "14.0": 0.06200317965023847, "15.0": 0.02702702702702703, "16.0": 0.02066772655007949, "17.0": 0.022257551669316374, "1.0": 0.003179650238473768, "18.0": 0.001589825119236884, "20.0": 0.001589825119236884}], "Share of total companies with given credit rating in each cluter": [{"1.0": 0.5, "2.0": 0.42857142857142855, "3.0": 0.5833333333333334, "4.0": 0.35, "5.0": 0.5, "6.0": 0.5606060606060606, "7.0": 0.5958904109589042, "8.0": 0.543859649122807, "9.0": 0.45, "10.0": 0.3384615384615385, "11.0": 0.45, "12.0": 0.5641025641025641, "13.0": 0.67, "14.0": 0.5851063829787234, "15.0": 0.7301587301587301, "16.0": 0.6176470588235294, "17.0": 0.5757575757575758, "18.0": 0.6666666666666666, "20.0": 0.6666666666666666}, {"2.0": 0.5714285714285714, "3.0": 0.4166666666666667, "4.0": 0.65, "5.0": 0.5, "6.0": 0.4393939393939394, "7.0": 0.4041095890410959, "8.0": 0.45614035087719296, "9.0": 0.55, "10.0": 0.6615384615384615, "11.0": 0.55, "12.0": 0.4358974358974359, "13.0": 0.33, "14.0": 0.4148936170212766, "15.0": 0.2698412698412698, "16.0": 0.38235294117647056, "17.0": 0.42424242424242425, "1.0": 0.5, "18.0": 0.3333333333333333, "20.0": 0.3333333333333333}], "Cluster ranges": [19.0, 19.0], "Cluster metrics of location and dispersion": [{"Mean": 10.294943820224718, "Median": 10.0, "1st Quartile": 8.0, "3rd Quartile": 13.0, "Standard Deviation": 3.384544721875, "Is Signficant": true}, {"Mean": 9.799682034976152, "Median": 9.0, "1st Quartile": 8.0, "3rd Quartile": 12.0, "Standard Deviation": 3.068056856036279, "Is Signficant": true}], "Cluster entropies": [3.6973946992449203, 3.608501578095742], "Maximum entropy": 3.6973946992449203, "Weighted average entropy": 3.6556991189296086, "Incoherencies explanations": {"CLUSTER 0": {}, "CLUSTER 1": {}}}}