{"Algorithm Parameters": {"Eps": 0.1, "MinPts": 16, "K": 1.0}, "Algorithm Performance": {"Silhouette Score": 0.147}, "Clusters Content Analysis": {"Predictive Power": {"Metrics": {"Class: Upgrade": {"Accuracy": 0.6428571428571429, "Precision": 0.76, "Recall": 0.9, "F1-Score": 0.8240963855421687}, "Class: Downgrade": {"Accuracy": 0.9090909090909091, "Precision": 0.76, "Recall": 0.6666666666666666, "F1-Score": 0.7102803738317756}}, "Confusion Matrix": {"predicted_down_AND_was_down": 10, "predicted_up_AND_was_up": 9, "predicted_no_change_AND_was_no_change": 0, "predicted_down_BUT_was_up": 1, "predicted_down_BUT_was_no_change": 735, "predicted_no_change_BUT_was_up": 0, "predicted_no_change_BUT_was_down": 0, "predicted_up_BUT_was_down": 5, "predicted_up_BUT_was_no_change": 581}}, "Share of total companies in each clusters": [0.6718866517524236, 0.32811334824757643, {"SUM": 1.0}], "Clusters with significant ranges (count)": 2, "Significant Clusters (count)": 2, "Cluster Credit Ratings Shares": [{"1.0": 0.0022197558268590455, "2.0": 0.005549389567147614, "3.0": 0.00776914539400666, "4.0": 0.009988901220865706, "5.0": 0.01997780244173141, "6.0": 0.04661487236403995, "7.0": 0.11653718091009989, "8.0": 0.1309655937846837, "9.0": 0.15427302996670367, "10.0": 0.09100998890122086, "11.0": 0.06659267480577137, "12.0": 0.08546059933407325, "13.0": 0.07769145394006659, "14.0": 0.07547169811320754, "15.0": 0.05327413984461709, "16.0": 0.02774694783573807, "17.0": 0.025527192008879023, "18.0": 0.0022197558268590455, "20.0": 0.0011098779134295228}, {"2.0": 0.004545454545454545, "3.0": 0.011363636363636364, "4.0": 0.025, "5.0": 0.045454545454545456, "6.0": 0.05454545454545454, "7.0": 0.09318181818181819, "8.0": 0.12045454545454545, "9.0": 0.13863636363636364, "10.0": 0.10909090909090909, "11.0": 0.09090909090909091, "12.0": 0.09090909090909091, "13.0": 0.06818181818181818, "14.0": 0.05909090909090909, "15.0": 0.03409090909090909, "16.0": 0.020454545454545454, "17.0": 0.022727272727272728, "1.0": 0.004545454545454545, "18.0": 0.0022727272727272726, "20.0": 0.004545454545454545}], "Share of total companies with given credit rating in each cluter": [{"1.0": 0.5, "2.0": 0.7142857142857143, "3.0": 0.5833333333333334, "4.0": 0.45, "5.0": 0.47368421052631576, "6.0": 0.6363636363636364, "7.0": 0.7191780821917808, "8.0": 0.6900584795321637, "9.0": 0.695, "10.0": 0.6307692307692307, "11.0": 0.6, "12.0": 0.6581196581196581, "13.0": 0.7, "14.0": 0.723404255319149, "15.0": 0.7619047619047619, "16.0": 0.7352941176470589, "17.0": 0.696969696969697, "18.0": 0.6666666666666666, "20.0": 0.3333333333333333}, {"2.0": 0.2857142857142857, "3.0": 0.4166666666666667, "4.0": 0.55, "5.0": 0.5263157894736842, "6.0": 0.36363636363636365, "7.0": 0.2808219178082192, "8.0": 0.30994152046783624, "9.0": 0.305, "10.0": 0.36923076923076925, "11.0": 0.4, "12.0": 0.3418803418803419, "13.0": 0.3, "14.0": 0.2765957446808511, "15.0": 0.23809523809523808, "16.0": 0.2647058823529412, "17.0": 0.30303030303030304, "1.0": 0.5, "18.0": 0.3333333333333333, "20.0": 0.6666666666666666}], "Cluster ranges": [19.0, 19.0], "Cluster metrics of location and dispersion": [{"Mean": 10.182019977802442, "Median": 10.0, "1st Quartile": 8.0, "3rd Quartile": 13.0, "Standard Deviation": 3.2193485397962998, "Is Signficant": true}, {"Mean": 9.818181818181818, "Median": 10.0, "1st Quartile": 8.0, "3rd Quartile": 12.0, "Standard Deviation": 3.2965045349218514, "Is Signficant": true}], "Cluster entropies": [3.642801744292046, 3.7341824245961606], "Maximum entropy": 3.7341824245961606, "Weighted average entropy": 3.67278496527177, "Incoherencies explanations": {"CLUSTER 0": {}, "CLUSTER 1": {"RATING 9.0": [{"Leverage": {"Comparison": "Cluster elements in upper half", "Credit Rating Statistics": {"Mean": 0.2734592788971997, "Median": 0.272731351074936, "1st Quartile": 0.265439815520012, "3rd Quartile": 0.2846164589121294, "Standard Deviation": 0.027067740646007737}, "Cluster Statistics": {"Mean": 0.2776774140898794, "Median": 0.27492900484274924, "1st Quartile": 0.26681539203838067, "3rd Quartile": 0.2861187977122239, "Standard Deviation": 0.018366044150032915}}}, {"Profitability": {"Comparison": "Cluster elements in upper half", "Credit Rating Statistics": {"Mean": 0.3360277502094533, "Median": 0.33222168006847685, "1st Quartile": 0.32212902554484935, "3rd Quartile": 0.34756211701737205, "Standard Deviation": 0.023224752471244784}, "Cluster Statistics": {"Mean": 0.33830023040640456, "Median": 0.3342243105265248, "1st Quartile": 0.325291129225031, "3rd Quartile": 0.3484563218099981, "Standard Deviation": 0.019443042008758783}}}, {"Industry Risk": {"Comparison": "Cluster elements in lower half", "Credit Rating Statistics": {"Mean": 0.08068181818181819, "Median": 0.09090909090909091, "1st Quartile": 0.0, "3rd Quartile": 0.13636363636363635, "Standard Deviation": 0.07178904760039584}, "Cluster Statistics": {"Mean": 0.07423152387181164, "Median": 0.09090909090909091, "1st Quartile": 0.0, "3rd Quartile": 0.13636363636363635, "Standard Deviation": 0.06568773520798124}}}, {"Country Diversification": {"Comparison": "Cluster elements in lower half", "Credit Rating Statistics": {"Mean": 0.24057816933081244, "Median": 0.22197264695964325, "1st Quartile": 0.0, "3rd Quartile": 0.4035808788424011, "Standard Deviation": 0.22531117495969952}, "Cluster Statistics": {"Mean": 0.17936186209523652, "Median": 0.15973728409068413, "1st Quartile": 0.0, "3rd Quartile": 0.3505271371336579, "Standard Deviation": 0.18724834234603016}}}, {"Industry Diversification": {"Comparison": "Cluster elements in lower half", "Credit Rating Statistics": {"Mean": 0.2561992533848201, "Median": 0.25761816524373293, "1st Quartile": 0.0, "3rd Quartile": 0.4465685582357646, "Standard Deviation": 0.22313543658389842}, "Cluster Statistics": {"Mean": 0.20063248727567365, "Median": 0.21075945180505415, "1st Quartile": 0.0, "3rd Quartile": 0.36142555329145987, "Standard Deviation": 0.2013182258166715}}}]}}}}