{"Algorithm Parameters": {"Eps": 0.1, "MinPts": 16, "K": 1}, "Algorithm Performance": {"Silhouette Score": 0.147}, "Clusters Content Analysis": {"Predictive Power": {"Global": {"Metrics": {"Class: Upgrade": {"Accuracy": 0.6551724137931034, "Precision": 0.717391304347826, "Recall": 0.8636363636363636, "F1-Score": 0.78375}, "Class: Downgrade": {"Accuracy": 0.8235294117647058, "Precision": 0.717391304347826, "Recall": 0.5833333333333334, "F1-Score": 0.6434540389972145}}, "Confusion Matrix": {"predicted_down_AND_was_down": 14, "predicted_up_AND_was_up": 19, "predicted_no_change_AND_was_no_change": 0, "predicted_down_BUT_was_up": 3, "predicted_down_BUT_was_no_change": 729, "predicted_no_change_BUT_was_up": 0, "predicted_no_change_BUT_was_down": 0, "predicted_up_BUT_was_down": 10, "predicted_up_BUT_was_no_change": 566}}, "Restricted to jumps to or from below B-": {"Metrics": {"Class: Upgrade": "No element of this class", "Class: Downgrade": "No element of this class"}, "Confusion Matrix": {"predicted_down_AND_was_down": 0, "predicted_up_AND_was_up": 0, "predicted_no_change_AND_was_no_change": 0, "predicted_down_BUT_was_up": 0, "predicted_down_BUT_was_no_change": 746, "predicted_no_change_BUT_was_up": 0, "predicted_no_change_BUT_was_down": 0, "predicted_up_BUT_was_down": 0, "predicted_up_BUT_was_no_change": 595}}}, "Share of total companies in each clusters": [0.6718866517524236, 0.32811334824757643, {"SUM": 1.0}], "Clusters with significant ranges (count)": 2, "Significant Clusters (count)": 2, "Cluster Credit Ratings Shares": [{"AAA": 0.0022197558268590455, "AA+": 0.005549389567147614, "AA": 0.00776914539400666, "AA-": 0.009988901220865706, "A+": 0.01997780244173141, "A": 0.04661487236403995, "A-": 0.11653718091009989, "BBB+": 0.1309655937846837, "BBB": 0.15427302996670367, "BBB-": 0.09100998890122086, "BB+": 0.06659267480577137, "BB": 0.08546059933407325, "BB-": 0.07769145394006659, "B+": 0.07547169811320754, "B": 0.05327413984461709, "B-": 0.02774694783573807, "CCC+": 0.01553829078801332, "CCC": 0.005549389567147614, "CCC-": 0.004439511653718091, "CC": 0.0022197558268590455, "D": 0.0011098779134295228}, {"AA+": 0.004545454545454545, "AA": 0.011363636363636364, "AA-": 0.025, "A+": 0.045454545454545456, "A": 0.05454545454545454, "A-": 0.09318181818181819, "BBB+": 0.12045454545454545, "BBB": 0.13863636363636364, "BBB-": 0.10909090909090909, "BB+": 0.09090909090909091, "BB": 0.09090909090909091, "BB-": 0.06818181818181818, "B+": 0.05909090909090909, "B": 0.03409090909090909, "B-": 0.020454545454545454, "CCC+": 0.015909090909090907, "AAA": 0.004545454545454545, "CCC": 0.0022727272727272726, "CCC-": 0.004545454545454545, "CC": 0.0022727272727272726, "D": 0.004545454545454545}], "Share of total companies with given credit rating in each cluter": [{"AAA": 0.5, "AA+": 0.7142857142857143, "AA": 0.5833333333333334, "AA-": 0.45, "A+": 0.47368421052631576, "A": 0.6363636363636364, "A-": 0.7191780821917808, "BBB+": 0.6900584795321637, "BBB": 0.695, "BBB-": 0.6307692307692307, "BB+": 0.6, "BB": 0.6581196581196581, "BB-": 0.7, "B+": 0.723404255319149, "B": 0.7619047619047619, "B-": 0.7352941176470589, "CCC+": 0.6666666666666666, "CCC": 0.8333333333333334, "CCC-": 0.6666666666666666, "CC": 0.6666666666666666, "D": 0.3333333333333333}, {"AA+": 0.2857142857142857, "AA": 0.4166666666666667, "AA-": 0.55, "A+": 0.5263157894736842, "A": 0.36363636363636365, "A-": 0.2808219178082192, "BBB+": 0.30994152046783624, "BBB": 0.305, "BBB-": 0.36923076923076925, "BB+": 0.4, "BB": 0.3418803418803419, "BB-": 0.3, "B+": 0.2765957446808511, "B": 0.23809523809523808, "B-": 0.2647058823529412, "CCC+": 0.3333333333333333, "AAA": 0.5, "CCC": 0.16666666666666666, "CCC-": 0.3333333333333333, "CC": 0.3333333333333333, "D": 0.6666666666666666}], "Cluster ranges": [21.0, 21.0], "Cluster metrics of location and dispersion": [{"Mean": 10.203107658157602, "Median": 10.0, "1st Quartile": 8.0, "3rd Quartile": 13.0, "Standard Deviation": 3.2726342029914557, "Is Signficant": true}, {"Mean": 9.843181818181819, "Median": 10.0, "1st Quartile": 8.0, "3rd Quartile": 12.0, "Standard Deviation": 3.367012280080796, "Is Signficant": true}], "Cluster entropies": [3.677351484143398, 3.7604728711745024], "Maximum entropy": 3.7604728711745024, "Weighted average entropy": 3.704624720753156, "Incoherencies explanations": {"CLUSTER 0": {}, "CLUSTER 1": {}}}}