{"Algorithm Parameters": {"Eps": 0.1, "MinPts": 25, "K": 2.0}, "Algorithm Performance": {"Calinski Harabasz Index": 246.314}, "Clusters Content Analysis": {"Predictive Power": {"Metrics": {"Class: Upgrade": {"Accuracy": 0.6428571428571429, "Precision": 0.76, "Recall": 0.9, "F1-Score": 0.8240963855421687}, "Class: Downgrade": {"Accuracy": 0.9090909090909091, "Precision": 0.76, "Recall": 0.6666666666666666, "F1-Score": 0.7102803738317756}}, "Confusion Matrix": {"predicted_down_AND_was_down": 10, "predicted_up_AND_was_up": 9, "predicted_no_change_AND_was_no_change": 0, "predicted_down_BUT_was_up": 1, "predicted_down_BUT_was_no_change": 767, "predicted_no_change_BUT_was_up": 0, "predicted_no_change_BUT_was_down": 0, "predicted_up_BUT_was_down": 5, "predicted_up_BUT_was_no_change": 549}}, "Share of total companies in each clusters": [0.4153616703952274, 0.5167785234899329, 0.06785980611483967, {"SUM": 1.0}], "Clusters with significant ranges (count)": 3, "Significant Clusters (count)": 3, "Cluster Credit Ratings Shares": [{"1.0": 0.003590664272890485, "2.0": 0.005385996409335727, "3.0": 0.012567324955116697, "4.0": 0.010771992818671455, "5.0": 0.02333931777378815, "6.0": 0.04847396768402154, "7.0": 0.12567324955116696, "8.0": 0.14183123877917414, "9.0": 0.15080789946140036, "10.0": 0.05745062836624776, "11.0": 0.06642728904847396, "12.0": 0.07899461400359066, "13.0": 0.08797127468581688, "14.0": 0.0718132854578097, "15.0": 0.059245960502693, "16.0": 0.026929982046678635, "17.0": 0.02333931777378815, "18.0": 0.003590664272890485, "20.0": 0.0017953321364452424}, {"2.0": 0.002886002886002886, "3.0": 0.007215007215007215, "4.0": 0.01875901875901876, "5.0": 0.03463203463203463, "6.0": 0.047619047619047616, "7.0": 0.09523809523809523, "8.0": 0.11976911976911978, "9.0": 0.1414141414141414, "10.0": 0.11832611832611832, "11.0": 0.08225108225108226, "12.0": 0.09235209235209235, "13.0": 0.06782106782106782, "14.0": 0.06926406926406926, "15.0": 0.04184704184704185, "16.0": 0.024531024531024532, "17.0": 0.02886002886002886, "1.0": 0.002886002886002886, "18.0": 0.001443001443001443, "20.0": 0.002886002886002886}, {"2.0": 0.02197802197802198, "4.0": 0.01098901098901099, "5.0": 0.01098901098901099, "6.0": 0.06593406593406594, "7.0": 0.10989010989010989, "8.0": 0.0989010989010989, "9.0": 0.1978021978021978, "10.0": 0.17582417582417584, "11.0": 0.06593406593406594, "12.0": 0.0989010989010989, "13.0": 0.04395604395604396, "14.0": 0.06593406593406594, "15.0": 0.01098901098901099, "16.0": 0.02197802197802198}], "Share of total companies with given credit rating in each cluter": [{"1.0": 0.5, "2.0": 0.42857142857142855, "3.0": 0.5833333333333334, "4.0": 0.3, "5.0": 0.34210526315789475, "6.0": 0.4090909090909091, "7.0": 0.4794520547945205, "8.0": 0.4619883040935672, "9.0": 0.42, "10.0": 0.24615384615384617, "11.0": 0.37, "12.0": 0.37606837606837606, "13.0": 0.49, "14.0": 0.425531914893617, "15.0": 0.5238095238095238, "16.0": 0.4411764705882353, "17.0": 0.3939393939393939, "18.0": 0.6666666666666666, "20.0": 0.3333333333333333}, {"2.0": 0.2857142857142857, "3.0": 0.4166666666666667, "4.0": 0.65, "5.0": 0.631578947368421, "6.0": 0.5, "7.0": 0.4520547945205479, "8.0": 0.4853801169590643, "9.0": 0.49, "10.0": 0.6307692307692307, "11.0": 0.57, "12.0": 0.5470085470085471, "13.0": 0.47, "14.0": 0.5106382978723404, "15.0": 0.4603174603174603, "16.0": 0.5, "17.0": 0.6060606060606061, "1.0": 0.5, "18.0": 0.3333333333333333, "20.0": 0.6666666666666666}, {"2.0": 0.2857142857142857, "4.0": 0.05, "5.0": 0.02631578947368421, "6.0": 0.09090909090909091, "7.0": 0.0684931506849315, "8.0": 0.05263157894736842, "9.0": 0.09, "10.0": 0.12307692307692308, "11.0": 0.06, "12.0": 0.07692307692307693, "13.0": 0.04, "14.0": 0.06382978723404255, "15.0": 0.015873015873015872, "16.0": 0.058823529411764705}], "Cluster ranges": [19.0, 19.0, 14.0], "Cluster metrics of location and dispersion": [{"Mean": 10.093357271095153, "Median": 9.0, "1st Quartile": 8.0, "3rd Quartile": 13.0, "Standard Deviation": 3.341471477832611, "Is Signficant": true}, {"Mean": 10.103896103896103, "Median": 10.0, "1st Quartile": 8.0, "3rd Quartile": 12.0, "Standard Deviation": 3.2305628065285554, "Is Signficant": true}, {"Mean": 9.56043956043956, "Median": 9.0, "1st Quartile": 8.0, "3rd Quartile": 11.0, "Standard Deviation": 2.738447427335629, "Is Signficant": true}], "Cluster entropies": [3.6663383058948993, 3.6902987535709926, 3.344433035651689], "Maximum entropy": 3.6902987535709926, "Weighted average entropy": 3.6568761214410594, "Incoherencies explanations": {"CLUSTER 0": {"RATING 9.0": [{"Leverage": {"Comparison": "Cluster elements in lower half", "Credit Rating Statistics": {"Mean": 0.2734592788971997, "Median": 0.272731351074936, "1st Quartile": 0.265439815520012, "3rd Quartile": 0.2846164589121294, "Standard Deviation": 0.027067740646007737}, "Cluster Statistics": {"Mean": 0.2724612850129262, "Median": 0.27469875732741533, "1st Quartile": 0.268370488742544, "3rd Quartile": 0.2775306690565335, "Standard Deviation": 0.0072213164890930215}}}, {"Profitability": {"Comparison": "Cluster elements in upper half", "Credit Rating Statistics": {"Mean": 0.3360277502094533, "Median": 0.33222168006847685, "1st Quartile": 0.32212902554484935, "3rd Quartile": 0.34756211701737205, "Standard Deviation": 0.023224752471244784}, "Cluster Statistics": {"Mean": 0.33764722657570645, "Median": 0.3380930306894895, "1st Quartile": 0.3330881233173104, "3rd Quartile": 0.34429459770858506, "Standard Deviation": 0.009598423939335294}}}, {"Industry Risk": {"Comparison": "Cluster elements in upper half", "Credit Rating Statistics": {"Mean": 0.08068181818181819, "Median": 0.09090909090909091, "1st Quartile": 0.0, "3rd Quartile": 0.13636363636363635, "Standard Deviation": 0.07178904760039584}, "Cluster Statistics": {"Mean": 0.1212121212121212, "Median": 0.13636363636363635, "1st Quartile": 0.09090909090909091, "3rd Quartile": 0.13636363636363635, "Standard Deviation": 0.0303030303030303}}}, {"Country Diversification": {"Comparison": "Cluster elements in upper half", "Credit Rating Statistics": {"Mean": 0.24057816933081244, "Median": 0.22197264695964325, "1st Quartile": 0.0, "3rd Quartile": 0.4035808788424011, "Standard Deviation": 0.22531117495969952}, "Cluster Statistics": {"Mean": 0.28869467107166713, "Median": 0.2873127572981218, "1st Quartile": 0.2248799187175899, "3rd Quartile": 0.36526020020722316, "Standard Deviation": 0.07939785541110175}}}, {"Industry Diversification": {"Comparison": "Cluster elements in highest 75%", "Credit Rating Statistics": {"Mean": 0.2561992533848201, "Median": 0.25761816524373293, "1st Quartile": 0.0, "3rd Quartile": 0.4465685582357646, "Standard Deviation": 0.22313543658389842}, "Cluster Statistics": {"Mean": 0.4798322630337085, "Median": 0.4519218976602915, "1st Quartile": 0.4382352884441193, "3rd Quartile": 0.5254932999323707, "Standard Deviation": 0.07136188718291038}}}], "RATING 10.0": [{"Profitability": {"Comparison": "Cluster elements in upper half", "Credit Rating Statistics": {"Mean": 0.33664863863612615, "Median": 0.33094476717276533, "1st Quartile": 0.32144653000205653, "3rd Quartile": 0.3468788220030784, "Standard Deviation": 0.025889421357151932}, "Cluster Statistics": {"Mean": 0.34188484378135353, "Median": 0.3360957745600808, "1st Quartile": 0.3301372764249495, "3rd Quartile": 0.34848518508185516, "Standard Deviation": 0.023257475808781805}}}, {"Industry Risk": {"Comparison": "Cluster elements in upper half", "Credit Rating Statistics": {"Mean": 0.08216783216783215, "Median": 0.09090909090909091, "1st Quartile": 0.0, "3rd Quartile": 0.13636363636363635, "Standard Deviation": 0.07460345557116038}, "Cluster Statistics": {"Mean": 0.11079545454545453, "Median": 0.09090909090909091, "1st Quartile": 0.09090909090909091, "3rd Quartile": 0.13636363636363635, "Standard Deviation": 0.0276897566613891}}}, {"Country Risk": {"Comparison": "Cluster elements in lower half",