{"Algorithm Parameters": {"K": 8}, "Algorithm Performance": {"WCSS": 31.670511085881184, "Silhouette Score": 0.3142601412511516, "Calinski Harabasz Index": 709.3108946236052}, "Clusters Content Analysis": {"Predictive Power": {"Global": {"Metrics": {"Class: Upgrade": {"Accuracy": 0.6428571428571429, "Precision": 0.76, "Recall": 0.9, "F1-Score": 0.8240963855421687}, "Class: Downgrade": {"Accuracy": 0.9090909090909091, "Precision": 0.76, "Recall": 0.6666666666666666, "F1-Score": 0.7102803738317756}}, "Confusion Matrix": {"predicted_down_AND_was_down": 10, "predicted_up_AND_was_up": 9, "predicted_no_change_AND_was_no_change": 0, "predicted_down_BUT_was_up": 1, "predicted_down_BUT_was_no_change": 738, "predicted_no_change_BUT_was_up": 0, "predicted_no_change_BUT_was_down": 0, "predicted_up_BUT_was_down": 5, "predicted_up_BUT_was_no_change": 578}}, "Restricted to jumps to or from below B-": {"Metrics": {"Class: Upgrade": "No element of this class", "Class: Downgrade": "No element of this class"}, "Confusion Matrix": {"predicted_down_AND_was_down": 0, "predicted_up_AND_was_up": 0, "predicted_no_change_AND_was_no_change": 0, "predicted_down_BUT_was_up": 0, "predicted_down_BUT_was_no_change": 749, "predicted_no_change_BUT_was_up": 0, "predicted_no_change_BUT_was_down": 0, "predicted_up_BUT_was_down": 0, "predicted_up_BUT_was_no_change": 592}}}, "Share of total companies in each clusters": [0.2721849366144668, 0.1528709917971663, 0.0947054436987323, 0.11185682326621924, 0.07531692766592095, 0.13870246085011187, 0.0738255033557047, 0.08053691275167785, {"SUM": 0.9999999999999999}], "Clusters with significant ranges (count)": 8, "Significant Clusters (count)": 6, "Cluster Credit Ratings Shares": [{"1.0": 0.005479452054794521, "2.0": 0.005479452054794521, "3.0": 0.01643835616438356, "4.0": 0.010958904109589041, "5.0": 0.038356164383561646, "6.0": 0.0547945205479452, "7.0": 0.13424657534246576, "8.0": 0.1506849315068493, "9.0": 0.13424657534246576, "10.0": 0.043835616438356165, "11.0": 0.06301369863013699, "12.0": 0.08493150684931507, "13.0": 0.07123287671232877, "14.0": 0.0684931506849315, "15.0": 0.04657534246575343, "16.0": 0.03287671232876712, "17.0": 0.03287671232876712, "18.0": 0.0027397260273972603, "20.0": 0.0027397260273972603}, {"2.0": 0.004878048780487805, "4.0": 0.004878048780487805, "5.0": 0.024390243902439025, "6.0": 0.06829268292682927, "7.0": 0.0975609756097561, "8.0": 0.12195121951219512, "9.0": 0.11707317073170732, "10.0": 0.06341463414634146, "11.0": 0.06341463414634146, "12.0": 0.11707317073170732, "13.0": 0.12682926829268293, "14.0": 0.08292682926829269, "15.0": 0.06829268292682927, "18.0": 0.004878048780487805, "20.0": 0.004878048780487805, "16.0": 0.014634146341463415, "17.0": 0.014634146341463415}, {"2.0": 0.007874015748031496, "3.0": 0.007874015748031496, "4.0": 0.007874015748031496, "5.0": 0.015748031496062992, "6.0": 0.015748031496062992, "7.0": 0.14173228346456693, "8.0": 0.11811023622047244, "9.0": 0.14960629921259844, "10.0": 0.11811023622047244, "11.0": 0.047244094488188976, "13.0": 0.06299212598425197, "14.0": 0.08661417322834646, "15.0": 0.06299212598425197, "12.0": 0.09448818897637795, "16.0": 0.023622047244094488, "17.0": 0.031496062992125984, "20.0": 0.007874015748031496}, {"3.0": 0.006666666666666667, "4.0": 0.02666666666666667, "6.0": 0.08666666666666667, "7.0": 0.14, "8.0": 0.12, "9.0": 0.14, "14.0": 0.04666666666666667, "15.0": 0.02, "1.0": 0.006666666666666667, "2.0": 0.013333333333333334, "5.0": 0.04, "10.0": 0.13333333333333333, "11.0": 0.09333333333333334, "12.0": 0.06, "13.0": 0.04666666666666667, "16.0": 0.013333333333333334, "17.0": 0.006666666666666667}, {"5.0": 0.039603960396039604, "7.0": 0.09900990099009901, "9.0": 0.1485148514851485, "10.0": 0.10891089108910891, "11.0": 0.0891089108910891, "13.0": 0.0891089108910891, "14.0": 0.09900990099009901, "16.0": 0.009900990099009901, "3.0": 0.009900990099009901, "4.0": 0.0297029702970297, "6.0": 0.04950495049504951, "8.0": 0.10891089108910891, "12.0": 0.0297029702970297, "15.0": 0.0594059405940594, "17.0": 0.0297029702970297}, {"7.0": 0.05913978494623656, "8.0": 0.10752688172043011, "9.0": 0.1989247311827957, "10.0": 0.15053763440860216, "11.0": 0.10215053763440861, "13.0": 0.04838709677419355, "15.0": 0.026881720430107527, "16.0": 0.03763440860215054, "17.0": 0.03763440860215054, "1.0": 0.005376344086021506, "2.0": 0.005376344086021506, "3.0": 0.005376344086021506, "4.0": 0.005376344086021506, "5.0": 0.021505376344086023, "6.0": 0.026881720430107527, "12.0": 0.11290322580645161, "14.0": 0.04838709677419355}, {"7.0": 0.050505050505050504, "9.0": 0.1414141414141414, "12.0": 0.1111111111111111, "14.0": 0.12121212121212122, "15.0": 0.10101010101010101, "4.0": 0.010101010101010102, "5.0": 0.020202020202020204, "6.0": 0.04040404040404041, "8.0": 0.0707070707070707, "10.0": 0.09090909090909091, "11.0": 0.09090909090909091, "13.0": 0.1111111111111111, "16.0": 0.04040404040404041}, {"8.0": 0.18518518518518517, "9.0": 0.19444444444444445, "10.0": 0.16666666666666666, "11.0": 0.06481481481481481, "3.0": 0.018518518518518517, "4.0": 0.046296296296296294, "5.0": 0.009259259259259259, "6.0": 0.027777777777777776, "7.0": 0.1111111111111111, "12.0": 0.05555555555555555, "13.0": 0.037037037037037035, "14.0": 0.027777777777777776, "16.0": 0.018518518518518517, "17.0": 0.027777777777777776, "18.0": 0.009259259259259259}], "Share of total companies with given credit rating in each cluter": [{"1.0": 0.5, "2.0": 0.2857142857142857, "3.0": 0.5, "4.0": 0.2, "5.0": 0.3684210526315789, "6.0": 0.30303030303030304, "7.0": 0.3356164383561644, "8.0": 0.3216374269005848, "9.0": 0.245, "10.0": 0.12307692307692308, "11.0": 0.23, "12.0": 0.26495726495726496, "13.0": 0.26, "14.0": 0.26595744680851063, "15.0": 0.2698412698412698, "16.0": 0.35294117647058826, "17.0": 0.36363636363636365, "18.0": 0.3333333333333333, "20.0": 0.3333333333333333}, {"2.0": 0.14285714285714285, "4.0": 0.05, "5.0": 0.13157894736842105, "6.0": 0.21212121212121213, "7.0": 0.136986301369863, "8.0": 0.14619883040935672, "9.0": 0.12, "10.0": 0.1, "11.0": 0.13, "12.0": 0.20512820512820512, "13.0": 0.26, "14.0": 0.18085106382978725, "15.0": 0.2222222222222222, "18.0": 0.3333333333333333, "20.0": 0.3333333333333333, "16.0": 0.08823529411764706, "17.0": 0.09090909090909091}, {"2.0": 0.14285714285714285, "3.0": 0.08333333333333333, "4.0": 0.05, "5.0": 0.05263157894736842, "6.0": 0.030303030303030304, "7.0": 0.1232876712328767, "8.0": 0.08771929824561403, "9.0": 0.095, "10.0": 0.11538461538461539, "11.0": 0.06, "13.0": 0.08, "14.0": 0.11702127659574468, "15.0": 0.12698412698412698, "12.0": 0.10256410256410256, "16.0": 0.08823529411764706, "17.0": 0.12121212121212122, "20.0": 0.3333333333333333}, {"3.0": 0.08333333333333333, "4.0": 0.2, "6.0": 0.19696969696969696, "7.0": 0.14383561643835616, "8.0": 0.10526315789473684, "9.0": 0.105, "14.0": 0.07446808510638298, "15.0": 0.047619047619047616, "1.0": 0.25, "2.0": 0.2857142857142857, "5.0": 0.15789473684210525, "10.0": 0.15384615384615385, "11.0": 0.14, "12.0": 0.07692307692307693, "13.0": 0.07, "16.0": 0.058823529411764705, "17.0": 0.030303030303030304}, {"5.0": 0.10526315789473684, "7.0": 0.0684931506849315, "9.0": 0.075, "10.0": 0.08461538461538462, "11.0": 0.09, "13.0": 0.09, "14.0": 0.10638297872340426, "16.0": 0.029411764705882353, "3.0": 0.08333333333333333, "4.0": 0.15, "6.0": 0.07575757575757576, "8.0": 0.06432748538011696, "12.0": 0.02564102564102564, "15.0": 0.09523809523809523, "17.0": 0.09090909090909091}, {"7.0": 0.07534246575342465, "8.0": 0.11695906432748537, "9.0": 0.185, "10.0": 0.2153846153846154, "11.0": 0.19, "13.0": 0.09, "15.0": 0.07936507936507936, "16.0": 0.20588235294117646, "17.0": 0.21212121212121213, "1.0": 0.25, "2.0": 0.14285714285714285, "3.0": 0.08333333333333333, "4.0": 0.05, "5.0": 0.10526315789473684, "6.0": 0.07575757575757576, "12.0": 0.1794871794871795, "14.0": 0.09574468085106383}, {"7.0": 0.03424657534246575, "9.0": 0.07, "12.0": 0.09401709401709402,