{"Algorithm Parameters": {"K": 8}, "Algorithm Performance": {"WCSS": 31.670511085881184, "Silhouette Score": 0.3142601412511516, "Calinski Harabasz Index": 709.3108946236052}, "Clusters Content Analysis": {"Predictive Power": {"Global": {"Metrics": {"Class: Upgrade": {"Accuracy": 0.6666666666666666, "Precision": 0.8, "Recall": 1.0, "F1-Score": 0.888888888888889}, "Class: Downgrade": {"Accuracy": 1.0, "Precision": 0.8, "Recall": 0.6666666666666666, "F1-Score": 0.7272727272727272}}, "Confusion Matrix": {"predicted_down_AND_was_down": 10, "predicted_up_AND_was_up": 10, "predicted_no_change_AND_was_no_change": 12, "predicted_down_BUT_was_up": 0, "predicted_down_BUT_was_no_change": 687, "predicted_no_change_BUT_was_up": 0, "predicted_no_change_BUT_was_down": 0, "predicted_up_BUT_was_down": 5, "predicted_up_BUT_was_no_change": 617}}, "Restricted to jumps to or from below B-": {"Metrics": {"Class: Upgrade": "No element of this class", "Class: Downgrade": "No element of this class"}, "Confusion Matrix": {"predicted_down_AND_was_down": 0, "predicted_up_AND_was_up": 0, "predicted_no_change_AND_was_no_change": 12, "predicted_down_BUT_was_up": 0, "predicted_down_BUT_was_no_change": 697, "predicted_no_change_BUT_was_up": 0, "predicted_no_change_BUT_was_down": 0, "predicted_up_BUT_was_down": 0, "predicted_up_BUT_was_no_change": 632}}}, "Share of total companies in each clusters": [0.2766592095451156, 0.16927665920954513, 0.07606263982102908, 0.13870246085011187, 0.0947054436987323, 0.058165548098434, 0.10961968680089486, 0.07680835197613721, {"SUM": 1.0}], "Clusters with significant ranges (count)": 8, "Significant Clusters (count)": 7, "Cluster Credit Ratings Shares": [{"1.0": 0.005390835579514825, "2.0": 0.005390835579514825, "3.0": 0.016172506738544475, "4.0": 0.01078167115902965, "5.0": 0.03773584905660377, "6.0": 0.05390835579514825, "7.0": 0.1320754716981132, "8.0": 0.1509433962264151, "9.0": 0.1320754716981132, "10.0": 0.0431266846361186, "11.0": 0.06199460916442048, "12.0": 0.08355795148247978, "13.0": 0.07547169811320754, "14.0": 0.07547169811320754, "15.0": 0.04582210242587601, "16.0": 0.03234501347708895, "17.0": 0.03234501347708895, "18.0": 0.0026954177897574125, "20.0": 0.0026954177897574125}, {"2.0": 0.004405286343612335, "4.0": 0.004405286343612335, "5.0": 0.022026431718061675, "6.0": 0.06607929515418502, "7.0": 0.09251101321585903, "8.0": 0.11894273127753303, "9.0": 0.12334801762114538, "10.0": 0.07048458149779736, "11.0": 0.07048458149779736, "12.0": 0.11013215859030837, "13.0": 0.11894273127753303, "14.0": 0.07929515418502203, "15.0": 0.07048458149779736, "18.0": 0.004405286343612335, "20.0": 0.004405286343612335, "16.0": 0.01762114537444934, "17.0": 0.022026431718061675}, {"2.0": 0.00980392156862745, "3.0": 0.00980392156862745, "4.0": 0.00980392156862745, "5.0": 0.0196078431372549, "6.0": 0.0392156862745098, "7.0": 0.16666666666666666, "8.0": 0.12745098039215685, "9.0": 0.12745098039215685, "10.0": 0.11764705882352941, "11.0": 0.0392156862745098, "14.0": 0.06862745098039216, "15.0": 0.058823529411764705, "12.0": 0.08823529411764706, "13.0": 0.058823529411764705, "16.0": 0.029411764705882353, "17.0": 0.029411764705882353}, {"3.0": 0.010752688172043012, "5.0": 0.021505376344086023, "7.0": 0.10215053763440861, "8.0": 0.11827956989247312, "9.0": 0.1774193548387097, "10.0": 0.15053763440860216, "13.0": 0.05913978494623656, "14.0": 0.05913978494623656, "15.0": 0.026881720430107527, "16.0": 0.016129032258064516, "1.0": 0.005376344086021506, "2.0": 0.010752688172043012, "4.0": 0.010752688172043012, "6.0": 0.043010752688172046, "11.0": 0.0913978494623656, "12.0": 0.08602150537634409, "17.0": 0.005376344086021506, "20.0": 0.005376344086021506}, {"4.0": 0.06299212598425197, "8.0": 0.1732283464566929, "9.0": 0.1889763779527559, "11.0": 0.08661417322834646, "3.0": 0.007874015748031496, "5.0": 0.023622047244094488, "6.0": 0.047244094488188976, "7.0": 0.11811023622047244, "10.0": 0.11023622047244094, "12.0": 0.05511811023622047, "13.0": 0.031496062992125984, "14.0": 0.03937007874015748, "16.0": 0.015748031496062992, "17.0": 0.031496062992125984, "18.0": 0.007874015748031496}, {"5.0": 0.05128205128205128, "7.0": 0.10256410256410256, "9.0": 0.14102564102564102, "10.0": 0.08974358974358974, "11.0": 0.10256410256410256, "13.0": 0.11538461538461539, "14.0": 0.1282051282051282, "16.0": 0.01282051282051282, "4.0": 0.02564102564102564, "6.0": 0.02564102564102564, "8.0": 0.07692307692307693, "12.0": 0.038461538461538464, "15.0": 0.0641025641025641, "17.0": 0.02564102564102564}, {"7.0": 0.08163265306122448, "8.0": 0.10884353741496598, "10.0": 0.1836734693877551, "11.0": 0.08163265306122448, "15.0": 0.027210884353741496, "17.0": 0.034013605442176874, "1.0": 0.006802721088435374, "2.0": 0.006802721088435374, "3.0": 0.013605442176870748, "5.0": 0.027210884353741496, "6.0": 0.04081632653061224, "9.0": 0.19047619047619047, "12.0": 0.09523809523809523, "13.0": 0.034013605442176874, "14.0": 0.034013605442176874, "16.0": 0.034013605442176874}, {"7.0": 0.04854368932038835, "9.0": 0.13592233009708737, "12.0": 0.11650485436893204, "14.0": 0.0970873786407767, "15.0": 0.0970873786407767, "4.0": 0.019417475728155338, "5.0": 0.019417475728155338, "6.0": 0.04854368932038835, "8.0": 0.08737864077669903, "10.0": 0.0970873786407767, "11.0": 0.08737864077669903, "13.0": 0.0970873786407767, "16.0": 0.038834951456310676, "17.0": 0.009708737864077669}], "Share of total companies with given credit rating in each cluter": [{"1.0": 0.5, "2.0": 0.2857142857142857, "3.0": 0.5, "4.0": 0.2, "5.0": 0.3684210526315789, "6.0": 0.30303030303030304, "7.0": 0.3356164383561644, "8.0": 0.32748538011695905, "9.0": 0.245, "10.0": 0.12307692307692308, "11.0": 0.23, "12.0": 0.26495726495726496, "13.0": 0.28, "14.0": 0.2978723404255319, "15.0": 0.2698412698412698, "16.0": 0.35294117647058826, "17.0": 0.36363636363636365, "18.0": 0.3333333333333333, "20.0": 0.3333333333333333}, {"2.0": 0.14285714285714285, "4.0": 0.05, "5.0": 0.13157894736842105, "6.0": 0.22727272727272727, "7.0": 0.14383561643835616, "8.0": 0.15789473684210525, "9.0": 0.14, "10.0": 0.12307692307692308, "11.0": 0.16, "12.0": 0.21367521367521367, "13.0": 0.27, "14.0": 0.19148936170212766, "15.0": 0.25396825396825395, "18.0": 0.3333333333333333, "20.0": 0.3333333333333333, "16.0": 0.11764705882352941, "17.0": 0.15151515151515152}, {"2.0": 0.14285714285714285, "3.0": 0.08333333333333333, "4.0": 0.05, "5.0": 0.05263157894736842, "6.0": 0.06060606060606061, "7.0": 0.11643835616438356, "8.0": 0.07602339181286549, "9.0": 0.065, "10.0": 0.09230769230769231, "11.0": 0.04, "14.0": 0.07446808510638298, "15.0": 0.09523809523809523, "12.0": 0.07692307692307693, "13.0": 0.06, "16.0": 0.08823529411764706, "17.0": 0.09090909090909091}, {"3.0": 0.16666666666666666, "5.0": 0.10526315789473684, "7.0": 0.13013698630136986, "8.0": 0.1286549707602339, "9.0": 0.165, "10.0": 0.2153846153846154, "13.0": 0.11, "14.0": 0.11702127659574468, "15.0": 0.07936507936507936, "16.0": 0.08823529411764706, "1.0": 0.25, "2.0": 0.2857142857142857, "4.0": 0.1, "6.0": 0.12121212121212122, "11.0": 0.17, "12.0": 0.13675213675213677, "17.0": 0.030303030303030304, "20.0": 0.3333333333333333}, {"4.0": 0.4, "8.0": 0.1286549707602339, "9.0": 0.12, "11.0": 0.11, "3.0": 0.08333333333333333, "5.0": 0.07894736842105263, "6.0": 0.09090909090909091, "7.0": 0.10273972602739725, "10.0": 0.1076923076923077, "12.0": 0.05982905982905983, "13.0": 0.04, "14.0": 0.05319148936170213, "16.0": 0.058823529411764705, "17.0": 0.12121212121212122, "18.0": 0.3333333333333333}, {"5.0": 0.10526315789473684, "7.0": 0.0547945205479452, "9.0": 0.055, "10.0": 0.05384615384615385, "11.0": 0.08, "13.0": 0.09, "14.0": 0.10638297872340426, "16.0": 0.029411764705882353, "4.0": 0.1, "6.0": 0.030303030303030304, "8.0": 0.03508771929824561, "12.0": 0.02564102564102564, "15.0": 0.07936507936507936, "17.0": 0.06060606060606061}, {"7.0": 0.0821917808219178, "8.0": 0.0935672514619883, "10.0": 0.2076923076923077, "11.0": 0.12,