{"Algorithm Parameters": {"K": 8}, "Algorithm Performance": {"WCSS": 31.670511085881184, "Silhouette Score": 0.3142601412511516, "Calinski Harabasz Index": 709.3108946236052}, "Clusters Content Analysis": {"Predictive Power": {"Global": {"Metrics": {"Class: Upgrade": {"Accuracy": 0.6666666666666666, "Precision": 0.7391304347826086, "Recall": 0.9090909090909091, "F1-Score": 0.8153477218225419}, "Class: Downgrade": {"Accuracy": 0.875, "Precision": 0.7391304347826086, "Recall": 0.5833333333333334, "F1-Score": 0.6520547945205479}}, "Confusion Matrix": {"predicted_down_AND_was_down": 14, "predicted_up_AND_was_up": 20, "predicted_no_change_AND_was_no_change": 0, "predicted_down_BUT_was_up": 2, "predicted_down_BUT_was_no_change": 716, "predicted_no_change_BUT_was_up": 0, "predicted_no_change_BUT_was_down": 0, "predicted_up_BUT_was_down": 10, "predicted_up_BUT_was_no_change": 579}}, "Restricted to jumps to or from below B-": {"Metrics": {"Class: Upgrade": "No element of this class", "Class: Downgrade": "No element of this class"}, "Confusion Matrix": {"predicted_down_AND_was_down": 0, "predicted_up_AND_was_up": 0, "predicted_no_change_AND_was_no_change": 0, "predicted_down_BUT_was_up": 0, "predicted_down_BUT_was_no_change": 732, "predicted_no_change_BUT_was_up": 0, "predicted_no_change_BUT_was_down": 0, "predicted_up_BUT_was_down": 0, "predicted_up_BUT_was_no_change": 609}}}, "Share of total companies in each clusters": [0.30201342281879195, 0.14690529455630127, 0.07979120059656973, 0.12229679343773303, 0.0633855331841909, 0.10514541387024609, 0.07829977628635347, 0.10216256524981357, {"SUM": 1.0}], "Clusters with significant ranges (count)": 8, "Significant Clusters (count)": 6, "Cluster Credit Ratings Shares": [{"AAA": 0.0049382716049382715, "AA+": 0.0049382716049382715, "AA": 0.014814814814814815, "AA-": 0.009876543209876543, "A+": 0.0345679012345679, "A": 0.05185185185185185, "A-": 0.12839506172839507, "BBB+": 0.1382716049382716, "BBB": 0.12839506172839507, "BBB-": 0.04691358024691358, "BB+": 0.06419753086419754, "BB": 0.08641975308641975, "BB-": 0.07654320987654321, "B+": 0.07654320987654321, "B": 0.06172839506172839, "B-": 0.03950617283950617, "CCC": 0.0049382716049382715, "CCC-": 0.007407407407407408, "CCC+": 0.014814814814814815, "CC": 0.0024691358024691358, "D": 0.0024691358024691358}, {"AA+": 0.005076142131979695, "AA-": 0.005076142131979695, "A+": 0.02030456852791878, "A": 0.06598984771573604, "A-": 0.09644670050761421, "BBB+": 0.1319796954314721, "BBB": 0.1218274111675127, "BBB-": 0.07106598984771574, "BB+": 0.06091370558375635, "BB": 0.1065989847715736, "BB-": 0.1116751269035533, "B+": 0.08121827411167512, "B": 0.07106598984771574, "CCC+": 0.015228426395939087, "CC": 0.005076142131979695, "D": 0.005076142131979695, "B-": 0.015228426395939087, "CCC": 0.005076142131979695, "CCC-": 0.005076142131979695}, {"AA+": 0.009345794392523364, "AA": 0.009345794392523364, "AA-": 0.009345794392523364, "A+": 0.018691588785046728, "A": 0.037383177570093455, "A-": 0.14953271028037382, "BBB+": 0.1308411214953271, "BBB": 0.1308411214953271, "BBB-": 0.12149532710280374, "BB+": 0.037383177570093455, "BB-": 0.056074766355140186, "B+": 0.08411214953271028, "B": 0.06542056074766354, "BB": 0.08411214953271028, "B-": 0.028037383177570093, "CCC+": 0.018691588785046728, "CCC-": 0.009345794392523364}, {"AA": 0.012195121951219513, "A+": 0.018292682926829267, "A-": 0.10365853658536585, "BBB+": 0.10975609756097561, "BBB": 0.18902439024390244, "B+": 0.04878048780487805, "B": 0.03048780487804878, "B-": 0.018292682926829267, "AAA": 0.006097560975609756, "AA+": 0.012195121951219513, "AA-": 0.012195121951219513, "A": 0.04878048780487805, "BBB-": 0.1402439024390244, "BB+": 0.09146341463414634, "BB": 0.0975609756097561, "BB-": 0.04878048780487805, "CCC": 0.006097560975609756, "D": 0.006097560975609756}, {"AA-": 0.08235294117647059, "BBB+": 0.18823529411764706, "BBB": 0.11764705882352941, "BB+": 0.08235294117647059, "B+": 0.047058823529411764, "AA": 0.011764705882352941, "A+": 0.03529411764705882, "A": 0.08235294117647059, "A-": 0.15294117647058825, "BBB-": 0.08235294117647059, "BB": 0.047058823529411764, "BB-": 0.03529411764705882, "CCC+": 0.011764705882352941, "CCC": 0.023529411764705882}, {"A+": 0.0425531914893617, "A-": 0.07092198581560284, "BBB": 0.14893617021276595, "BBB-": 0.09219858156028368, "BB+": 0.09219858156028368, "BB": 0.06382978723404255, "BB-": 0.10638297872340426, "B+": 0.10638297872340426, "B": 0.04964539007092199, "B-": 0.0070921985815602835, "AA": 0.0070921985815602835, "AA-": 0.028368794326241134, "A": 0.04964539007092199, "BBB+": 0.11347517730496454, "CCC+": 0.02127659574468085}, {"A-": 0.13333333333333333, "BBB": 0.21904761904761905, "BBB-": 0.20952380952380953, "AA": 0.009523809523809525, "AA-": 0.009523809523809525, "A+": 0.01904761904761905, "A": 0.05714285714285714, "BBB+": 0.10476190476190476, "BB+": 0.047619047619047616, "BB": 0.08571428571428572, "BB-": 0.02857142857142857, "B+": 0.009523809523809525, "B": 0.009523809523809525, "B-": 0.02857142857142857, "CCC+": 0.01904761904761905, "CC": 0.009523809523809525}, {"BBB+": 0.10218978102189781, "BBB-": 0.1386861313868613, "BB+": 0.13138686131386862, "BB-": 0.08759124087591241, "B": 0.029197080291970802, "CCC+": 0.029197080291970802, "AAA": 0.0072992700729927005, "AA+": 0.0072992700729927005, "A+": 0.029197080291970802, "A-": 0.0364963503649635, "BBB": 0.18248175182481752, "BB": 0.10218978102189781, "B+": 0.072992700729927, "B-": 0.0364963503649635, "CCC-": 0.0072992700729927005}], "Share of total companies with given credit rating in each cluter": [{"AAA": 0.5, "AA+": 0.2857142857142857, "AA": 0.5, "AA-": 0.2, "A+": 0.3684210526315789, "A": 0.3181818181818182, "A-": 0.3561643835616438, "BBB+": 0.32748538011695905, "BBB": 0.26, "BBB-": 0.14615384615384616, "BB+": 0.26, "BB": 0.29914529914529914, "BB-": 0.31, "B+": 0.32978723404255317, "B": 0.3968253968253968, "B-": 0.47058823529411764, "CCC": 0.3333333333333333, "CCC-": 0.5, "CCC+": 0.2857142857142857, "CC": 0.3333333333333333, "D": 0.3333333333333333}, {"AA+": 0.14285714285714285, "AA-": 0.05, "A+": 0.10526315789473684, "A": 0.19696969696969696, "A-": 0.13013698630136986, "BBB+": 0.15204678362573099, "BBB": 0.12, "BBB-": 0.1076923076923077, "BB+": 0.12, "BB": 0.1794871794871795, "BB-": 0.22, "B+": 0.1702127659574468, "B": 0.2222222222222222, "CCC+": 0.14285714285714285, "CC": 0.3333333333333333, "D": 0.3333333333333333, "B-": 0.08823529411764706, "CCC": 0.16666666666666666, "CCC-": 0.16666666666666666}, {"AA+": 0.14285714285714285, "AA": 0.08333333333333333, "AA-": 0.05, "A+": 0.05263157894736842, "A": 0.06060606060606061, "A-": 0.1095890410958904, "BBB+": 0.08187134502923976, "BBB": 0.07, "BBB-": 0.1, "BB+": 0.04, "BB-": 0.06, "B+": 0.09574468085106383, "B": 0.1111111111111111, "BB": 0.07692307692307693, "B-": 0.08823529411764706, "CCC+": 0.09523809523809523, "CCC-": 0.16666666666666666}, {"AA": 0.16666666666666666, "A+": 0.07894736842105263, "A-": 0.11643835616438356, "BBB+": 0.10526315789473684, "BBB": 0.155, "B+": 0.0851063829787234, "B": 0.07936507936507936, "B-": 0.08823529411764706, "AAA": 0.25, "AA+": 0.2857142857142857, "AA-": 0.1, "A": 0.12121212121212122, "BBB-": 0.17692307692307693, "BB+": 0.15, "BB": 0.13675213675213677, "BB-": 0.08, "CCC": 0.16666666666666666, "D": 0.3333333333333333}, {"AA-": 0.35, "BBB+": 0.0935672514619883, "BBB": 0.05, "BB+": 0.07, "B+": 0.0425531914893617, "AA": 0.08333333333333333, "A+": 0.07894736842105263, "A": 0.10606060606060606, "A-": 0.08904109589041095, "BBB-": 0.05384615384615385, "BB": 0.03418803418803419, "BB-": 0.03, "CCC+": 0.047619047619047616, "CCC": 0.3333333333333333}, {"A+": 0.15789473684210525, "A-": 0.0684931506849315, "BBB": 0.105, "BBB-": 0.1, "BB+": 0.13, "BB": 0.07692307692307693, "BB-": 0.15, "B+": 0.1595744680851064, "B": 0.1111111111111111, "B-": 0.029411764705882353, "AA": 0.08333333333333333, "AA-": 0.2, "A": 0.10606060606060606, "BBB+": 0.0935672514619883,