{"Algorithm Parameters": {"C": 7}, "Algorithm Performance": {"WCSS": 35.17528047651476, "Silhouette Score": 0.3054671462996816, "Calinski Harabasz Index": 748.0949020180441}, "Clusters Content Analysis": {"Predictive Power": {"Global": {"Metrics": {"Class: Upgrade": {"Accuracy": 0.6428571428571429, "Precision": 0.76, "Recall": 0.9, "F1-Score": 0.8240963855421687}, "Class: Downgrade": {"Accuracy": 0.9090909090909091, "Precision": 0.76, "Recall": 0.6666666666666666, "F1-Score": 0.7102803738317756}}, "Confusion Matrix": {"predicted_down_AND_was_down": 10, "predicted_up_AND_was_up": 9, "predicted_no_change_AND_was_no_change": 0, "predicted_down_BUT_was_up": 1, "predicted_down_BUT_was_no_change": 744, "predicted_no_change_BUT_was_up": 0, "predicted_no_change_BUT_was_down": 0, "predicted_up_BUT_was_down": 5, "predicted_up_BUT_was_no_change": 572}}, "Restricted to jumps to or from below B-": {"Metrics": {"Class: Upgrade": "No element of this class", "Class: Downgrade": "No element of this class"}, "Confusion Matrix": {"predicted_down_AND_was_down": 0, "predicted_up_AND_was_up": 0, "predicted_no_change_AND_was_no_change": 0, "predicted_down_BUT_was_up": 0, "predicted_down_BUT_was_no_change": 755, "predicted_no_change_BUT_was_up": 0, "predicted_no_change_BUT_was_down": 0, "predicted_up_BUT_was_down": 0, "predicted_up_BUT_was_no_change": 586}}}, "Share of total companies in each clusters": [0.28635346756152125, 0.1476510067114094, 0.10141685309470544, 0.1267710663683818, 0.10961968680089486, 0.11782252050708426, 0.11036539895600299, {"SUM": 1.0}], "Clusters with significant ranges (count)": 7, "Significant Clusters (count)": 6, "Cluster Credit Ratings Shares": [{"1.0": 0.005208333333333333, "2.0": 0.005208333333333333, "3.0": 0.013020833333333334, "4.0": 0.010416666666666666, "5.0": 0.036458333333333336, "6.0": 0.052083333333333336, "7.0": 0.1328125, "8.0": 0.140625, "9.0": 0.13541666666666666, "10.0": 0.044270833333333336, "11.0": 0.0625, "12.0": 0.08333333333333333, "13.0": 0.078125, "14.0": 0.07291666666666667, "15.0": 0.0546875, "16.0": 0.0390625, "17.0": 0.028645833333333332, "18.0": 0.0026041666666666665, "20.0": 0.0026041666666666665}, {"2.0": 0.005050505050505051, "4.0": 0.005050505050505051, "5.0": 0.020202020202020204, "6.0": 0.05555555555555555, "7.0": 0.09595959595959595, "8.0": 0.1111111111111111, "9.0": 0.11616161616161616, "10.0": 0.08080808080808081, "11.0": 0.06565656565656566, "12.0": 0.12626262626262627, "13.0": 0.1111111111111111, "14.0": 0.09090909090909091, "15.0": 0.06060606060606061, "17.0": 0.020202020202020204, "18.0": 0.005050505050505051, "20.0": 0.005050505050505051, "3.0": 0.005050505050505051, "16.0": 0.020202020202020204}, {"2.0": 0.007352941176470588, "3.0": 0.007352941176470588, "4.0": 0.007352941176470588, "5.0": 0.029411764705882353, "6.0": 0.03676470588235294, "7.0": 0.125, "8.0": 0.13970588235294118, "9.0": 0.14705882352941177, "10.0": 0.11029411764705882, "11.0": 0.04411764705882353, "13.0": 0.0661764705882353, "14.0": 0.07352941176470588, "15.0": 0.08088235294117647, "12.0": 0.07352941176470588, "16.0": 0.022058823529411766, "17.0": 0.029411764705882353}, {"3.0": 0.011764705882352941, "7.0": 0.09411764705882353, "9.0": 0.17647058823529413, "10.0": 0.14705882352941177, "13.0": 0.07058823529411765, "14.0": 0.058823529411764705, "16.0": 0.01764705882352941, "1.0": 0.0058823529411764705, "2.0": 0.0058823529411764705, "4.0": 0.011764705882352941, "5.0": 0.01764705882352941, "6.0": 0.041176470588235294, "8.0": 0.12352941176470589, "11.0": 0.1, "12.0": 0.08235294117647059, "15.0": 0.01764705882352941, "17.0": 0.011764705882352941, "20.0": 0.0058823529411764705}, {"4.0": 0.05442176870748299, "8.0": 0.17006802721088435, "9.0": 0.1836734693877551, "11.0": 0.08163265306122448, "14.0": 0.04081632653061224, "15.0": 0.013605442176870748, "2.0": 0.006802721088435374, "3.0": 0.006802721088435374, "5.0": 0.02040816326530612, "6.0": 0.06802721088435375, "7.0": 0.1292517006802721, "10.0": 0.09523809523809523, "12.0": 0.06802721088435375, "13.0": 0.034013605442176874, "17.0": 0.027210884353741496}, {"5.0": 0.0379746835443038, "7.0": 0.06962025316455696, "9.0": 0.14556962025316456, "10.0": 0.08227848101265822, "11.0": 0.10126582278481013, "12.0": 0.0759493670886076, "13.0": 0.10126582278481013, "14.0": 0.11392405063291139, "15.0": 0.06329113924050633, "16.0": 0.012658227848101266, "2.0": 0.006329113924050633, "3.0": 0.006329113924050633, "4.0": 0.02531645569620253, "6.0": 0.04430379746835443, "8.0": 0.0949367088607595, "17.0": 0.0189873417721519}, {"7.0": 0.08783783783783784, "8.0": 0.10135135135135136, "10.0": 0.20270270270270271, "11.0": 0.08108108108108109, "15.0": 0.02702702702702703, "17.0": 0.033783783783783786, "1.0": 0.006756756756756757, "3.0": 0.006756756756756757, "5.0": 0.02702702702702703, "6.0": 0.04054054054054054, "9.0": 0.16891891891891891, "12.0": 0.0945945945945946, "13.0": 0.04054054054054054, "14.0": 0.02702702702702703, "16.0": 0.0472972972972973, "18.0": 0.006756756756756757}], "Share of total companies with given credit rating in each cluter": [{"1.0": 0.5, "2.0": 0.2857142857142857, "3.0": 0.4166666666666667, "4.0": 0.2, "5.0": 0.3684210526315789, "6.0": 0.30303030303030304, "7.0": 0.3493150684931507, "8.0": 0.3157894736842105, "9.0": 0.26, "10.0": 0.13076923076923078, "11.0": 0.24, "12.0": 0.27350427350427353, "13.0": 0.3, "14.0": 0.2978723404255319, "15.0": 0.3333333333333333, "16.0": 0.4411764705882353, "17.0": 0.3333333333333333, "18.0": 0.3333333333333333, "20.0": 0.3333333333333333}, {"2.0": 0.14285714285714285, "4.0": 0.05, "5.0": 0.10526315789473684, "6.0": 0.16666666666666666, "7.0": 0.13013698630136986, "8.0": 0.1286549707602339, "9.0": 0.115, "10.0": 0.12307692307692308, "11.0": 0.13, "12.0": 0.21367521367521367, "13.0": 0.22, "14.0": 0.19148936170212766, "15.0": 0.19047619047619047, "17.0": 0.12121212121212122, "18.0": 0.3333333333333333, "20.0": 0.3333333333333333, "3.0": 0.08333333333333333, "16.0": 0.11764705882352941}, {"2.0": 0.14285714285714285, "3.0": 0.08333333333333333, "4.0": 0.05, "5.0": 0.10526315789473684, "6.0": 0.07575757575757576, "7.0": 0.11643835616438356, "8.0": 0.1111111111111111, "9.0": 0.1, "10.0": 0.11538461538461539, "11.0": 0.06, "13.0": 0.09, "14.0": 0.10638297872340426, "15.0": 0.1746031746031746, "12.0": 0.08547008547008547, "16.0": 0.08823529411764706, "17.0": 0.12121212121212122}, {"3.0": 0.16666666666666666, "7.0": 0.1095890410958904, "9.0": 0.15, "10.0": 0.19230769230769232, "13.0": 0.12, "14.0": 0.10638297872340426, "16.0": 0.08823529411764706, "1.0": 0.25, "2.0": 0.14285714285714285, "4.0": 0.1, "5.0": 0.07894736842105263, "6.0": 0.10606060606060606, "8.0": 0.12280701754385964, "11.0": 0.17, "12.0": 0.11965811965811966, "15.0": 0.047619047619047616, "17.0": 0.06060606060606061, "20.0": 0.3333333333333333}, {"4.0": 0.4, "8.0": 0.14619883040935672, "9.0": 0.135, "11.0": 0.12, "14.0": 0.06382978723404255, "15.0": 0.031746031746031744, "2.0": 0.14285714285714285, "3.0": 0.08333333333333333, "5.0": 0.07894736842105263, "6.0": 0.15151515151515152, "7.0": 0.13013698630136986, "10.0": 0.1076923076923077, "12.0": 0.08547008547008547, "13.0": 0.05, "17.0": 0.12121212121212122}, {"5.0": 0.15789473684210525, "7.0": 0.07534246575342465, "9.0": 0.115, "10.0": 0.1, "11.0": 0.16, "12.0": 0.10256410256410256, "13.0": 0.16, "14.0": 0.19148936170212766, "15.0": 0.15873015873015872, "16.0": 0.058823529411764705, "2.0": 0.14285714285714285, "3.0": 0.08333333333333333, "4.0": 0.2, "6.0": 0.10606060606060606, "8.0": 0.08771929824561403, "17.0": 0.09090909090909091}, {"7.0": 0.08904109589041095, "8.0": 0.08771929824561403, "10.0": 0.23076923076923078, "11.0": 0.12, "15.0": 0.06349206349206349, "17.0": 0.15151515151515152, "1.0": 0.25, "3.0": 0.08333333333333333, "5.0": 0.10526315789473684, "6.0": 0.09090909090909091, "9.0": 0.125, "12.0": 0.11965811965811966, "13.0": 0.06, "14.0": 0.0425531914893617, "16.0": 0.20588235294117646, "18.0": 0.3333333333333333}],