{"Algorithm Parameters": {"K": 7}, "Algorithm Performance": {"WCSS": 33.674300676210876, "Silhouette Score": 0.3237826840796384, "Calinski Harabasz Index": 765.437648304546}, "Clusters Content Analysis": {"Predictive Power": {"Global": {"Metrics": {"Class: Upgrade": {"Accuracy": 0.6666666666666666, "Precision": 0.7391304347826086, "Recall": 0.9090909090909091, "F1-Score": 0.8153477218225419}, "Class: Downgrade": {"Accuracy": 0.875, "Precision": 0.7391304347826086, "Recall": 0.5833333333333334, "F1-Score": 0.6520547945205479}}, "Confusion Matrix": {"predicted_down_AND_was_down": 14, "predicted_up_AND_was_up": 20, "predicted_no_change_AND_was_no_change": 0, "predicted_down_BUT_was_up": 2, "predicted_down_BUT_was_no_change": 734, "predicted_no_change_BUT_was_up": 0, "predicted_no_change_BUT_was_down": 0, "predicted_up_BUT_was_down": 10, "predicted_up_BUT_was_no_change": 561}}, "Restricted to jumps to or from below B-": {"Metrics": {"Class: Upgrade": "No element of this class", "Class: Downgrade": "No element of this class"}, "Confusion Matrix": {"predicted_down_AND_was_down": 0, "predicted_up_AND_was_up": 0, "predicted_no_change_AND_was_no_change": 0, "predicted_down_BUT_was_up": 0, "predicted_down_BUT_was_no_change": 750, "predicted_no_change_BUT_was_up": 0, "predicted_no_change_BUT_was_down": 0, "predicted_up_BUT_was_down": 0, "predicted_up_BUT_was_no_change": 591}}}, "Share of total companies in each clusters": [0.3049962714392245, 0.16554809843400448, 0.08128262490678598, 0.1476510067114094, 0.10216256524981357, 0.11782252050708426, 0.08053691275167785, {"SUM": 1.0}], "Clusters with significant ranges (count)": 7, "Significant Clusters (count)": 6, "Cluster Credit Ratings Shares": [{"AAA": 0.004889975550122249, "AA+": 0.004889975550122249, "AA": 0.014669926650366748, "AA-": 0.009779951100244499, "A+": 0.034229828850855744, "A": 0.05134474327628362, "A-": 0.1271393643031785, "BBB+": 0.1393643031784841, "BBB": 0.1271393643031785, "BBB-": 0.0488997555012225, "BB+": 0.06356968215158924, "BB": 0.08312958435207823, "BB-": 0.07823960880195599, "B+": 0.07823960880195599, "B": 0.061124694376528114, "B-": 0.039119804400977995, "CCC+": 0.017114914425427872, "CCC": 0.004889975550122249, "CCC-": 0.007334963325183374, "CC": 0.0024449877750611247, "D": 0.0024449877750611247}, {"AA+": 0.0045045045045045045, "AA-": 0.0045045045045045045, "A+": 0.02252252252252252, "A": 0.06306306306306306, "A-": 0.0945945945945946, "BBB+": 0.11711711711711711, "BBB": 0.13063063063063063, "BBB-": 0.07207207207207207, "BB+": 0.07207207207207207, "BB": 0.11261261261261261, "BB-": 0.11261261261261261, "B+": 0.07657657657657657, "B": 0.06756756756756757, "CC": 0.0045045045045045045, "D": 0.0045045045045045045, "B-": 0.018018018018018018, "CCC+": 0.009009009009009009, "CCC": 0.0045045045045045045, "CCC-": 0.009009009009009009}, {"AA+": 0.009174311926605505, "AA": 0.009174311926605505, "AA-": 0.009174311926605505, "A+": 0.027522935779816515, "A": 0.027522935779816515, "A-": 0.14678899082568808, "BBB+": 0.12844036697247707, "BBB": 0.12844036697247707, "BBB-": 0.12844036697247707, "BB+": 0.045871559633027525, "BB-": 0.05504587155963303, "B+": 0.08256880733944955, "B": 0.06422018348623854, "BB": 0.08256880733944955, "B-": 0.027522935779816515, "CCC+": 0.01834862385321101, "CCC-": 0.009174311926605505}, {"AA": 0.010101010101010102, "AA-": 0.020202020202020204, "A-": 0.12121212121212122, "BBB+": 0.12121212121212122, "BBB": 0.1717171717171717, "BBB-": 0.13131313131313133, "B+": 0.050505050505050504, "B": 0.025252525252525252, "B-": 0.015151515151515152, "AAA": 0.005050505050505051, "AA+": 0.010101010101010102, "A+": 0.020202020202020204, "A": 0.06565656565656566, "BB+": 0.09090909090909091, "BB": 0.08080808080808081, "BB-": 0.045454545454545456, "CCC": 0.010101010101010102, "D": 0.005050505050505051}, {"A+": 0.043795620437956206, "A-": 0.072992700729927, "BBB": 0.145985401459854, "BBB-": 0.0948905109489051, "BB+": 0.0948905109489051, "BB": 0.072992700729927, "BB-": 0.10948905109489052, "B+": 0.10948905109489052, "B": 0.051094890510948905, "B-": 0.0072992700729927005, "AA-": 0.029197080291970802, "A": 0.043795620437956206, "BBB+": 0.10218978102189781, "CCC+": 0.021897810218978103}, {"A-": 0.0759493670886076, "BBB+": 0.10759493670886076, "BBB-": 0.14556962025316456, "BB+": 0.08860759493670886, "BB-": 0.056962025316455694, "B": 0.02531645569620253, "CCC+": 0.03164556962025317, "AAA": 0.006329113924050633, "AA+": 0.006329113924050633, "AA": 0.012658227848101266, "A+": 0.02531645569620253, "A": 0.0379746835443038, "BBB": 0.189873417721519, "BB": 0.10759493670886076, "B+": 0.05063291139240506, "B-": 0.03164556962025317}, {"BBB+": 0.17592592592592593, "BBB": 0.19444444444444445, "BBB-": 0.16666666666666666, "BB+": 0.07407407407407407, "AA": 0.009259259259259259, "AA-": 0.05555555555555555, "A+": 0.018518518518518517, "A": 0.027777777777777776, "A-": 0.10185185185185185, "BB": 0.05555555555555555, "BB-": 0.037037037037037035, "B+": 0.027777777777777776, "B-": 0.018518518518518517, "CCC+": 0.018518518518518517, "CCC": 0.009259259259259259, "CC": 0.009259259259259259}], "Share of total companies with given credit rating in each cluter": [{"AAA": 0.5, "AA+": 0.2857142857142857, "AA": 0.5, "AA-": 0.2, "A+": 0.3684210526315789, "A": 0.3181818181818182, "A-": 0.3561643835616438, "BBB+": 0.3333333333333333, "BBB": 0.26, "BBB-": 0.15384615384615385, "BB+": 0.26, "BB": 0.2905982905982906, "BB-": 0.32, "B+": 0.3404255319148936, "B": 0.3968253968253968, "B-": 0.47058823529411764, "CCC+": 0.3333333333333333, "CCC": 0.3333333333333333, "CCC-": 0.5, "CC": 0.3333333333333333, "D": 0.3333333333333333}, {"AA+": 0.14285714285714285, "AA-": 0.05, "A+": 0.13157894736842105, "A": 0.21212121212121213, "A-": 0.14383561643835616, "BBB+": 0.15204678362573099, "BBB": 0.145, "BBB-": 0.12307692307692308, "BB+": 0.16, "BB": 0.21367521367521367, "BB-": 0.25, "B+": 0.18085106382978725, "B": 0.23809523809523808, "CC": 0.3333333333333333, "D": 0.3333333333333333, "B-": 0.11764705882352941, "CCC+": 0.09523809523809523, "CCC": 0.16666666666666666, "CCC-": 0.3333333333333333}, {"AA+": 0.14285714285714285, "AA": 0.08333333333333333, "AA-": 0.05, "A+": 0.07894736842105263, "A": 0.045454545454545456, "A-": 0.1095890410958904, "BBB+": 0.08187134502923976, "BBB": 0.07, "BBB-": 0.1076923076923077, "BB+": 0.05, "BB-": 0.06, "B+": 0.09574468085106383, "B": 0.1111111111111111, "BB": 0.07692307692307693, "B-": 0.08823529411764706, "CCC+": 0.09523809523809523, "CCC-": 0.16666666666666666}, {"AA": 0.16666666666666666, "AA-": 0.2, "A-": 0.1643835616438356, "BBB+": 0.14035087719298245, "BBB": 0.17, "BBB-": 0.2, "B+": 0.10638297872340426, "B": 0.07936507936507936, "B-": 0.08823529411764706, "AAA": 0.25, "AA+": 0.2857142857142857, "A+": 0.10526315789473684, "A": 0.19696969696969696, "BB+": 0.18, "BB": 0.13675213675213677, "BB-": 0.09, "CCC": 0.3333333333333333, "D": 0.3333333333333333}, {"A+": 0.15789473684210525, "A-": 0.0684931506849315, "BBB": 0.1, "BBB-": 0.1, "BB+": 0.13, "BB": 0.08547008547008547, "BB-": 0.15, "B+": 0.1595744680851064, "B": 0.1111111111111111, "B-": 0.029411764705882353, "AA-": 0.2, "A": 0.09090909090909091, "BBB+": 0.08187134502923976, "CCC+": 0.14285714285714285}, {"A-": 0.0821917808219178, "BBB+": 0.09941520467836257, "BBB-": 0.17692307692307693, "BB+": 0.14, "BB-": 0.09, "B": 0.06349206349206349, "CCC+": 0.23809523809523808, "AAA": 0.25, "AA+": 0.14285714285714285, "AA": 0.16666666666666666, "A+": 0.10526315789473684, "A": 0.09090909090909091, "BBB": 0.15, "BB": 0.1452991452991453, "B+": 0.0851063829787234, "B-": 0.14705882352941177}, {"BBB+": 0.1111111111111111, "BBB": 0.105, "BBB-": 0.13846153846153847, "BB+": 0.08, "AA": 0.08333333333333333, "AA-": 0.3, "A+": 0.05263157894736842, "A": 0.045454545454545456, "A-": 0.07534246575342465, "BB": 0.05128205128205128, "BB-": 0.04, "B+": 0.031914893617021274, "B-": 0.058823529411764705, "CCC+": 0.09523809523809523, "CCC": 0.16666666666666666, "CC": 0.3333333333333333}],