{"Algorithm Parameters": {"K": 7}, "Algorithm Performance": {"WCSS": 33.674300676210876, "Silhouette Score": 0.3237826840796384, "Calinski Harabasz Index": 765.437648304546}, "Clusters Content Analysis": {"Predictive Power": {"Global": {"Metrics": {"Class: Upgrade": {"Accuracy": 0.6428571428571429, "Precision": 0.76, "Recall": 0.9, "F1-Score": 0.8240963855421687}, "Class: Downgrade": {"Accuracy": 0.9090909090909091, "Precision": 0.76, "Recall": 0.6666666666666666, "F1-Score": 0.7102803738317756}}, "Confusion Matrix": {"predicted_down_AND_was_down": 10, "predicted_up_AND_was_up": 9, "predicted_no_change_AND_was_no_change": 0, "predicted_down_BUT_was_up": 1, "predicted_down_BUT_was_no_change": 739, "predicted_no_change_BUT_was_up": 0, "predicted_no_change_BUT_was_down": 0, "predicted_up_BUT_was_down": 5, "predicted_up_BUT_was_no_change": 577}}, "Restricted to jumps to or from below B-": {"Metrics": {"Class: Upgrade": "No element of this class", "Class: Downgrade": "No element of this class"}, "Confusion Matrix": {"predicted_down_AND_was_down": 0, "predicted_up_AND_was_up": 0, "predicted_no_change_AND_was_no_change": 0, "predicted_down_BUT_was_up": 0, "predicted_down_BUT_was_no_change": 750, "predicted_no_change_BUT_was_up": 0, "predicted_no_change_BUT_was_down": 0, "predicted_up_BUT_was_down": 0, "predicted_up_BUT_was_no_change": 591}}}, "Share of total companies in each clusters": [0.3049962714392245, 0.16554809843400448, 0.08128262490678598, 0.1476510067114094, 0.10216256524981357, 0.11782252050708426, 0.08053691275167785, {"SUM": 1.0}], "Clusters with significant ranges (count)": 7, "Significant Clusters (count)": 6, "Cluster Credit Ratings Shares": [{"1.0": 0.004889975550122249, "2.0": 0.004889975550122249, "3.0": 0.014669926650366748, "4.0": 0.009779951100244499, "5.0": 0.034229828850855744, "6.0": 0.05134474327628362, "7.0": 0.1271393643031785, "8.0": 0.1393643031784841, "9.0": 0.1271393643031785, "10.0": 0.0488997555012225, "11.0": 0.06356968215158924, "12.0": 0.08312958435207823, "13.0": 0.07823960880195599, "14.0": 0.07823960880195599, "15.0": 0.061124694376528114, "16.0": 0.039119804400977995, "17.0": 0.029339853300733496, "18.0": 0.0024449877750611247, "20.0": 0.0024449877750611247}, {"2.0": 0.0045045045045045045, "4.0": 0.0045045045045045045, "5.0": 0.02252252252252252, "6.0": 0.06306306306306306, "7.0": 0.0945945945945946, "8.0": 0.11711711711711711, "9.0": 0.13063063063063063, "10.0": 0.07207207207207207, "11.0": 0.07207207207207207, "12.0": 0.11261261261261261, "13.0": 0.11261261261261261, "14.0": 0.07657657657657657, "15.0": 0.06756756756756757, "18.0": 0.0045045045045045045, "20.0": 0.0045045045045045045, "16.0": 0.018018018018018018, "17.0": 0.02252252252252252}, {"2.0": 0.009174311926605505, "3.0": 0.009174311926605505, "4.0": 0.009174311926605505, "5.0": 0.027522935779816515, "6.0": 0.027522935779816515, "7.0": 0.14678899082568808, "8.0": 0.12844036697247707, "9.0": 0.12844036697247707, "10.0": 0.12844036697247707, "11.0": 0.045871559633027525, "13.0": 0.05504587155963303, "14.0": 0.08256880733944955, "15.0": 0.06422018348623854, "12.0": 0.08256880733944955, "16.0": 0.027522935779816515, "17.0": 0.027522935779816515}, {"3.0": 0.010101010101010102, "4.0": 0.020202020202020204, "7.0": 0.12121212121212122, "8.0": 0.12121212121212122, "9.0": 0.1717171717171717, "10.0": 0.13131313131313133, "14.0": 0.050505050505050504, "15.0": 0.025252525252525252, "16.0": 0.015151515151515152, "1.0": 0.005050505050505051, "2.0": 0.010101010101010102, "5.0": 0.020202020202020204, "6.0": 0.06565656565656566, "11.0": 0.09090909090909091, "12.0": 0.08080808080808081, "13.0": 0.045454545454545456, "17.0": 0.010101010101010102, "20.0": 0.005050505050505051}, {"5.0": 0.043795620437956206, "7.0": 0.072992700729927, "9.0": 0.145985401459854, "10.0": 0.0948905109489051, "11.0": 0.0948905109489051, "12.0": 0.072992700729927, "13.0": 0.10948905109489052, "14.0": 0.10948905109489052, "15.0": 0.051094890510948905, "16.0": 0.0072992700729927005, "4.0": 0.029197080291970802, "6.0": 0.043795620437956206, "8.0": 0.10218978102189781, "17.0": 0.021897810218978103}, {"7.0": 0.0759493670886076, "8.0": 0.10759493670886076, "10.0": 0.14556962025316456, "11.0": 0.08860759493670886, "13.0": 0.056962025316455694, "15.0": 0.02531645569620253, "17.0": 0.03164556962025317, "1.0": 0.006329113924050633, "2.0": 0.006329113924050633, "3.0": 0.012658227848101266, "5.0": 0.02531645569620253, "6.0": 0.0379746835443038, "9.0": 0.189873417721519, "12.0": 0.10759493670886076, "14.0": 0.05063291139240506, "16.0": 0.03164556962025317}, {"8.0": 0.17592592592592593, "9.0": 0.19444444444444445, "10.0": 0.16666666666666666, "11.0": 0.07407407407407407, "3.0": 0.009259259259259259, "4.0": 0.05555555555555555, "5.0": 0.018518518518518517, "6.0": 0.027777777777777776, "7.0": 0.10185185185185185, "12.0": 0.05555555555555555, "13.0": 0.037037037037037035, "14.0": 0.027777777777777776, "16.0": 0.018518518518518517, "17.0": 0.027777777777777776, "18.0": 0.009259259259259259}], "Share of total companies with given credit rating in each cluter": [{"1.0": 0.5, "2.0": 0.2857142857142857, "3.0": 0.5, "4.0": 0.2, "5.0": 0.3684210526315789, "6.0": 0.3181818181818182, "7.0": 0.3561643835616438, "8.0": 0.3333333333333333, "9.0": 0.26, "10.0": 0.15384615384615385, "11.0": 0.26, "12.0": 0.2905982905982906, "13.0": 0.32, "14.0": 0.3404255319148936, "15.0": 0.3968253968253968, "16.0": 0.47058823529411764, "17.0": 0.36363636363636365, "18.0": 0.3333333333333333, "20.0": 0.3333333333333333}, {"2.0": 0.14285714285714285, "4.0": 0.05, "5.0": 0.13157894736842105, "6.0": 0.21212121212121213, "7.0": 0.14383561643835616, "8.0": 0.15204678362573099, "9.0": 0.145, "10.0": 0.12307692307692308, "11.0": 0.16, "12.0": 0.21367521367521367, "13.0": 0.25, "14.0": 0.18085106382978725, "15.0": 0.23809523809523808, "18.0": 0.3333333333333333, "20.0": 0.3333333333333333, "16.0": 0.11764705882352941, "17.0": 0.15151515151515152}, {"2.0": 0.14285714285714285, "3.0": 0.08333333333333333, "4.0": 0.05, "5.0": 0.07894736842105263, "6.0": 0.045454545454545456, "7.0": 0.1095890410958904, "8.0": 0.08187134502923976, "9.0": 0.07, "10.0": 0.1076923076923077, "11.0": 0.05, "13.0": 0.06, "14.0": 0.09574468085106383, "15.0": 0.1111111111111111, "12.0": 0.07692307692307693, "16.0": 0.08823529411764706, "17.0": 0.09090909090909091}, {"3.0": 0.16666666666666666, "4.0": 0.2, "7.0": 0.1643835616438356, "8.0": 0.14035087719298245, "9.0": 0.17, "10.0": 0.2, "14.0": 0.10638297872340426, "15.0": 0.07936507936507936, "16.0": 0.08823529411764706, "1.0": 0.25, "2.0": 0.2857142857142857, "5.0": 0.10526315789473684, "6.0": 0.19696969696969696, "11.0": 0.18, "12.0": 0.13675213675213677, "13.0": 0.09, "17.0": 0.06060606060606061, "20.0": 0.3333333333333333}, {"5.0": 0.15789473684210525, "7.0": 0.0684931506849315, "9.0": 0.1, "10.0": 0.1, "11.0": 0.13, "12.0": 0.08547008547008547, "13.0": 0.15, "14.0": 0.1595744680851064, "15.0": 0.1111111111111111, "16.0": 0.029411764705882353, "4.0": 0.2, "6.0": 0.09090909090909091, "8.0": 0.08187134502923976, "17.0": 0.09090909090909091}, {"7.0": 0.0821917808219178, "8.0": 0.09941520467836257, "10.0": 0.17692307692307693, "11.0": 0.14, "13.0": 0.09, "15.0": 0.06349206349206349, "17.0": 0.15151515151515152, "1.0": 0.25, "2.0": 0.14285714285714285, "3.0": 0.16666666666666666, "5.0": 0.10526315789473684, "6.0": 0.09090909090909091, "9.0": 0.15, "12.0": 0.1452991452991453, "14.0": 0.0851063829787234, "16.0": 0.14705882352941177}, {"8.0": 0.1111111111111111, "9.0": 0.105, "10.0": 0.13846153846153847, "11.0": 0.08, "3.0": 0.08333333333333333, "4.0": 0.3, "5.0": 0.05263157894736842, "6.0": 0.045454545454545456, "7.0": 0.07534246575342465, "12.0": 0.05128205128205128, "13.0": 0.04, "14.0": 0.031914893617021274, "16.0": 0.058823529411764705, "17.0": 0.09090909090909091, "18.0": 0.3333333333333333}], "Cluster ranges": [19.0, 18.0, 15.0, 19.0, 13.0, 16.0, 15.0], "Cluster metrics of location and dispersion": [{"Mean": 10.158924205378973,