{"Algorithm Parameters": {"Threshold Value": 10.1, "Braching Factor": 67, "K": 12}, "Algorithm Performance": {"Silhouette Score": 0.7643059319383724}, "Clusters Content Analysis": {"Clusters with significant ranges (count)": 1, "Significant Clusters (count)": 1, "Cluster Credit Ratings Counts": [{"9.0": 173, "6.0": 88, "8.0": 77, "11.0": 59, "12.0": 89, "14.0": 30, "3.0": 19, "15.0": 22, "5.0": 12, "18.0": 1, "17.0": 2, "1.0": 1, "2.0": 2}], "Cluster ranges": [17.0], "Cluster metrics of location and dispersion": [{"Mean": 9.290434782608695, "Median": 9.0, "1st Quartile": 8.0, "3rd Quartile": 11.5, "Standard Deviation": 2.8426862345949098, "Is Signficant": true}], "Cluster entropies": [2.84807235284833], "Maximum entropy": 2.84807235284833, "Weighted average entropy": 2.84807235284833, "Incoherencies explanations": {"CLUSTER 0": {"RATING 9.0": [{"1": {"Comparison": "Cluster elements in lower half", "Credit Rating Statistics": {"Mean": -0.4549015581304948, "Median": -0.42226905132041703, "1st Quartile": -2.0861879316908833, "3rd Quartile": 0.6943829153920298, "Standard Deviation": 2.2098128417585245}, "Cluster Statistics": {"Mean": -0.4549015581304948, "Median": -0.42226905132041703, "1st Quartile": -2.0861879316908833, "3rd Quartile": 0.6943829153920298, "Standard Deviation": 2.2098128417585245}}}, {"8": {"Comparison": "Cluster elements in upper half", "Credit Rating Statistics": {"Mean": -0.1460262597362871, "Median": -0.17860659351683936, "1st Quartile": -0.890929442900764, "3rd Quartile": 0.5256778044122208, "Standard Deviation": 1.3210587683474033}, "Cluster Statistics": {"Mean": -0.1460262597362871, "Median": -0.17860659351683936, "1st Quartile": -0.890929442900764, "3rd Quartile": 0.5256778044122208, "Standard Deviation": 1.3210587683474033}}}, {"12": {"Comparison": "Cluster elements in lower half", "Credit Rating Statistics": {"Mean": 0.03784002597006347, "Median": 0.17295398816983892, "1st Quartile": -0.5224013072903391, "3rd Quartile": 0.5092596654511063, "Standard Deviation": 1.1112096944893837}, "Cluster Statistics": {"Mean": 0.03784002597006347, "Median": 0.17295398816983892, "1st Quartile": -0.5224013072903391, "3rd Quartile": 0.5092596654511063, "Standard Deviation": 1.1112096944893837}}}, {"16": {"Comparison": "Cluster elements in upper half", "Credit Rating Statistics": {"Mean": 0.09442914752582747, "Median": 0.07073374008956072, "1st Quartile": -0.1294548677897232, "3rd Quartile": 0.285742738781506, "Standard Deviation": 1.4600741877063939}, "Cluster Statistics": {"Mean": 0.09442914752582747, "Median": 0.07073374008956072, "1st Quartile": -0.1294548677897232, "3rd Quartile": 0.285742738781506, "Standard Deviation": 1.4600741877063939}}}, {"22": {"Comparison": "Cluster elements in upper half", "Credit Rating Statistics": {"Mean": -0.05576615928149033, "Median": -0.16677753659027322, "1st Quartile": -0.41601980724048176, "3rd Quartile": 0.19886898068892336, "Standard Deviation": 0.677249918991292}, "Cluster Statistics": {"Mean": -0.05576615928149033, "Median": -0.16677753659027322, "1st Quartile": -0.41601980724048176, "3rd Quartile": 0.19886898068892336, "Standard Deviation": 0.677249918991292}}}], "RATING 6.0": [{"1": {"Comparison": "Cluster elements in lower half", "Credit Rating Statistics": {"Mean": 0.5050438173715494, "Median": 0.8005948468452195, "1st Quartile": -1.5158959840281463, "3rd Quartile": 2.6351586291996942, "Standard Deviation": 2.9153830751607623}, "Cluster Statistics": {"Mean": 0.5050438173715494, "Median": 0.8005948468452195, "1st Quartile": -1.5158959840281463, "3rd Quartile": 2.6351586291996942, "Standard Deviation": 2.9153830751607623}}}, {"9": {"Comparison": "Cluster elements in upper half", "Credit Rating Statistics": {"Mean": -0.11026982907010288, "Median": -0.23504722316466875, "1st Quartile": -0.5400611922403248, "3rd Quartile": 0.5505271492704465, "Standard Deviation": 1.2679173530314383}, "Cluster Statistics": {"Mean": -0.11026982907010288, "Median": -0.23504722316466875, "1st Quartile": -0.5400611922403248, "3rd Quartile": 0.5505271492704465, "Standard Deviation": 1.2679173530314383}}}, {"19": {"Comparison": "Cluster elements in upper half", "Credit Rating Statistics": {"Mean": 0.03976982317916991, "Median": -0.15269377640629678, "1st Quartile": -0.47711035830573845, "3rd Quartile": 0.2588071405044065, "Standard Deviation": 1.2850859514663575}, "Cluster Statistics": {"Mean": 0.03976982317916991, "Median": -0.15269377640629678, "1st Quartile": -0.47711035830573845, "3rd Quartile": 0.2588071405044065, "Standard Deviation": 1.2850859514663575}}}, {"20": {"Comparison": "Cluster elements in upper half", "Credit Rating Statistics": {"Mean": 0.11102285828227564, "Median": 0.08888693047105692, "1st Quartile": -0.2621933658840538, "3rd Quartile": 0.31810291229969134, "Standard Deviation": 0.9311197255977819}, "Cluster Statistics": {"Mean": 0.11102285828227564, "Median": 0.08888693047105692, "1st Quartile": -0.2621933658840538, "3rd Quartile": 0.31810291229969134, "Standard Deviation": 0.9311197255977819}}}, {"22": {"Comparison": "Cluster elements in upper half", "Credit Rating Statistics": {"Mean": -0.03804849389192949, "Median": -0.1498857798602065, "1st Quartile": -0.4259011615723098, "3rd Quartile": 0.1950831929962713, "Standard Deviation": 0.7863843707576696}, "Cluster Statistics": {"Mean": -0.03804849389192949, "Median": -0.1498857798602065, "1st Quartile": -0.4259011615723098, "3rd Quartile": 0.1950831929962713, "Standard Deviation": 0.7863843707576696}}}], "RATING 12.0": [{"1": {"Comparison": "Cluster elements in lower half", "Credit Rating Statistics": {"Mean": 0.20143311833888564, "Median": 0.35279713957330167, "1st Quartile": -0.6202612684162429, "3rd Quartile": 1.2156168772706255, "Standard Deviation": 1.9645798910946761}, "Cluster Statistics": {"Mean": 0.20143311833888564, "Median": 0.35279713957330167, "1st Quartile": -0.6202612684162429, "3rd Quartile": 1.2156168772706255, "Standard Deviation": 1.9645798910946761}}}, {"8": {"Comparison": "Cluster elements in upper half", "Credit Rating Statistics": {"Mean": 0.12499016315957535, "Median": -0.09832955509881842, "1st Quartile": -0.6281997741692154, "3rd Quartile": 0.42752225562974694, "Standard Deviation": 1.710704513003867}, "Cluster Statistics": {"Mean": 0.12499016315957535, "Median": -0.09832955509881842, "1st Quartile": -0.6281997741692154, "3rd Quartile": 0.42752225562974694, "Standard Deviation": 1.710704513003867}}}, {"11": {"Comparison": "Cluster elements in upper half", "Credit Rating Statistics": {"Mean": -0.12961843595894312, "Median": -0.1619426318154305, "1st Quartile": -0.7033428536354236, "3rd Quartile": 0.3222317692504494, "Standard Deviation": 1.3204503468364965}, "Cluster Statistics": {"Mean": -0.12961843595894312, "Median": -0.1619426318154305, "1st Quartile": -0.7033428536354236, "3rd Quartile": 0.3222317692504494, "Standard Deviation": 1.3204503468364965}}}, {"14": {"Comparison": "Cluster elements in upper half", "Credit Rating Statistics": {"Mean": 0.061836279601151185, "Median": 0.005861415996210908, "1st Quartile": -0.49078499297544587, "3rd Quartile": 0.513252198045493, "Standard Deviation": 1.2663499786563088}, "Cluster Statistics": {"Mean": 0.061836279601151185, "Median": 0.005861415996210908, "1st Quartile": -0.49078499297544587, "3rd Quartile": 0.513252198045493, "Standard Deviation": 1.2663499786563088}}}, {"20": {"Comparison": "Cluster elements in upper half", "Credit Rating Statistics": {"Mean": 0.08514634754591784, "Median": 0.06996774766442755, "1st Quartile": -0.38744552688735506, "3rd Quartile": 0.5015551784237402, "Standard Deviation": 0.9327281356651358}, "Cluster Statistics": {"Mean": 0.08514634754591784, "Median": 0.06996774766442755, "1st Quartile": -0.38744552688735506, "3rd Quartile": 0.5015551784237402, "Standard Deviation": 0.9327281356651358}}}]}}}}