{"Algorithm Parameters": {"Threshold Value": 0.1, "Braching Factor": 12, "K": 2}, "Algorithm Performance": {"Calinski Harabasz Index": 30.966650876491087}, "Clusters Content Analysis": {"Predictive Power": {"Global": {"Metrics": {"Class: Upgrade": "No correct predictions for this class 1 false positives and 0 false negatives.", "Class: Downgrade": "No element of this class"}, "Confusion Matrix": {"predicted_down_AND_was_down": 0, "predicted_up_AND_was_up": 0, "predicted_no_change_AND_was_no_change": 0, "predicted_down_BUT_was_up": 0, "predicted_down_BUT_was_no_change": 52, "predicted_no_change_BUT_was_up": 0, "predicted_no_change_BUT_was_down": 0, "predicted_up_BUT_was_down": 1, "predicted_up_BUT_was_no_change": 33}}, "Restricted to jumps to or from below B-": {"Metrics": {"Class: Upgrade": "No element of this class", "Class: Downgrade": "No element of this class"}, "Confusion Matrix": {"predicted_down_AND_was_down": 0, "predicted_up_AND_was_up": 0, "predicted_no_change_AND_was_no_change": 0, "predicted_down_BUT_was_up": 0, "predicted_down_BUT_was_no_change": 52, "predicted_no_change_BUT_was_up": 0, "predicted_no_change_BUT_was_down": 0, "predicted_up_BUT_was_down": 0, "predicted_up_BUT_was_no_change": 34}}}, "Share of total companies in each clusters": [0.36046511627906974, 0.6395348837209303, {"SUM": 1.0}], "Clusters with significant ranges (count)": 2, "Significant Clusters (count)": 1, "Cluster Credit Ratings Shares": [{"AA-": 0.03225806451612903, "BB": 0.16129032258064516, "B": 0.16129032258064516, "A": 0.03225806451612903, "A-": 0.03225806451612903, "BBB+": 0.06451612903225806, "BBB": 0.22580645161290322, "BBB-": 0.06451612903225806, "BB+": 0.0967741935483871, "BB-": 0.03225806451612903, "B+": 0.06451612903225806, "CCC": 0.03225806451612903}, {"A-": 0.12727272727272726, "BBB+": 0.12727272727272726, "BBB": 0.21818181818181817, "BBB-": 0.12727272727272726, "AA-": 0.05454545454545454, "A+": 0.05454545454545454, "A": 0.05454545454545454, "BB+": 0.05454545454545454, "BB": 0.03636363636363636, "BB-": 0.07272727272727272, "B+": 0.01818181818181818, "B": 0.01818181818181818, "B-": 0.01818181818181818, "CC": 0.01818181818181818}], "Share of total companies with given credit rating in each cluter": [{"AA-": 0.25, "BB": 0.7142857142857143, "B": 0.8333333333333334, "A": 0.25, "A-": 0.125, "BBB+": 0.2222222222222222, "BBB": 0.3684210526315789, "BBB-": 0.2222222222222222, "BB+": 0.5, "BB-": 0.2, "B+": 0.6666666666666666, "CCC": 1.0}, {"A-": 0.875, "BBB+": 0.7777777777777778, "BBB": 0.631578947368421, "BBB-": 0.7777777777777778, "AA-": 0.75, "A+": 1.0, "A": 0.75, "BB+": 0.5, "BB": 0.2857142857142857, "BB-": 0.8, "B+": 0.3333333333333333, "B": 0.16666666666666666, "B-": 1.0, "CC": 1.0}], "Cluster ranges": [14.0, 16.0], "Cluster metrics of location and dispersion": [{"Mean": 11.064516129032258, "Median": 11.0, "1st Quartile": 9.0, "3rd Quartile": 13.5, "Standard Deviation": 3.0789135481264536, "Is Signficant": true}, {"Mean": 9.127272727272727, "Median": 9.0, "1st Quartile": 7.0, "3rd Quartile": 10.0, "Standard Deviation": 3.0632991451852307, "Is Signficant": false}], "Cluster entropies": [3.2243365392436383, 3.399658742969797], "Maximum entropy": 3.399658742969797, "Weighted average entropy": 3.3364612044173443, "Incoherencies explanations": {"CLUSTER 0": {"RATING BBB": [{"Leverage": {"Comparison": "Cluster elements in lower half", "Credit Rating Statistics": {"Mean": 0.09319466073978834, "Median": 0.09563636296115344, "1st Quartile": 0.08245380249473319, "3rd Quartile": 0.1034377056048901, "Standard Deviation": 0.01877950962043207}, "Cluster Statistics": {"Mean": 0.08550713700514584, "Median": 0.0912709562962205, "1st Quartile": 0.07941518126390586, "3rd Quartile": 0.09647145935078774, "Standard Deviation": 0.015808137782940008}}}, {"Profitability": {"Comparison": "Cluster elements in lower half", "Credit Rating Statistics": {"Mean": 0.1760321527778622, "Median": 0.18727393876618434, "1st Quartile": 0.13271172341075904, "3rd Quartile": 0.21562626448644953, "Standard Deviation": 0.05697029937094374}, "Cluster Statistics": {"Mean": 0.17133920833653213, "Median": 0.17606368795905536, "1st Quartile": 0.12040532335208395, "3rd Quartile": 0.22288810768298004, "Standard Deviation": 0.06680808460379391}}}, {"Financial Statement Lines": {"Comparison": "Cluster elements in upper half", "Credit Rating Statistics": {"Mean": 0.1292279306648767, "Median": 0.08372399423468455, "1st Quartile": 0.04223574921884174, "3rd Quartile": 0.17801677066673038, "Standard Deviation": 0.12206541354087816}, "Cluster Statistics": {"Mean": 0.12403500499322513, "Median": 0.1249365135150376, "1st Quartile": 0.057971296788734, "3rd Quartile": 0.17337736158859615, "Standard Deviation": 0.07354087914460176}}}, {"Liquidity": {"Comparison": "Cluster elements in highest 75%", "Credit Rating Statistics": {"Mean": 0.14676231744044954, "Median": 0.13102414878834204, "1st Quartile": 0.09582615116782492, "3rd Quartile": 0.159914491623087, "Standard Deviation": 0.08696680367461473}, "Cluster Statistics": {"Mean": 0.17327242415016775, "Median": 0.15350155960922124, "1st Quartile": 0.12733697514122652, "3rd Quartile": 0.21067036312437654, "Standard Deviation": 0.09876253626197722}}}, {"Efficiency": {"Comparison": "Cluster elements in lower half", "Credit Rating Statistics": {"Mean": 0.1359863583246704, "Median": 0.12814038333603586, "1st Quartile": 0.10271460980404298, "3rd Quartile": 0.15790169775708696, "Standard Deviation": 0.058872598515049376}, "Cluster Statistics": {"Mean": 0.12033502502048815, "Median": 0.12546305693241228, "1st Quartile": 0.09603634763266897, "3rd Quartile": 0.1446968175967342, "Standard Deviation": 0.037243746566179986}}}]}, "CLUSTER 1": {"RATING BBB": [{"Leverage": {"Comparison": "Cluster elements in highest 75%", "Credit Rating Statistics": {"Mean": 0.09319466073978834, "Median": 0.09563636296115344, "1st Quartile": 0.08245380249473319, "3rd Quartile": 0.1034377056048901, "Standard Deviation": 0.01877950962043207}, "Cluster Statistics": {"Mean": 0.10637327285631833, "Median": 0.10861353180540687, "1st Quartile": 0.10005662650774316, "3rd Quartile": 0.11546183916799548, "Standard Deviation": 0.015933146191182565}}}, {"Profitability": {"Comparison": "Cluster elements in lower half", "Credit Rating Statistics": {"Mean": 0.1760321527778622, "Median": 0.18727393876618434, "1st Quartile": 0.13271172341075904, "3rd Quartile": 0.21562626448644953, "Standard Deviation": 0.05697029937094374}, "Cluster Statistics": {"Mean": 0.18407720039157088, "Median": 0.19997162166692858, "1st Quartile": 0.15820054976332493, "3rd Quartile": 0.21200918409839248, "Standard Deviation": 0.032490655598738975}}}, {"Financial Statement Lines": {"Comparison": "Cluster elements in upper half", "Credit Rating Statistics": {"Mean": 0.1292279306648767, "Median": 0.08372399423468455, "1st Quartile": 0.04223574921884174, "3rd Quartile": 0.17801677066673038, "Standard Deviation": 0.12206541354087816}, "Cluster Statistics": {"Mean": 0.13813008895913653, "Median": 0.05167082503700322, "1st Quartile": 0.0316365370590011, "3rd Quartile": 0.15127207243733104, "Standard Deviation": 0.1761986990913657}}}, {"Liquidity": {"Comparison": "Cluster elements in lower half", "Credit Rating Statistics": {"Mean": 0.14676231744044954, "Median": 0.13102414878834204, "1st Quartile": 0.09582615116782492, "3rd Quartile": 0.159914491623087, "Standard Deviation": 0.08696680367461473}, "Cluster Statistics": {"Mean": 0.10131642022378975, "Median": 0.10265964762218457, "1st Quartile": 0.08367933390030594, "3rd Quartile": 0.12180921028168153, "Standard Deviation": 0.023182736648210987}}}, {"Efficiency": {"Comparison": "Cluster elements in highest 75%", "Credit Rating Statistics": {"Mean": 0.1359863583246704, "Median": 0.12814038333603586, "1st Quartile": 0.10271460980404298, "3rd Quartile": 0.15790169775708696, "Standard Deviation": 0.058872598515049376}, "Cluster Statistics": {"Mean": 0.16281721541755437, "Median": 0.15040697063861758,