{"Algorithm Parameters": {"Threshold Value": 10.1, "Braching Factor": 67, "K": 12}, "Algorithm Performance": {"Silhouette Score": 0.7643059319383724}, "Clusters Content Analysis": {"Clusters with significant ranges (count)": 1, "Significant Clusters (count)": 1, "Cluster Credit Ratings Counts": [{"9.0": 173, "6.0": 88, "8.0": 77, "11.0": 59, "12.0": 89, "14.0": 30, "3.0": 19, "15.0": 22, "5.0": 12, "18.0": 1, "17.0": 2, "1.0": 1, "2.0": 2}], "Cluster ranges": [17.0], "Cluster metrics of location and dispersion": [{"Mean": 9.290434782608695, "Median": 9.0, "1st Quartile": 8.0, "3rd Quartile": 11.5, "Standard Deviation": 2.8426862345949098, "Is Signficant": true}], "Cluster entropies": [2.84807235284833], "Maximum entropy": 2.84807235284833, "Weighted average entropy": 2.84807235284833, "Incoherencies explanations": {"CLUSTER 0": {"RATING 9.0": [{"1": {"Comparison": "Cluster elements in lower half", "Credit Rating Statistics": {"Mean": -0.45490155801451926, "Median": -0.42226905021197086, "1st Quartile": -2.0861879299720205, "3rd Quartile": 0.6943829175490563, "Standard Deviation": 2.209812842174588}, "Cluster Statistics": {"Mean": -0.45490155801451926, "Median": -0.42226905021197086, "1st Quartile": -2.0861879299720205, "3rd Quartile": 0.6943829175490563, "Standard Deviation": 2.209812842174588}}}, {"8": {"Comparison": "Cluster elements in upper half", "Credit Rating Statistics": {"Mean": -0.14602628956850233, "Median": -0.17860675230420814, "1st Quartile": -0.8909299531170308, "3rd Quartile": 0.5256777271994049, "Standard Deviation": 1.3210587979766246}, "Cluster Statistics": {"Mean": -0.14602628956850233, "Median": -0.17860675230420814, "1st Quartile": -0.8909299531170308, "3rd Quartile": 0.5256777271994049, "Standard Deviation": 1.3210587979766246}}}, {"12": {"Comparison": "Cluster elements in lower half", "Credit Rating Statistics": {"Mean": 0.03784007755074137, "Median": 0.17295397086752254, "1st Quartile": -0.5224010663687886, "3rd Quartile": 0.5092598435363046, "Standard Deviation": 1.111209594118965}, "Cluster Statistics": {"Mean": 0.03784007755074137, "Median": 0.17295397086752254, "1st Quartile": -0.5224010663687886, "3rd Quartile": 0.5092598435363046, "Standard Deviation": 1.111209594118965}}}, {"16": {"Comparison": "Cluster elements in upper half", "Credit Rating Statistics": {"Mean": 0.09442936443015296, "Median": 0.07073528896184351, "1st Quartile": -0.12945080902715797, "3rd Quartile": 0.2857441975430616, "Standard Deviation": 1.460074228053222}, "Cluster Statistics": {"Mean": 0.09442936443015296, "Median": 0.07073528896184351, "1st Quartile": -0.12945080902715797, "3rd Quartile": 0.2857441975430616, "Standard Deviation": 1.460074228053222}}}, {"22": {"Comparison": "Cluster elements in upper half", "Credit Rating Statistics": {"Mean": -0.05576134971736368, "Median": -0.16675927530310086, "1st Quartile": -0.4160794484444983, "3rd Quartile": 0.19884313679898555, "Standard Deviation": 0.6772477823563952}, "Cluster Statistics": {"Mean": -0.05576134971736368, "Median": -0.16675927530310086, "1st Quartile": -0.4160794484444983, "3rd Quartile": 0.19884313679898555, "Standard Deviation": 0.6772477823563952}}}], "RATING 6.0": [{"1": {"Comparison": "Cluster elements in lower half", "Credit Rating Statistics": {"Mean": 0.5050438173456683, "Median": 0.8005948475157001, "1st Quartile": -1.5158959855140597, "3rd Quartile": 2.6351586281761596, "Standard Deviation": 2.9153830749656566}, "Cluster Statistics": {"Mean": 0.5050438173456683, "Median": 0.8005948475157001, "1st Quartile": -1.5158959855140597, "3rd Quartile": 2.6351586281761596, "Standard Deviation": 2.9153830749656566}}}, {"9": {"Comparison": "Cluster elements in upper half", "Credit Rating Statistics": {"Mean": -0.1102698393351814, "Median": -0.2350472522926248, "1st Quartile": -0.5400611089453428, "3rd Quartile": 0.550527067427401, "Standard Deviation": 1.267917401671616}, "Cluster Statistics": {"Mean": -0.1102698393351814, "Median": -0.2350472522926248, "1st Quartile": -0.5400611089453428, "3rd Quartile": 0.550527067427401, "Standard Deviation": 1.267917401671616}}}, {"19": {"Comparison": "Cluster elements in upper half", "Credit Rating Statistics": {"Mean": 0.03976947980836261, "Median": -0.15270183254059788, "1st Quartile": -0.4771117348123628, "3rd Quartile": 0.2588041378775042, "Standard Deviation": 1.28508578490629}, "Cluster Statistics": {"Mean": 0.03976947980836261, "Median": -0.15270183254059788, "1st Quartile": -0.4771117348123628, "3rd Quartile": 0.2588041378775042, "Standard Deviation": 1.28508578490629}}}, {"20": {"Comparison": "Cluster elements in upper half", "Credit Rating Statistics": {"Mean": 0.11102338178012028, "Median": 0.08888648064668536, "1st Quartile": -0.26218858342382484, "3rd Quartile": 0.31810188007199647, "Standard Deviation": 0.9311181146243525}, "Cluster Statistics": {"Mean": 0.11102338178012028, "Median": 0.08888648064668536, "1st Quartile": -0.26218858342382484, "3rd Quartile": 0.31810188007199647, "Standard Deviation": 0.9311181146243525}}}, {"22": {"Comparison": "Cluster elements in upper half", "Credit Rating Statistics": {"Mean": -0.03805258313592607, "Median": -0.14989746871434453, "1st Quartile": -0.42579620329225176, "3rd Quartile": 0.19504689464295064, "Standard Deviation": 0.7863876079885738}, "Cluster Statistics": {"Mean": -0.03805258313592607, "Median": -0.14989746871434453, "1st Quartile": -0.42579620329225176, "3rd Quartile": 0.19504689464295064, "Standard Deviation": 0.7863876079885738}}}], "RATING 12.0": [{"1": {"Comparison": "Cluster elements in lower half", "Credit Rating Statistics": {"Mean": 0.20143311869674418, "Median": 0.35279714090123526, "1st Quartile": -0.6202612717652598, "3rd Quartile": 1.2156168800705596, "Standard Deviation": 1.9645798899615248}, "Cluster Statistics": {"Mean": 0.20143311869674418, "Median": 0.35279714090123526, "1st Quartile": -0.6202612717652598, "3rd Quartile": 1.2156168800705596, "Standard Deviation": 1.9645798899615248}}}, {"8": {"Comparison": "Cluster elements in upper half", "Credit Rating Statistics": {"Mean": 0.1249902223085695, "Median": -0.09832941329827181, "1st Quartile": -0.6281999184227792, "3rd Quartile": 0.4275222513304995, "Standard Deviation": 1.7107045271981975}, "Cluster Statistics": {"Mean": 0.1249902223085695, "Median": -0.09832941329827181, "1st Quartile": -0.6281999184227792, "3rd Quartile": 0.4275222513304995, "Standard Deviation": 1.7107045271981975}}}, {"11": {"Comparison": "Cluster elements in upper half", "Credit Rating Statistics": {"Mean": -0.12961826957482872, "Median": -0.1619419352537204, "1st Quartile": -0.7033433395531372, "3rd Quartile": 0.3222306110632635, "Standard Deviation": 1.3204501281126253}, "Cluster Statistics": {"Mean": -0.12961826957482872, "Median": -0.1619419352537204, "1st Quartile": -0.7033433395531372, "3rd Quartile": 0.3222306110632635, "Standard Deviation": 1.3204501281126253}}}, {"14": {"Comparison": "Cluster elements in upper half", "Credit Rating Statistics": {"Mean": 0.06183606517007304, "Median": 0.005862624917395384, "1st Quartile": -0.4907808805554678, "3rd Quartile": 0.5132530448124791, "Standard Deviation": 1.2663495617547802}, "Cluster Statistics": {"Mean": 0.06183606517007304, "Median": 0.005862624917395384, "1st Quartile": -0.4907808805554678, "3rd Quartile": 0.5132530448124791, "Standard Deviation": 1.2663495617547802}}}, {"20": {"Comparison": "Cluster elements in upper half", "Credit Rating Statistics": {"Mean": 0.0851463578234585, "Median": 0.06997518665194277, "1st Quartile": -0.3874428494974027, "3rd Quartile": 0.5015552703462082, "Standard Deviation": 0.9327270664971645}, "Cluster Statistics": {"Mean": 0.0851463578234585, "Median": 0.06997518665194277, "1st Quartile": -0.3874428494974027, "3rd Quartile": 0.5015552703462082, "Standard Deviation": 0.9327270664971645}}}]}}}}