{"Algorithm Parameters": {"Threshold Value": 0.35, "Braching Factor": 2, "K": 17}, "Algorithm Performance": {"Calinski Harabasz Index": 116.29736588510525}, "Clusters Content Analysis": {"Predictive Power": {"Global": {"Metrics": {"Class: Upgrade": "No element of this class", "Class: Downgrade": "No element of this class"}, "Confusion Matrix": {"predicted_down_AND_was_down": 0, "predicted_up_AND_was_up": 0, "predicted_no_change_AND_was_no_change": 0, "predicted_down_BUT_was_up": 0, "predicted_down_BUT_was_no_change": 119, "predicted_no_change_BUT_was_up": 0, "predicted_no_change_BUT_was_down": 0, "predicted_up_BUT_was_down": 0, "predicted_up_BUT_was_no_change": 79}}, "Restricted to jumps to or from below B-": {"Metrics": {"Class: Upgrade": "No element of this class", "Class: Downgrade": "No element of this class"}, "Confusion Matrix": {"predicted_down_AND_was_down": 0, "predicted_up_AND_was_up": 0, "predicted_no_change_AND_was_no_change": 0, "predicted_down_BUT_was_up": 0, "predicted_down_BUT_was_no_change": 119, "predicted_no_change_BUT_was_up": 0, "predicted_no_change_BUT_was_down": 0, "predicted_up_BUT_was_down": 0, "predicted_up_BUT_was_no_change": 79}}}, "Share of total companies in each clusters": [0.5505050505050505, 0.11616161616161616, 0.3333333333333333, {"SUM": 1.0}], "Clusters with significant ranges (count)": 3, "Significant Clusters (count)": 1, "Cluster Credit Ratings Shares": [{"AA": 0.027522935779816515, "AA-": 0.009174311926605505, "A": 0.03669724770642202, "A-": 0.22018348623853212, "BBB+": 0.29357798165137616, "BBB": 0.13761467889908258, "BBB-": 0.05504587155963303, "BB+": 0.03669724770642202, "BB": 0.10091743119266056, "BB-": 0.009174311926605505, "CCC+": 0.009174311926605505, "CCC": 0.009174311926605505, "A+": 0.009174311926605505, "B+": 0.01834862385321101, "B": 0.01834862385321101, "B-": 0.009174311926605505}, {"AA-": 0.043478260869565216, "A": 0.13043478260869565, "BBB-": 0.08695652173913043, "A+": 0.043478260869565216, "A-": 0.08695652173913043, "BBB+": 0.2608695652173913, "BBB": 0.2608695652173913, "BB-": 0.043478260869565216, "CC": 0.043478260869565216}, {"A": 0.045454545454545456, "A-": 0.15151515151515152, "BBB+": 0.18181818181818182, "BBB": 0.19696969696969696, "BBB-": 0.10606060606060606, "BB-": 0.06060606060606061, "AA": 0.015151515151515152, "AA-": 0.015151515151515152, "A+": 0.015151515151515152, "BB+": 0.045454545454545456, "BB": 0.07575757575757576, "B+": 0.030303030303030304, "B": 0.030303030303030304, "CCC": 0.030303030303030304}], "Share of total companies with given credit rating in each cluter": [{"AA": 0.75, "AA-": 0.3333333333333333, "A": 0.4, "A-": 0.6666666666666666, "BBB+": 0.64, "BBB": 0.4411764705882353, "BBB-": 0.4, "BB+": 0.5714285714285714, "BB": 0.6875, "BB-": 0.16666666666666666, "CCC+": 1.0, "CCC": 0.3333333333333333, "A+": 0.3333333333333333, "B+": 0.5, "B": 0.5, "B-": 1.0}, {"AA-": 0.3333333333333333, "A": 0.3, "BBB-": 0.13333333333333333, "A+": 0.3333333333333333, "A-": 0.05555555555555555, "BBB+": 0.12, "BBB": 0.17647058823529413, "BB-": 0.16666666666666666, "CC": 1.0}, {"A": 0.3, "A-": 0.2777777777777778, "BBB+": 0.24, "BBB": 0.38235294117647056, "BBB-": 0.4666666666666667, "BB-": 0.6666666666666666, "AA": 0.25, "AA-": 0.3333333333333333, "A+": 0.3333333333333333, "BB+": 0.42857142857142855, "BB": 0.3125, "B+": 0.5, "B": 0.5, "CCC": 0.6666666666666666}], "Cluster ranges": [15.0, 16.0, 15.0], "Cluster metrics of location and dispersion": [{"Mean": 8.79816513761468, "Median": 8.0, "1st Quartile": 7.0, "3rd Quartile": 10.0, "Standard Deviation": 2.643252849067927, "Is Signficant": false}, {"Mean": 8.521739130434783, "Median": 8.0, "1st Quartile": 7.0, "3rd Quartile": 9.0, "Standard Deviation": 3.0626723939750127, "Is Signficant": false}, {"Mean": 9.424242424242424, "Median": 9.0, "1st Quartile": 8.0, "3rd Quartile": 11.0, "Standard Deviation": 2.9027709126855874, "Is Signficant": true}], "Cluster entropies": [3.0345983682362268, 2.7942385860214767, 3.330523706835292], "Maximum entropy": 3.330523706835292, "Weighted average entropy": 3.105319567006929, "Incoherencies explanations": {"CLUSTER 0": {"RATING BBB+": [{"Leverage": {"Comparison": "Cluster elements in lower half", "Credit Rating Statistics": {"Mean": 0.1945244002203311, "Median": 0.19457427233080762, "1st Quartile": 0.18069108167131703, "3rd Quartile": 0.20631748969426883, "Standard Deviation": 0.0295845507584655}, "Cluster Statistics": {"Mean": 0.1929313079810948, "Median": 0.1900022662138639, "1st Quartile": 0.18077952852497156, "3rd Quartile": 0.19966626357505013, "Standard Deviation": 0.029402947462300807}}}, {"Profitability": {"Comparison": "Cluster elements in upper half", "Credit Rating Statistics": {"Mean": 0.3648017991575226, "Median": 0.3697201475368319, "1st Quartile": 0.34738254266606644, "3rd Quartile": 0.38298167957399715, "Standard Deviation": 0.035050613385868845}, "Cluster Statistics": {"Mean": 0.36972719798555875, "Median": 0.35944231646836283, "1st Quartile": 0.3413410613461584, "3rd Quartile": 0.3869918355634377, "Standard Deviation": 0.045555159363680195}}}, {"Financial Statement Lines": {"Comparison": "Cluster elements in highest 75%", "Credit Rating Statistics": {"Mean": 0.02921765202447324, "Median": 0.021048917542972716, "1st Quartile": 0.00779611341347943, "3rd Quartile": 0.03418804271725176, "Standard Deviation": 0.02945161237069476}, "Cluster Statistics": {"Mean": 0.05855391538027143, "Median": 0.03363259303125186, "1st Quartile": 0.026201258311073145, "3rd Quartile": 0.0971963293290343, "Standard Deviation": 0.04862566146003964}}}, {"Efficiency": {"Comparison": "Cluster elements in upper half", "Credit Rating Statistics": {"Mean": 0.06605171178072694, "Median": 0.06049316615148294, "1st Quartile": 0.041705823203617765, "3rd Quartile": 0.07425097254436533, "Standard Deviation": 0.03233800473375753}, "Cluster Statistics": {"Mean": 0.06099109869054862, "Median": 0.06581627471366627, "1st Quartile": 0.05371687477831853, "3rd Quartile": 0.07063567254548478, "Standard Deviation": 0.01813585191289141}}}, {"Performance": {"Comparison": "Cluster elements in highest 75%", "Credit Rating Statistics": {"Mean": 0.03557304869913276, "Median": 0.034252835223482325, "1st Quartile": 0.03358405603735824, "3rd Quartile": 0.034959973315543694, "Standard Deviation": 0.005007152646689161}, "Cluster Statistics": {"Mean": 0.03873026462085836, "Median": 0.03593729152768513, "1st Quartile": 0.03439126084056037, "3rd Quartile": 0.043752501667778526, "Standard Deviation": 0.006525496181777273}}}], "RATING BBB": [{"Leverage": {"Comparison": "Cluster elements in lower half", "Credit Rating Statistics": {"Mean": 0.1854127321343446, "Median": 0.17950700035299247, "1st Quartile": 0.17093157790150454, "3rd Quartile": 0.1963353040340619, "Standard Deviation": 0.027171503625569398}, "Cluster Statistics": {"Mean": 0.1789244347971719, "Median": 0.18365695109528465, "1st Quartile": 0.15697811446262516, "3rd Quartile": 0.19107309100666914, "Standard Deviation": 0.03769716692441029}}}, {"Profitability": {"Comparison": "Cluster elements in upper half", "Credit Rating Statistics": {"Mean": 0.33601635840333827, "Median": 0.32785301081102536, "1st Quartile": 0.31567685167534965, "3rd Quartile": 0.3604780275425784, "Standard Deviation": 0.038044110669172425}, "Cluster Statistics": {"Mean": 0.3553377604086141, "Median": 0.3613714267461172, "1st Quartile": 0.3078861589873204, "3rd Quartile": 0.4063944391646485, "Standard Deviation": 0.06312868836517337}}}, {"Financial Statement Lines": {"Comparison": "Cluster elements in upper half", "Credit Rating Statistics": {"Mean": 0.028617363624859893, "Median": 0.01152324982016759, "1st Quartile": 0.005738178117851218, "3rd Quartile": 0.03463721108112779, "Standard Deviation": 0.03879003135866054}, "Cluster Statistics": {"Mean": 0.03056697908895394, "Median": 0.02905016009031144, "1st Quartile": 0.015758740373226117, "3rd Quartile": 0.03696829433151472,