{"Algorithm Parameters": {"Threshold Value": 9.35, "Braching Factor": 27, "K": 23}, "Algorithm Performance": {"Calinski Harabasz Index": 22037.709856509482}, "Clusters Content Analysis": {"Predictive Power": {"Global": {"Metrics": {"Class: Upgrade": {"Accuracy": 0.42857142857142855, "Precision": 0.45454545454545453, "Recall": 0.6, "F1-Score": 0.5172413793103449}, "Class: Downgrade": {"Accuracy": 0.5, "Precision": 0.45454545454545453, "Recall": 0.3333333333333333, "F1-Score": 0.3846153846153846}}, "Confusion Matrix": {"predicted_down_AND_was_down": 2, "predicted_up_AND_was_up": 3, "predicted_no_change_AND_was_no_change": 3, "predicted_down_BUT_was_up": 2, "predicted_down_BUT_was_no_change": 376, "predicted_no_change_BUT_was_up": 0, "predicted_no_change_BUT_was_down": 0, "predicted_up_BUT_was_down": 4, "predicted_up_BUT_was_no_change": 373}}, "Restricted to jumps to or from below B-": {"Metrics": {"Class: Upgrade": "No element of this class", "Class: Downgrade": "No element of this class"}, "Confusion Matrix": {"predicted_down_AND_was_down": 0, "predicted_up_AND_was_up": 0, "predicted_no_change_AND_was_no_change": 3, "predicted_down_BUT_was_up": 0, "predicted_down_BUT_was_no_change": 380, "predicted_no_change_BUT_was_up": 0, "predicted_no_change_BUT_was_down": 0, "predicted_up_BUT_was_down": 0, "predicted_up_BUT_was_no_change": 380}}}, "Share of total companies in each clusters": [0.002621231979030144, 0.011795543905635648, 0.001310615989515072, 0.1651376146788991, 0.10353866317169069, 0.001310615989515072, 0.010484927916120577, 0.010484927916120577, 0.03014416775884666, 0.04456094364351245, 0.13892529488859764, 0.02621231979030144, 0.014416775884665793, 0.003931847968545216, 0.027522935779816515, 0.06684141546526867, 0.007863695937090432, 0.007863695937090432, 0.10747051114023591, 0.20707732634338138, 0.005242463958060288, 0.003931847968545216, 0.001310615989515072, {"SUM": 1.0}], "Clusters with significant ranges (count)": 15, "Significant Clusters (count)": 3, "Cluster Credit Ratings Shares": [{"1.0": 0.5, "4.0": 0.5}, {"1.0": 0.1111111111111111, "4.0": 0.3333333333333333, "7.0": 0.1111111111111111, "9.0": 0.4444444444444444}, {"2.0": 1.0}, {"2.0": 0.007936507936507936, "6.0": 0.023809523809523808, "7.0": 0.06349206349206349, "8.0": 0.05555555555555555, "9.0": 0.18253968253968253, "10.0": 0.1349206349206349, "11.0": 0.11904761904761904, "12.0": 0.15873015873015872, "13.0": 0.09523809523809523, "14.0": 0.10317460317460317, "15.0": 0.023809523809523808, "16.0": 0.007936507936507936, "17.0": 0.023809523809523808}, {"2.0": 0.012658227848101266, "5.0": 0.0379746835443038, "6.0": 0.0379746835443038, "7.0": 0.1518987341772152, "8.0": 0.20253164556962025, "9.0": 0.2911392405063291, "10.0": 0.08860759493670886, "11.0": 0.0759493670886076, "12.0": 0.0379746835443038, "13.0": 0.02531645569620253, "14.0": 0.0379746835443038}, {"3.0": 1.0}, {"3.0": 0.125, "4.0": 0.125, "6.0": 0.125, "8.0": 0.375, "9.0": 0.125, "11.0": 0.125}, {"3.0": 0.125, "5.0": 0.125, "6.0": 0.25, "7.0": 0.125, "8.0": 0.25, "9.0": 0.125}, {"3.0": 0.043478260869565216, "4.0": 0.043478260869565216, "5.0": 0.043478260869565216, "6.0": 0.17391304347826086, "7.0": 0.13043478260869565, "8.0": 0.30434782608695654, "9.0": 0.08695652173913043, "10.0": 0.13043478260869565, "11.0": 0.043478260869565216}, {"3.0": 0.029411764705882353, "4.0": 0.029411764705882353, "5.0": 0.11764705882352941, "6.0": 0.20588235294117646, "7.0": 0.17647058823529413, "8.0": 0.20588235294117646, "9.0": 0.14705882352941177, "10.0": 0.058823529411764705, "11.0": 0.029411764705882353}, {"4.0": 0.018867924528301886, "5.0": 0.018867924528301886, "6.0": 0.03773584905660377, "7.0": 0.08490566037735849, "8.0": 0.2358490566037736, "9.0": 0.24528301886792453, "10.0": 0.18867924528301888, "11.0": 0.07547169811320754, "12.0": 0.05660377358490566, "13.0": 0.02830188679245283, "15.0": 0.009433962264150943}, {"4.0": 0.05, "5.0": 0.05, "6.0": 0.25, "7.0": 0.2, "8.0": 0.1, "9.0": 0.15, "10.0": 0.05, "11.0": 0.05, "12.0": 0.1}, {"4.0": 0.09090909090909091, "5.0": 0.18181818181818182, "6.0": 0.18181818181818182, "7.0": 0.2727272727272727, "8.0": 0.09090909090909091, "10.0": 0.09090909090909091, "11.0": 0.09090909090909091}, {"4.0": 0.3333333333333333, "7.0": 0.3333333333333333, "8.0": 0.3333333333333333}, {"5.0": 0.14285714285714285, "7.0": 0.09523809523809523, "8.0": 0.2857142857142857, "9.0": 0.14285714285714285, "10.0": 0.19047619047619047, "11.0": 0.14285714285714285}, {"5.0": 0.058823529411764705, "6.0": 0.058823529411764705, "7.0": 0.21568627450980393, "8.0": 0.23529411764705882, "9.0": 0.17647058823529413, "10.0": 0.13725490196078433, "11.0": 0.0784313725490196, "12.0": 0.0196078431372549, "13.0": 0.0196078431372549}, {"6.0": 0.16666666666666666, "7.0": 0.3333333333333333, "8.0": 0.3333333333333333, "10.0": 0.16666666666666666}, {"6.0": 0.3333333333333333, "7.0": 0.16666666666666666, "8.0": 0.3333333333333333, "9.0": 0.16666666666666666}, {"6.0": 0.012195121951219513, "7.0": 0.07317073170731707, "8.0": 0.10975609756097561, "9.0": 0.2073170731707317, "10.0": 0.1951219512195122, "11.0": 0.10975609756097561, "12.0": 0.0975609756097561, "13.0": 0.12195121951219512, "14.0": 0.036585365853658534, "16.0": 0.012195121951219513, "17.0": 0.024390243902439025}, {"7.0": 0.012658227848101266, "9.0": 0.0379746835443038, "10.0": 0.05063291139240506, "11.0": 0.08227848101265822, "12.0": 0.20253164556962025, "13.0": 0.16455696202531644, "14.0": 0.23417721518987342, "15.0": 0.11392405063291139, "16.0": 0.08227848101265822, "17.0": 0.0189873417721519}, {"7.0": 0.25, "8.0": 0.5, "12.0": 0.25}, {"7.0": 0.3333333333333333, "9.0": 0.6666666666666666}, {"9.0": 1.0}], "Share of total companies with given credit rating in each cluter": [{"1.0": 0.5, "4.0": 0.08333333333333333}, {"1.0": 0.5, "4.0": 0.25, "7.0": 0.013513513513513514, "9.0": 0.031496062992125984}, {"2.0": 0.3333333333333333}, {"2.0": 0.3333333333333333, "6.0": 0.07894736842105263, "7.0": 0.10810810810810811, "8.0": 0.0673076923076923, "9.0": 0.18110236220472442, "10.0": 0.19540229885057472, "11.0": 0.23809523809523808, "12.0": 0.273972602739726, "13.0": 0.2222222222222222, "14.0": 0.23214285714285715, "15.0": 0.13636363636363635, "16.0": 0.06666666666666667, "17.0": 0.375}, {"2.0": 0.3333333333333333, "5.0": 0.15, "6.0": 0.07894736842105263, "7.0": 0.16216216216216217, "8.0": 0.15384615384615385, "9.0": 0.18110236220472442, "10.0": 0.08045977011494253, "11.0": 0.09523809523809523, "12.0": 0.0410958904109589, "13.0": 0.037037037037037035, "14.0": 0.05357142857142857}, {"3.0": 0.2}, {"3.0": 0.2, "4.0": 0.08333333333333333, "6.0": 0.02631578947368421, "8.0": 0.028846153846153848, "9.0": 0.007874015748031496, "11.0": 0.015873015873015872}, {"3.0": 0.2, "5.0": 0.05, "6.0": 0.05263157894736842, "7.0": 0.013513513513513514, "8.0": 0.019230769230769232, "9.0": 0.007874015748031496}, {"3.0": 0.2, "4.0": 0.08333333333333333, "5.0": 0.05, "6.0": 0.10526315789473684, "7.0": 0.04054054054054054, "8.0": 0.0673076923076923, "9.0": 0.015748031496062992, "10.0": 0.034482758620689655, "11.0": 0.015873015873015872}, {"3.0": 0.2, "4.0": 0.08333333333333333, "5.0": 0.2, "6.0": 0.18421052631578946, "7.0": 0.08108108108108109, "8.0": 0.0673076923076923, "9.0": 0.03937007874015748, "10.0": 0.022988505747126436, "11.0": 0.015873015873015872}, {"4.0": 0.16666666666666666, "5.0": 0.1, "6.0": 0.10526315789473684, "7.0": 0.12162162162162163, "8.0": 0.2403846153846154, "9.0": 0.2047244094488189, "10.0": 0.22988505747126436, "11.0": 0.12698412698412698, "12.0": 0.0821917808219178, "13.0": 0.05555555555555555, "15.0": 0.045454545454545456}, {"4.0": 0.08333333333333333, "5.0": 0.05, "6.0": 0.13157894736842105, "7.0": 0.05405405405405406, "8.0": 0.019230769230769232, "9.0": 0.023622047244094488, "10.0": 0.011494252873563218, "11.0": 0.015873015873015872, "12.0": 0.0273972602739726}, {"4.0": 0.08333333333333333, "5.0": 0.1, "6.0": 0.05263157894736842, "7.0": 0.04054054054054054, "8.0": 0.009615384615384616,